사고년도,사망자수,부상자수,중상자수,경상자수,부상신고자수,시도,시군구,사고유형 대분류,사고유형 중분류,사고유형,가해자법규위반,도로형태 대분류,도로형태,가해당사자 종별,피해당사자 종별,주야구분,발생일,발생시간,발생요일,발생위치X좌표 (EPSG 5179),발생위치Y좌표 (EPSG 5179),경도좌표,위도좌표
2012,1,1,,,,서울특별시,송파구,차대사람,기타,기타,안전운전 의무 불이행,단일로,기타단일로,승용차,보행자,주간,10/4/2012,16,수요일,964805,1946527,127.1017315,37.51736556
2012,1,1,,,,서울특별시,송파구,차대사람,기타,기타,안전운전 의무 불이행,교차로,교차로부근,승용차,보행자,주간,11/14/2012,12,목요일,965478,1943995,127.1094649,37.49456533
2012,1,1,,,,서울특별시,송파구,차대사람,횡단중,횡단중,안전운전 의무 불이행,단일로,기타단일로,승용차,보행자,야간,12/15/2012,20,수요일,968452,1943869,127.1431135,37.49353606
2012,1,2,1,,,서울특별시,양천구,차대차,측면충돌,측면충돌,안전운전 의무 불이행,단일로,기타단일로,승용차,승용차,주간,1/30/2012,12,월요일,940368,1948282,126.8250764,37.53192009
2012,1,1,,,,서울특별시,양천구,차대차,기타,기타,안전운전 의무 불이행,단일로,기타단일로,자전거,승합차,주간,2/10/2012,15,금요일,944080,1946560,126.8672104,37.51663937
2012,1,1,,,,서울특별시,양천구,차대사람,차도통행중,차도통행중,안전운전 의무 불이행,단일로,기타단일로,승합차,보행자,주간,2/23/2012,13,일요일,941300,1947434,126.8356898,37.52434226
2012,1,1,,,,서울특별시,양천구,차대사람,횡단중,횡단중,보행자 보호의무 위반,단일로,횡단보도상,승합차,보행자,야간,3/20/2012,19,토요일,944562,1947932,126.8725632,37.52903083
2012,1,1,,,,서울특별시,양천구,차대사람,차도통행중,차도통행중,안전운전 의무 불이행,교차로,교차로내,화물차,보행자,야간,3/27/2012,19,토요일,941538,1947075,126.8384083,37.52111988
2012,1,1,,,,서울특별시,양천구,차대사람,횡단중,횡단중,과속,단일로,기타단일로,승용차,보행자,야간,4/20/2012,0,금요일,943772,1950137,126.8634525,37.54885766
2012,1,1,,,,서울특별시,양천구,차대차,정면충돌,정면충돌,중앙선 침범,단일로,기타단일로,승용차,화물차,야간,4/22/2012,3,일요일,940868,1946349,126.8308806,37.51453188
2012,1,1,,,,서울특별시,양천구,차량단독,공작물충돌,공작물충돌,안전운전 의무 불이행,교차로,교차로부근,승용차,없음,야간,5/5/2012,3,토요일,943461,1947979,126.8600993,37.52938758
2012,1,1,,,,서울특별시,양천구,차대사람,횡단중,횡단중,안전운전 의무 불이행,단일로,기타단일로,원동기장치자전거,보행자,야간,5/13/2012,20,일요일,943781,1949098,126.863634,37.53949726
2012,1,1,,,,서울특별시,양천구,차대차,측면충돌,측면충돌,중앙선 침범,교차로,교차로부근,자전거,승용차,주간,6/23/2012,10,목요일,944962,1947378,126.8771327,37.52406064
2012,1,1,,,,서울특별시,양천구,차대차,측면충돌,측면충돌,신호위반,교차로,교차로내,원동기장치자전거,승용차,주간,12/25/2012,13,월요일,943817,1945678,126.8643042,37.50867025
2012,1,1,,,,서울특별시,양천구,차대사람,횡단중,횡단중,안전운전 의무 불이행,단일로,기타단일로,화물차,보행자,주간,12/28/2012,10,목요일,940946,1948775,126.8315726,37.53640428
2012,1,1,,,,서울특별시,양천구,차대사람,횡단중,횡단중,안전운전 의무 불이행,단일로,기타단일로,승합차,보행자,주간,12/30/2012,10,토요일,943798,1949206,126.8638204,37.54046812
2012,1,1,,,,서울특별시,양천구,차대사람,횡단중,횡단중,안전운전 의무 불이행,단일로,횡단보도상,승용차,보행자,야간,12/30/2012,20,토요일,942894,1946727,126.8537798,37.51806829
2012,1,1,,,,서울특별시,영등포구,차대사람,횡단중,횡단중,안전운전 의무 불이행,단일로,기타단일로,승합차,보행자,야간,1/16/2012,18,월요일,947288,1946929,126.9034859,37.52015053
2012,1,1,,,,서울특별시,영등포구,차대사람,횡단중,횡단중,안전운전 의무 불이행,단일로,횡단보도부근,승용차,보행자,야간,2/4/2012,23,토요일,948776,1946205,126.9203711,37.51371061
2012,1,1,,,,서울특별시,영등포구,차량단독,공작물충돌,공작물충돌,안전운전 의무 불이행,단일로,기타단일로,승용차,없음,주간,2/22/2012,6,토요일,946924,1943187,126.8996326,37.48640056
2012,1,1,,,,서울특별시,영등포구,차대사람,기타,기타,안전운전 의무 불이행,단일로,기타단일로,승용차,보행자,야간,2/29/2012,5,토요일,947292,1946947,126.9035299,37.52031299
2012,1,1,,,,서울특별시,영등포구,차대사람,횡단중,횡단중,안전운전 의무 불이행,단일로,횡단보도상,승합차,보행자,주간,3/4/2012,6,수요일,947394,1946890,126.9046882,37.51980507
2012,1,1,,,,서울특별시,영등포구,차대사람,기타,기타,안전운전 의무 불이행,기타/불명,기타/불명,화물차,보행자,주간,3/7/2012,16,토요일,946740,1947292,126.897263,37.52339174
2012,1,1,,,,서울특별시,영등포구,차대사람,기타,기타,안전운전 의무 불이행,단일로,횡단보도부근,승용차,보행자,야간,3/12/2012,21,목요일,947820,1946800,126.9095152,37.51901808
2012,1,1,,,,서울특별시,영등포구,차대사람,보도통행중,보도통행중,기타,단일로,기타단일로,화물차,보행자,야간,4/2/2012,1,금요일,948554,1947582,126.9177662,37.52610761
2012,1,1,,,,서울특별시,영등포구,차대사람,횡단중,횡단중,안전운전 의무 불이행,단일로,횡단보도상,승용차,보행자,야간,4/10/2012,19,토요일,947364,1944519,126.9045185,37.49843314
2012,1,1,,,,서울특별시,영등포구,차대차,기타,기타,안전운전 의무 불이행,단일로,기타단일로,승합차,이륜차,야간,4/18/2012,0,일요일,947429,1948273,126.9049853,37.53227223
2012,1,1,,,,서울특별시,영등포구,차대사람,차도통행중,차도통행중,안전운전 의무 불이행,단일로,기타단일로,승합차,보행자,야간,4/19/2012,20,목요일,947697,1944391,126.9082947,37.49729838
2012,1,1,,,,서울특별시,영등포구,차대사람,횡단중,횡단중,안전운전 의무 불이행,교차로,교차로부근,승합차,보행자,주간,5/1/2012,14,화요일,948731,1944522,126.9199827,37.49853712
2012,1,1,,,,서울특별시,영등포구,차대사람,기타,기타,중앙선 침범,단일로,횡단보도상,원동기장치자전거,보행자,주간,5/3/2012,14,목요일,947345,1943573,126.9043679,37.48990557
2012,1,1,,,,서울특별시,영등포구,차대차,측면충돌,측면충돌,중앙선 침범,단일로,교량위,원동기장치자전거,승용차,주간,5/6/2012,11,일요일,945252,1947353,126.8804152,37.52385347
2012,1,1,,,,서울특별시,영등포구,차대차,기타,기타,안전운전 의무 불이행,교차로,교차로내,승용차,승용차,야간,6/8/2012,1,일요일,949287,1947672,126.9260552,37.5269594
2012,1,1,,,,서울특별시,영등포구,차대사람,횡단중,횡단중,안전운전 의무 불이행,단일로,기타단일로,승합차,보행자,주간,6/11/2012,17,수요일,946594,1947104,126.89562,37.5216879
2012,2,3,1,,,서울특별시,영등포구,차대차,정면충돌,정면충돌,중앙선 침범,단일로,고가도로위,승용차,승용차,야간,6/16/2012,3,월요일,948084,1946746,126.9125063,37.51854627
2012,1,1,,,,서울특별시,영등포구,차대사람,횡단중,횡단중,안전운전 의무 불이행,교차로,교차로부근,화물차,보행자,주간,6/21/2012,16,화요일,945031,1946616,126.8779694,37.51719767
2012,1,10,2,1,6,서울특별시,영등포구,차대차,측면충돌,측면충돌,안전거리 미확보,단일로,기타단일로,승용차,승합차,주간,6/22/2012,15,수요일,946687,1946154,126.8967413,37.5131308
2012,1,1,,,,서울특별시,영등포구,차대차,정면충돌,정면충돌,중앙선 침범,단일로,기타단일로,자전거,승용차,주간,6/29/2012,10,수요일,947072,1944207,126.9012377,37.49560433
2012,1,1,,,,서울특별시,영등포구,차량단독,전도전복,전도전복,안전운전 의무 불이행,교차로,교차로부근,이륜차,없음,야간,7/17/2012,1,화요일,947490,1948263,126.9056764,37.53218558
2012,1,1,,,,서울특별시,영등포구,차량단독,공작물충돌,공작물충돌,안전운전 의무 불이행,단일로,기타단일로,승용차,없음,야간,7/20/2012,21,금요일,946237,1949047,126.8914378,37.53917963
2012,1,1,,,,서울특별시,영등포구,차대차,기타,기타,안전운전 의무 불이행,단일로,기타단일로,화물차,이륜차,주간,9/4/2012,14,금요일,946325,1947932,126.8925154,37.52913515
2012,1,1,,,,서울특별시,영등포구,차대사람,기타,기타,안전운전 의무 불이행,단일로,기타단일로,화물차,보행자,야간,9/9/2012,3,수요일,946245,1948476,126.8915736,37.53403634
2012,1,1,,,,서울특별시,영등포구,차대사람,횡단중,횡단중,안전운전 의무 불이행,교차로,교차로내,승용차,보행자,야간,9/9/2012,23,수요일,948746,1944670,126.9201421,37.49987191
2012,1,1,,,,서울특별시,영등포구,차량단독,공작물충돌,공작물충돌,안전운전 의무 불이행,단일로,교량위,승용차,없음,주간,9/20/2012,9,수요일,948024,1946706,126.9118325,37.51817967
2012,1,1,,,,서울특별시,영등포구,차대사람,횡단중,횡단중,안전운전 의무 불이행,단일로,기타단일로,승용차,보행자,야간,9/24/2012,4,일요일,948482,1946531,126.9170205,37.51662983
2012,1,1,,,,서울특별시,영등포구,차대차,정면충돌,정면충돌,신호위반,교차로,교차로내,원동기장치자전거,건설기계,야간,11/6/2012,19,수요일,949302,1947649,126.9262265,37.52675292
2012,1,1,,,,서울특별시,영등포구,차대사람,횡단중,횡단중,안전운전 의무 불이행,단일로,횡단보도부근,승합차,보행자,야간,11/28/2012,18,일요일,947447,1947366,126.9052539,37.52409835
2012,1,1,,,,서울특별시,영등포구,차대사람,횡단중,횡단중,안전운전 의무 불이행,교차로,교차로부근,승용차,보행자,야간,1/1/2013,0,월요일,947457,1947510,126.9053568,37.52539681
2012,1,1,,,,서울특별시,영등포구,차대사람,기타,기타,안전운전 의무 불이행,교차로,교차로부근,승용차,보행자,주간,1/11/2013,11,목요일,947919,1947267,126.9106046,37.52323283
2012,1,1,,,,서울특별시,용산구,차대사람,길가장자리구역통행중,길가장자리구역통행중,안전운전 의무 불이행,교차로,교차로내,승용차,보행자,야간,2/5/2012,2,일요일,953501,1948446,126.9736962,37.53415778
2012,1,1,,,,서울특별시,용산구,차량단독,공작물충돌,공작물충돌,안전운전 의무 불이행,단일로,기타단일로,이륜차,없음,주간,2/10/2012,14,금요일,956313,1947703,127.0055672,37.52759847
2012,1,4,,3,,서울특별시,용산구,차대사람,횡단중,횡단중,안전운전 의무 불이행,단일로,기타단일로,승합차,보행자,야간,3/18/2012,23,수요일,953395,1950482,126.9723672,37.55250334
2012,1,1,,,,서울특별시,용산구,차대사람,기타,기타,안전운전 의무 불이행,단일로,횡단보도상,승합차,보행자,야간,4/29/2012,20,일요일,953374,1950353,126.9721377,37.55133957
2012,1,1,,,,서울특별시,용산구,차대사람,차도통행중,차도통행중,안전운전 의무 불이행,단일로,기타단일로,승용차,보행자,주간,6/23/2012,12,목요일,952875,1948404,126.9666138,37.53374744
2012,1,1,,,,서울특별시,용산구,차량단독,공작물충돌,공작물충돌,안전운전 의무 불이행,단일로,기타단일로,승용차,없음,주간,7/16/2012,7,월요일,952025,1947180,126.9570734,37.52267142
2012,1,1,,,,서울특별시,용산구,차량단독,공작물충돌,공작물충돌,안전운전 의무 불이행,단일로,기타단일로,화물차,없음,주간,8/22/2012,7,토요일,956593,1948173,127.0087083,37.53184794
2012,1,2,1,,,서울특별시,용산구,차대사람,보도통행중,보도통행중,안전운전 의무 불이행,교차로,교차로부근,승용차,보행자,주간,9/10/2012,10,목요일,953615,1950128,126.9748802,37.54932377
2012,1,1,,,,서울특별시,용산구,차대사람,차도통행중,차도통행중,안전운전 의무 불이행,단일로,기타단일로,승용차,보행자,야간,9/24/2012,2,일요일,953173,1950104,126.9698724,37.54908597
2012,1,2,,1,,서울특별시,용산구,차대차,측면충돌,측면충돌,신호위반,교차로,교차로내,이륜차,이륜차,야간,10/13/2012,19,금요일,952439,1947149,126.9617604,37.52241345
2012,1,1,,,,서울특별시,용산구,차량단독,공작물충돌,공작물충돌,안전운전 의무 불이행,단일로,기타단일로,승용차,없음,야간,1/11/2013,5,목요일,956144,1949168,127.0035671,37.54079489
2012,1,1,,,,서울특별시,은평구,차대사람,차도통행중,차도통행중,안전운전 의무 불이행,단일로,기타단일로,승용차,보행자,야간,1/16/2012,1,월요일,949860,1957179,126.9318905,37.61268024
2012,1,3,1,1,,서울특별시,은평구,차대사람,보도통행중,보도통행중,기타,단일로,기타단일로,승용차,보행자,주간,2/11/2012,16,토요일,949830,1956726,126.9315805,37.60859388
2012,1,1,,,,서울특별시,은평구,차대사람,횡단중,횡단중,안전운전 의무 불이행,단일로,기타단일로,승합차,보행자,주간,2/24/2012,14,월요일,945699,1954573,126.884939,37.5889542
2012,1,1,,,,서울특별시,은평구,차대사람,보도통행중,보도통행중,신호위반,단일로,횡단보도상,승합차,보행자,주간,3/10/2012,17,화요일,945663,1954626,126.8845307,37.58942888
2012,1,1,,,,서울특별시,은평구,차대사람,횡단중,횡단중,안전운전 의무 불이행,단일로,횡단보도상,승용차,보행자,야간,3/25/2012,0,목요일,950142,1956002,126.9351646,37.60208539
2012,1,1,,,,서울특별시,은평구,차대사람,횡단중,횡단중,안전운전 의무 불이행,단일로,기타단일로,승용차,보행자,야간,4/3/2012,19,토요일,948417,1956281,126.9156047,37.6045058
2012,1,1,,,,서울특별시,은평구,차대차,측면충돌,측면충돌,안전운전 의무 불이행,교차로,교차로내,승용차,이륜차,주간,4/20/2012,17,금요일,949463,1958326,126.9273132,37.62299735
2012,1,1,,,,서울특별시,은평구,차대차,측면충돌,측면충돌,안전운전 의무 불이행,단일로,기타단일로,승합차,이륜차,주간,5/1/2012,12,화요일,949836,1959364,126.9314675,37.6323706
2012,1,1,,,,서울특별시,은평구,차량단독,공작물충돌,공작물충돌,안전운전 의무 불이행,단일로,기타단일로,이륜차,없음,야간,5/13/2012,5,일요일,948962,1954269,126.9219146,37.58640551
2012,1,1,,,,서울특별시,은평구,차대사람,횡단중,횡단중,안전운전 의무 불이행,단일로,횡단보도상,화물차,보행자,야간,5/31/2012,5,토요일,948821,1958511,126.9200243,37.62462652
2012,1,1,,,,서울특별시,은평구,차대차,측면충돌,측면충돌,신호위반,교차로,교차로내,원동기장치자전거,승용차,주간,6/24/2012,11,금요일,948749,1959153,126.9191634,37.63040886
2012,1,2,1,,,서울특별시,은평구,차대차,정면충돌,정면충돌,신호위반,교차로,교차로내,원동기장치자전거,승용차,야간,7/18/2012,21,수요일,945890,1954363,126.8871178,37.58707272
2012,1,1,,,,서울특별시,은평구,차대사람,횡단중,횡단중,안전운전 의무 불이행,단일로,횡단보도상,승합차,보행자,주간,7/30/2012,6,월요일,947164,1953364,126.9016193,37.57814272
2012,1,3,1,1,,서울특별시,은평구,차대사람,횡단중,횡단중,안전운전 의무 불이행,단일로,기타단일로,승합차,보행자,주간,10/6/2012,15,금요일,948877,1957979,126.9206915,37.61983379
2012,1,2,1,,,서울특별시,은평구,차대사람,횡단중,횡단중,과속,단일로,횡단보도상,승합차,보행자,야간,10/11/2012,20,수요일,949622,1961242,126.9289115,37.64928711
2012,1,1,,,,서울특별시,은평구,차대사람,횡단중,횡단중,안전운전 의무 불이행,단일로,기타단일로,승합차,보행자,주간,10/29/2012,15,화요일,949473,1957262,126.9274955,37.6134035
2012,1,1,,,,서울특별시,은평구,차량단독,공작물충돌,공작물충돌,안전운전 의무 불이행,단일로,기타단일로,이륜차,없음,주간,11/9/2012,7,토요일,949716,1961316,126.9299731,37.64995742
2012,1,1,,,,서울특별시,은평구,차량단독,공작물충돌,공작물충돌,안전운전 의무 불이행,교차로,교차로부근,승용차,없음,야간,11/24/2012,1,수요일,948807,1958377,126.9198761,37.6234189
2012,1,1,,,,서울특별시,은평구,차량단독,기타,기타,안전운전 의무 불이행,단일로,기타단일로,이륜차,없음,야간,11/24/2012,3,수요일,948661,1957491,126.9182828,37.61542612
2012,1,2,1,,,서울특별시,은평구,차대사람,횡단중,횡단중,안전운전 의무 불이행,단일로,기타단일로,승용차,보행자,야간,12/5/2012,23,일요일,948551,1958429,126.9169682,37.62387146
2012,1,1,,,,서울특별시,은평구,차대사람,횡단중,횡단중,안전운전 의무 불이행,단일로,기타단일로,승합차,보행자,야간,12/27/2012,0,수요일,946699,1953757,126.8963258,37.58165895
2012,1,1,,,,서울특별시,종로구,차대사람,차도통행중,차도통행중,안전운전 의무 불이행,단일로,기타단일로,승용차,보행자,야간,1/21/2012,1,토요일,957370,1952786,127.0172342,37.57346239
2012,1,1,,,,서울특별시,종로구,차대사람,횡단중,횡단중,안전운전 의무 불이행,단일로,횡단보도부근,승용차,보행자,야간,3/1/2012,1,토요일,956189,1952527,127.0038758,37.57107252
2012,1,1,,,,서울특별시,종로구,차대사람,횡단중,횡단중,안전운전 의무 불이행,단일로,기타단일로,승용차,보행자,야간,3/23/2012,22,화요일,952673,1952693,126.9640507,37.57239466
2012,1,1,,,,서울특별시,종로구,차대사람,횡단중,횡단중,안전운전 의무 불이행,교차로,교차로내,승용차,보행자,야간,4/22/2012,5,일요일,953799,1952417,126.9768189,37.56996423
2012,1,1,,,,서울특별시,종로구,차대사람,횡단중,횡단중,안전운전 의무 불이행,단일로,기타단일로,화물차,보행자,주간,5/3/2012,13,목요일,954607,1953227,126.9859182,37.5773051
2012,1,2,,1,,서울특별시,종로구,차대차,정면충돌,정면충돌,중앙선 침범,단일로,기타단일로,이륜차,승용차,야간,7/21/2012,3,토요일,953073,1952199,126.968612,37.56796264
2012,1,1,,,,서울특별시,종로구,차대사람,기타,기타,안전운전 의무 불이행,단일로,기타단일로,화물차,보행자,주간,8/10/2012,16,금요일,952693,1955006,126.9641278,37.5932431
2012,1,1,,,,서울특별시,종로구,차대사람,보도통행중,보도통행중,신호위반,단일로,기타단일로,화물차,보행자,주간,9/15/2012,10,화요일,955045,1952910,126.9909001,37.57447033
2012,1,2,,1,,서울특별시,종로구,차대차,측면충돌,측면충돌,중앙선 침범,단일로,기타단일로,이륜차,승용차,주간,10/6/2012,16,금요일,952667,1955080,126.9638285,37.59390873
2012,1,1,,,,서울특별시,종로구,차대사람,횡단중,횡단중,안전운전 의무 불이행,단일로,기타단일로,승용차,보행자,주간,10/22/2012,9,화요일,955781,1954878,126.9991104,37.59224122
2012,1,2,,1,,서울특별시,종로구,차대사람,횡단중,횡단중,안전운전 의무 불이행,단일로,기타단일로,승용차,보행자,야간,12/16/2012,4,목요일,954102,1952439,126.9802486,37.57017767
2012,1,1,,,,서울특별시,종로구,차대차,추돌,주정차중 충돌,안전운전 의무 불이행,단일로,기타단일로,승용차,화물차,주간,12/28/2012,7,목요일,956510,1952520,127.00751,37.57102464
2012,1,4,,3,,서울특별시,중구,차대차,측면충돌,측면충돌,신호위반,교차로,교차로내,승합차,승용차,야간,1/16/2012,2,월요일,955269,1952221,126.9934766,37.56827294
2012,1,1,,,,서울특별시,중구,차대사람,기타,기타,신호위반,교차로,교차로부근,화물차,보행자,야간,1/29/2012,18,일요일,955720,1951550,126.998624,37.56224416
2012,1,1,,,,서울특별시,중구,차대사람,횡단중,횡단중,보행자 보호의무 위반,단일로,기타단일로,승합차,보행자,야간,2/2/2012,18,목요일,952748,1951206,126.9649959,37.55899593
2012,1,1,,,,서울특별시,중구,차대차,정면충돌,정면충돌,중앙선 침범,단일로,기타단일로,승용차,승용차,야간,3/7/2012,23,토요일,953453,1951618,126.9729517,37.56274526
2012,1,1,,,,서울특별시,중구,차대사람,횡단중,횡단중,안전운전 의무 불이행,단일로,기타단일로,승용차,보행자,주간,5/3/2012,13,목요일,952693,1950577,126.9644138,37.55332381
2012,1,1,,,,서울특별시,중구,차대사람,횡단중,횡단중,안전운전 의무 불이행,단일로,기타단일로,승합차,보행자,야간,6/18/2012,21,토요일,955211,1950838,126.9929043,37.55580213
2012,1,1,,,,서울특별시,중구,차대사람,횡단중,횡단중,안전운전 의무 불이행,기타/불명,기타/불명,승합차,보행자,야간,7/17/2012,0,일요일,953832,1951747,126.9772348,37.56392705
2012,1,1,,,,서울특별시,중구,차대사람,차도통행중,차도통행중,안전운전 의무 불이행,교차로,교차로내,승용차,보행자,주간,7/22/2012,7,일요일,954737,1951826,126.987477,37.56468402
2012,1,1,,,,서울특별시,중구,차대차,측면충돌,측면충돌,중앙선 침범,교차로,교차로부근,이륜차,승용차,야간,10/5/2012,21,목요일,955466,1951769,126.9957347,37.56420581
2012,1,1,,,,서울특별시,중구,차대사람,횡단중,횡단중,안전운전 의무 불이행,단일로,횡단보도부근,승용차,보행자,주간,10/15/2012,17,일요일,956806,1950776,127.0109658,37.55531949
2012,2,3,1,,,서울특별시,중구,차량단독,공작물충돌,공작물충돌,안전운전 의무 불이행,단일로,기타단일로,승용차,없음,야간,12/9/2012,2,목요일,955501,1951206,126.9961686,37.55913487
2012,1,1,,,,서울특별시,중랑구,차대사람,횡단중,횡단중,신호위반,교차로,교차로부근,승용차,보행자,야간,1/26/2012,21,목요일,964090,1955497,127.0932003,37.59818414
2012,1,1,,,,서울특별시,중랑구,차대사람,횡단중,횡단중,안전운전 의무 불이행,단일로,기타단일로,승합차,보행자,주간,2/25/2012,7,화요일,962876,1953647,127.0795419,37.58146136
2012,1,1,,,,서울특별시,중랑구,차대차,기타,기타,안전운전 의무 불이행,단일로,기타단일로,불명,승용차,야간,3/15/2012,2,일요일,962911,1954471,127.0798965,37.58888973
2012,1,7,6,,,서울특별시,중랑구,차대차,추돌,주정차중 충돌,안전운전 의무 불이행,단일로,기타단일로,승용차,화물차,주간,3/20/2012,11,토요일,962236,1957535,127.0720929,37.61647889
2012,1,1,,,,서울특별시,중랑구,차대사람,횡단중,횡단중,안전운전 의무 불이행,단일로,기타단일로,자전거,보행자,주간,3/27/2012,11,토요일,964041,1954542,127.0926921,37.58957453
2012,1,1,,,,서울특별시,중랑구,차대사람,횡단중,횡단중,안전운전 의무 불이행,단일로,횡단보도상,승용차,보행자,야간,3/30/2012,23,화요일,964726,1955695,127.1003954,37.59999339
2012,1,1,,,,서울특별시,중랑구,차대사람,길가장자리구역통행중,길가장자리구역통행중,안전운전 의무 불이행,단일로,기타단일로,건설기계,보행자,주간,4/11/2012,17,일요일,962740,1957025,127.0778296,37.6119027
2012,1,1,,,,서울특별시,중랑구,차대차,측면충돌,측면충돌,안전거리 미확보,교차로,교차로내,승용차,이륜차,주간,4/20/2012,13,금요일,962259,1954926,127.0724881,37.59296425
2012,1,1,,,,서울특별시,중랑구,차대사람,횡단중,횡단중,안전운전 의무 불이행,단일로,기타단일로,승용차,보행자,주간,5/22/2012,6,목요일,962499,1955001,127.0752028,37.59365006
2012,1,1,,,,서울특별시,중랑구,차대사람,횡단중,횡단중,기타,단일로,기타단일로,승용차,보행자,야간,6/6/2012,0,금요일,962262,1957073,127.0724114,37.61231584
2012,1,1,,,,서울특별시,중랑구,차대사람,횡단중,횡단중,보행자 보호의무 위반,단일로,기타단일로,승합차,보행자,주간,12/26/2012,15,화요일,963573,1953432,127.0874464,37.57955136
2012,1,1,,,,부산광역시,강서구,차대차,기타,기타,안전운전 의무 불이행,단일로,기타단일로,승용차,특수차,야간,1/16/2012,5,월요일,1133801,1691738,128.9700367,35.21208835
2012,1,1,,,,부산광역시,강서구,차량단독,기타,기타,기타,단일로,기타단일로,화물차,없음,주간,1/30/2012,15,월요일,1126574,1681574,128.889099,35.12140531
2012,1,3,,2,,부산광역시,강서구,차대차,측면충돌,측면충돌,안전운전 의무 불이행,단일로,횡단보도상,이륜차,승합차,주간,2/20/2012,17,목요일,1127944,1678014,128.9035764,35.08913664
2012,1,3,1,1,,부산광역시,강서구,차대차,정면충돌,정면충돌,중앙선 침범,교차로,교차로부근,승합차,화물차,야간,3/14/2012,18,토요일,1120868,1679370,128.826168,35.10223443
2012,1,2,,1,,부산광역시,강서구,차대차,측면충돌,측면충돌,안전운전 의무 불이행,단일로,기타단일로,승용차,특수차,야간,3/18/2012,0,수요일,1131579,1692837,128.9458047,35.22228805
2012,1,4,3,,,부산광역시,강서구,차량단독,공작물충돌,공작물충돌,안전운전 의무 불이행,단일로,기타단일로,승용차,없음,주간,4/1/2012,12,목요일,1123539,1682239,128.8558955,35.12777364
2012,2,9,7,,,부산광역시,강서구,차대차,추돌,주정차중 충돌,안전운전 의무 불이행,단일로,기타단일로,승용차,화물차,야간,4/8/2012,21,목요일,1133277,1685286,128.963234,35.15400024
2012,1,1,,,,부산광역시,강서구,차대사람,기타,기타,기타,기타/불명,기타/불명,화물차,보행자,주간,5/1/2012,16,화요일,1134801,1691643,128.9810024,35.21109726
2012,1,1,,,,부산광역시,강서구,차대차,기타,기타,안전거리 미확보,단일로,기타단일로,이륜차,화물차,주간,5/4/2012,12,금요일,1125046,1679689,128.8720458,35.10460007
2012,1,1,,,,부산광역시,강서구,차량단독,공작물충돌,공작물충돌,안전운전 의무 불이행,단일로,교량위,승용차,없음,야간,5/6/2012,18,일요일,1130212,1678562,128.9285406,35.09378511
2012,1,2,,1,,부산광역시,강서구,차대차,기타,기타,신호위반,교차로,교차로부근,이륜차,화물차,주간,5/12/2012,14,토요일,1129794,1680745,128.9242941,35.11351864
2012,1,1,,,,부산광역시,강서구,차량단독,전도전복,전도전복,안전운전 의무 불이행,기타/불명,기타/불명,원동기장치자전거,없음,야간,6/2/2012,5,월요일,1128991,1678030,128.9150617,35.0891474
2012,1,2,1,,,부산광역시,강서구,차대차,추돌,주정차중 충돌,안전운전 의무 불이행,교차로,교차로부근,화물차,화물차,야간,6/3/2012,18,화요일,1129348,1680872,128.9194211,35.11472089
2012,1,1,,,,부산광역시,강서구,차대차,기타,기타,안전운전 의무 불이행,단일로,기타단일로,승용차,승용차,야간,6/7/2012,19,토요일,1131430,1684921,128.9429057,35.15095044
2012,1,1,,,,부산광역시,강서구,차대차,기타,기타,안전거리 미확보,단일로,기타단일로,원동기장치자전거,특수차,주간,6/18/2012,17,토요일,1127531,1687240,128.9004704,35.17235722
2012,1,1,,,,부산광역시,강서구,차대차,추돌,진행중 추돌,안전운전 의무 불이행,단일로,기타단일로,화물차,화물차,주간,6/22/2012,17,수요일,1131692,1683055,128.9454838,35.13409538
2012,1,1,,,,부산광역시,강서구,차량단독,공작물충돌,공작물충돌,안전운전 의무 불이행,단일로,교량위,승용차,없음,주간,7/11/2012,16,월요일,1131765,1678121,128.9455001,35.08960608
2012,1,1,,,,부산광역시,강서구,차량단독,공작물충돌,공작물충돌,안전운전 의무 불이행,단일로,기타단일로,승용차,없음,야간,8/8/2012,1,수요일,1132365,1684787,128.9531462,35.14961986
2012,1,1,,,,부산광역시,강서구,차대사람,횡단중,횡단중,안전운전 의무 불이행,단일로,기타단일로,승용차,보행자,야간,8/13/2012,0,월요일,1133006,1691841,128.9613192,35.21312167
2012,1,1,,,,부산광역시,강서구,차량단독,전도전복,전도전복,안전운전 의무 불이행,단일로,기타단일로,특수차,없음,야간,8/23/2012,3,일요일,1121012,1675407,128.8271687,35.06649114
2012,1,1,,,,부산광역시,강서구,차대차,기타,기타,안전운전 의무 불이행,단일로,기타단일로,승용차,승합차,주간,9/17/2012,7,목요일,1130930,1685750,128.9375441,35.15849316
2012,1,1,,,,부산광역시,강서구,차대차,추돌,주정차중 충돌,안전운전 의무 불이행,단일로,기타단일로,이륜차,화물차,주간,9/20/2012,14,수요일,1121053,1684085,128.8288876,35.14471712
2012,1,1,,,,부산광역시,강서구,차대차,추돌,진행중 추돌,안전운전 의무 불이행,단일로,기타단일로,승용차,화물차,야간,10/6/2012,2,금요일,1128881,1686130,128.9151179,35.16217891
2012,1,1,,,,부산광역시,강서구,차대차,기타,기타,신호위반,단일로,기타단일로,이륜차,승용차,야간,10/15/2012,20,일요일,1126790,1681328,128.8914267,35.11915607
2012,1,1,,,,부산광역시,강서구,차대사람,횡단중,횡단중,신호위반,단일로,횡단보도상,승용차,보행자,주간,11/6/2012,6,수요일,1127219,1681841,128.8962167,35.12372366