사고년도,사망자수,부상자수,중상자수,경상자수,부상신고자수,시도,시군구,사고유형 대분류,사고유형 중분류,사고유형,가해자법규위반,도로형태 대분류,도로형태,가해당사자 종별,피해당사자 종별,주야구분,발생일,발생시간,발생요일,발생위치X좌표 (EPSG 5179),발생위치Y좌표 (EPSG 5179),경도좌표,위도좌표
2012,1,1,,,,부산광역시,연제구,차대사람,횡단중,횡단중,과속,단일로,기타단일로,승용차,보행자,야간,3/22/2012,1,월요일,1145531,1689235,129.0984237,35.18789327
2012,1,1,,,,부산광역시,연제구,차대차,추돌,진행중 추돌,안전운전 의무 불이행,단일로,기타단일로,승용차,이륜차,야간,4/5/2012,5,월요일,1143916,1689387,129.0807181,35.18949614
2012,1,1,,,,부산광역시,연제구,차대사람,횡단중,횡단중,안전운전 의무 불이행,단일로,기타단일로,승합차,보행자,야간,4/20/2012,23,금요일,1143514,1688201,129.0760977,35.17886339
2012,1,1,,,,부산광역시,연제구,차량단독,공작물충돌,공작물충돌,안전운전 의무 불이행,교차로,교차로부근,원동기장치자전거,없음,야간,5/2/2012,0,수요일,1143821,1690013,129.0797843,35.19515234
2012,1,1,,,,부산광역시,연제구,차대사람,기타,기타,신호위반,단일로,횡단보도상,승용차,보행자,야간,5/11/2012,3,금요일,1146340,1688421,129.1071617,35.18043861
2012,1,1,,,,부산광역시,연제구,차대사람,기타,기타,과속,단일로,기타단일로,승용차,보행자,야간,5/23/2012,23,금요일,1146341,1688248,129.107142,35.17887911
2012,1,1,,,,부산광역시,연제구,차대차,기타,기타,안전운전 의무 불이행,단일로,횡단보도상,화물차,자전거,주간,6/15/2012,12,일요일,1146351,1688412,129.1072808,35.18035588
2012,1,1,,,,부산광역시,연제구,차대사람,차도통행중,차도통행중,보행자 보호의무 위반,단일로,횡단보도상,건설기계,보행자,주간,6/23/2012,10,목요일,934538,1963844,126.7576957,37.671781
2012,1,1,,,,부산광역시,연제구,차대차,측면충돌,측면충돌,안전운전 의무 불이행,단일로,기타단일로,건설기계,이륜차,주간,6/29/2012,16,수요일,1144344,1688079,129.0851885,35.17764477
2012,1,1,,,,부산광역시,영도구,차대차,추돌,진행중 추돌,교차로 통행방법 위반,교차로,교차로내,원동기장치자전거,승합차,주간,3/17/2012,16,화요일,1142293,1679049,129.0611169,35.09654212
2012,1,1,,,,부산광역시,영도구,차대사람,횡단중,횡단중,안전운전 의무 불이행,단일로,횡단보도부근,승용차,보행자,야간,4/22/2012,3,일요일,1142603,1678821,129.0644776,35.09444311
2012,1,1,,,,부산광역시,영도구,차대사람,횡단중,횡단중,안전운전 의무 불이행,단일로,기타단일로,건설기계,보행자,주간,4/25/2012,8,수요일,1140752,1678489,129.0441184,35.09170717
2012,1,1,,,,부산광역시,영도구,차대차,기타,기타,안전거리 미확보,단일로,횡단보도부근,이륜차,승용차,주간,6/28/2012,8,화요일,1142337,1679112,129.0616103,35.09710378
2012,1,1,,,,부산광역시,영도구,차량단독,전도전복,전도전복,안전운전 의무 불이행,단일로,기타단일로,이륜차,없음,주간,8/28/2012,16,금요일,1140356,1677903,129.0396785,35.08648376
2012,1,1,,,,부산광역시,영도구,차대차,기타,기타,중앙선 침범,단일로,기타단일로,자전거,승용차,야간,8/31/2012,23,월요일,1143823,1676373,129.0774326,35.07220369
2012,1,1,,,,부산광역시,영도구,차대차,추돌,진행중 추돌,안전거리 미확보,단일로,기타단일로,자전거,승용차,주간,10/14/2012,11,토요일,1142918,1678736,129.0679176,35.09363229
2012,1,6,4,1,,부산광역시,영도구,차량단독,공작물충돌,공작물충돌,안전운전 의무 불이행,단일로,기타단일로,승용차,없음,주간,12/1/2012,11,수요일,1143656,1676633,129.0756466,35.07457112
2012,1,1,,,,부산광역시,영도구,차대사람,횡단중,횡단중,안전운전 의무 불이행,단일로,횡단보도상,승용차,보행자,야간,12/11/2012,19,토요일,1140460,1677859,129.040816,35.0860771
2012,1,1,,,,부산광역시,영도구,차대사람,횡단중,횡단중,보행자 보호의무 위반,단일로,횡단보도상,승용차,보행자,야간,1/14/2013,23,일요일,1140796,1677153,129.0443707,35.07966373
2012,1,1,,,,부산광역시,중구,차대사람,횡단중,횡단중,과속,단일로,기타단일로,승용차,보행자,야간,2/3/2012,2,금요일,1139666,1679149,129.0323218,35.09781115
2012,1,1,,,,부산광역시,중구,차대사람,횡단중,횡단중,안전운전 의무 불이행,단일로,기타단일로,승용차,보행자,야간,7/17/2012,20,일요일,1138859,1679446,129.0235206,35.1005999
2012,1,1,,,,부산광역시,중구,차대사람,기타,기타,신호위반,단일로,기타단일로,건설기계,보행자,주간,12/10/2012,7,금요일,1139047,1679728,129.02563,35.10311594
2012,1,2,1,,,부산광역시,진구,차대사람,횡단중,횡단중,안전운전 의무 불이행,단일로,기타단일로,승용차,보행자,야간,2/5/2012,0,일요일,1139651,1684970,129.0331405,35.15028385
2012,1,1,,,,부산광역시,진구,차대사람,보도통행중,보도통행중,기타,단일로,기타단일로,화물차,보행자,주간,2/20/2012,11,목요일,1138224,1684721,129.0174397,35.14823472
2012,1,1,,,,부산광역시,진구,차대사람,횡단중,횡단중,안전운전 의무 불이행,단일로,기타단일로,화물차,보행자,야간,2/24/2012,19,월요일,1141185,1686506,129.0502385,35.16391135
2012,1,1,,,,부산광역시,진구,차량단독,공작물충돌,공작물충돌,안전운전 의무 불이행,교차로,교차로부근,승용차,없음,야간,2/26/2012,1,수요일,1142647,1684948,129.0660204,35.14966941
2012,1,1,,,,부산광역시,진구,차량단독,도로이탈,도로이탈 기타,안전운전 의무 불이행,단일로,기타단일로,이륜차,없음,주간,5/8/2012,8,화요일,1141365,1686752,129.0522543,35.1661071
2012,1,1,,,,부산광역시,진구,차대사람,횡단중,횡단중,보행자 보호의무 위반,단일로,기타단일로,화물차,보행자,주간,5/11/2012,7,금요일,1142147,1686718,129.0608345,35.16569028
2012,1,1,,,,부산광역시,진구,차대사람,기타,기타,안전운전 의무 불이행,단일로,기타단일로,화물차,보행자,주간,5/25/2012,8,일요일,1142235,1686187,129.0617089,35.16088787
2012,1,1,,,,부산광역시,진구,차대차,측면충돌,측면충돌,중앙선 침범,단일로,기타단일로,이륜차,승용차,야간,6/30/2012,1,목요일,1139655,1685403,129.0332576,35.15418635
2012,1,1,,,,부산광역시,진구,차대사람,기타,기타,안전운전 의무 불이행,교차로,교차로내,승용차,보행자,주간,7/5/2012,8,화요일,1139927,1686329,129.0363999,35.16249544
2012,1,1,,,,부산광역시,진구,차대사람,기타,기타,안전운전 의무 불이행,교차로,교차로부근,승용차,보행자,야간,7/31/2012,3,화요일,1141287,1685812,129.0512393,35.15764499
2012,1,1,,,,부산광역시,진구,차대사람,기타,기타,안전운전 의무 불이행,단일로,기타단일로,승용차,보행자,야간,8/14/2012,18,화요일,1143283,1687393,129.0734213,35.17161324
2012,1,2,1,,,부산광역시,진구,차대차,기타,기타,안전운전 의무 불이행,기타/불명,기타/불명,이륜차,승용차,야간,8/30/2012,4,일요일,1141422,1687195,129.0529559,35.17009312
2012,1,1,,,,부산광역시,진구,차대사람,기타,기타,안전운전 의무 불이행,단일로,기타단일로,승용차,보행자,야간,9/13/2012,5,일요일,1141606,1687493,129.0550291,35.1727524
2012,1,1,,,,부산광역시,진구,차대사람,기타,기타,보행자 보호의무 위반,단일로,횡단보도상,승용차,보행자,야간,9/14/2012,4,월요일,1141127,1685335,129.0494017,35.15336783
2012,1,1,,,,부산광역시,진구,차대사람,기타,기타,안전운전 의무 불이행,단일로,기타단일로,승용차,보행자,야간,9/18/2012,4,월요일,1142044,1684284,129.0592851,35.14376511
2012,1,1,,,,부산광역시,진구,차대사람,기타,기타,과속,단일로,고가도로위,화물차,보행자,야간,10/19/2012,1,토요일,1140446,1686291,129.0420902,35.16208052
2012,1,1,,,,부산광역시,진구,차대사람,횡단중,횡단중,안전운전 의무 불이행,단일로,기타단일로,승용차,보행자,야간,10/23/2012,22,수요일,1142119,1686015,129.0604061,35.15935751
2012,1,1,,,,부산광역시,진구,차대사람,기타,기타,안전운전 의무 불이행,기타/불명,기타/불명,승합차,보행자,주간,11/3/2012,13,일요일,1140045,1687398,129.0378765,35.1721149
2012,1,1,,,,부산광역시,진구,차대사람,횡단중,횡단중,안전운전 의무 불이행,단일로,횡단보도부근,승용차,보행자,야간,11/28/2012,3,일요일,1142050,1684420,129.0593689,35.14499112
2012,1,1,,,,부산광역시,진구,차대사람,횡단중,횡단중,안전운전 의무 불이행,단일로,기타단일로,승용차,보행자,주간,12/10/2012,8,금요일,1139591,1685175,129.0325166,35.15214005
2012,1,1,,,,부산광역시,진구,차대사람,기타,기타,안전운전 의무 불이행,단일로,횡단보도상,승용차,보행자,야간,1/15/2013,5,월요일,1141521,1688003,129.0541835,35.17736145
2012,1,1,,,,부산광역시,해운대구,차대사람,기타,기타,안전운전 의무 불이행,단일로,기타단일로,화물차,보행자,주간,1/29/2012,16,일요일,1148267,1693892,129.1293021,35.22946874
2012,1,11,8,2,,부산광역시,해운대구,차대차,정면충돌,정면충돌,중앙선 침범,단일로,기타단일로,승용차,화물차,야간,2/12/2012,1,일요일,1149709,1686195,129.143744,35.15987809
2012,1,1,,,,부산광역시,해운대구,차대차,추돌,주정차중 충돌,안전운전 의무 불이행,단일로,기타단일로,승용차,승합차,야간,5/6/2012,2,일요일,1149904,1693903,129.1472865,35.22932445
2012,1,2,,1,,부산광역시,해운대구,차대차,측면충돌,측면충돌,중앙선 침범,단일로,횡단보도부근,승용차,승용차,야간,5/9/2012,23,수요일,1147883,1687720,129.1239758,35.1738941
2012,2,2,,,,부산광역시,해운대구,차대사람,횡단중,횡단중,안전운전 의무 불이행,단일로,횡단보도부근,승합차,보행자,야간,6/16/2012,22,월요일,1155204,1688751,129.2045387,35.18208045
2012,1,1,,,,부산광역시,해운대구,차량단독,공작물충돌,공작물충돌,안전운전 의무 불이행,단일로,기타단일로,승용차,없음,주간,7/7/2012,11,목요일,1152018,1688353,129.169484,35.17898233
2012,1,1,,,,부산광역시,해운대구,차대사람,기타,기타,안전운전 의무 불이행,단일로,기타단일로,승용차,보행자,야간,8/26/2012,22,수요일,1153631,1688174,129.187158,35.17712353
2012,1,1,,,,부산광역시,해운대구,차대사람,횡단중,횡단중,과속,단일로,기타단일로,승용차,보행자,야간,9/1/2012,21,화요일,1149318,1692805,129.1406555,35.21951241
2012,1,1,,,,부산광역시,해운대구,차대차,기타,기타,안전운전 의무 불이행,교차로,교차로부근,승용차,승용차,야간,9/18/2012,0,월요일,1155133,1689617,129.2039179,35.18989868
2012,1,1,,,,부산광역시,해운대구,차대사람,기타,기타,안전운전 의무 불이행,단일로,기타단일로,승용차,보행자,야간,10/7/2012,2,토요일,1150906,1694508,129.1584043,35.23462717
2012,1,1,,,,부산광역시,해운대구,차대차,측면충돌,측면충돌,신호위반,교차로,교차로부근,원동기장치자전거,승용차,야간,10/10/2012,20,화요일,1150850,1686462,129.1563159,35.16211408
2012,1,1,,,,부산광역시,해운대구,차대사람,기타,기타,안전운전 의무 불이행,단일로,기타단일로,불명,보행자,야간,10/14/2012,1,토요일,1147714,1687896,129.1221521,35.17550535
2012,1,1,,,,부산광역시,해운대구,차대사람,기타,기타,안전운전 의무 불이행,교차로,교차로부근,화물차,보행자,주간,10/18/2012,15,금요일,1148071,1688291,129.1261421,35.17901313
2012,1,13,5,7,,부산광역시,해운대구,차대차,기타,기타,중앙선 침범,단일로,기타단일로,화물차,승합차,주간,10/26/2012,11,토요일,1147388,1690603,129.1190552,35.19995295
2012,1,1,,,,부산광역시,해운대구,차대차,추돌,진행중 추돌,안전운전 의무 불이행,단일로,터널안,승용차,건설기계,주간,10/28/2012,7,월요일,1151199,1687645,129.1603621,35.17272449
2012,1,1,,,,부산광역시,해운대구,차대사람,횡단중,횡단중,안전운전 의무 불이행,단일로,기타단일로,승용차,보행자,야간,11/1/2012,21,금요일,1147131,1689491,129.1160366,35.18996756
2012,1,1,,,,대전광역시,대덕구,차대사람,횡단중,횡단중,안전운전 의무 불이행,교차로,교차로내,승용차,보행자,야간,2/12/2012,0,일요일,993444,1817957,127.4269261,36.35901393
2012,1,1,,,,대전광역시,대덕구,차대차,추돌,주정차중 충돌,안전운전 의무 불이행,단일로,기타단일로,승용차,특수차,야간,2/29/2012,0,토요일,993155,1823012,127.4236603,36.40458456
2012,1,1,,,,대전광역시,대덕구,차대차,추돌,주정차중 충돌,안전운전 의무 불이행,단일로,기타단일로,화물차,화물차,주간,3/6/2012,14,금요일,993846,1819579,127.4313995,36.37363954
2012,1,1,,,,대전광역시,대덕구,차대사람,횡단중,횡단중,안전운전 의무 불이행,단일로,기타단일로,승합차,보행자,야간,3/12/2012,22,목요일,993672,1819096,127.4294581,36.36928398
2012,1,1,,,,대전광역시,대덕구,차대사람,횡단중,횡단중,안전운전 의무 불이행,단일로,기타단일로,승용차,보행자,야간,3/27/2012,20,토요일,992394,1817801,127.4152242,36.35759979
2012,1,1,,,,대전광역시,대덕구,차량단독,기타,기타,안전운전 의무 불이행,단일로,기타단일로,자전거,없음,주간,5/14/2012,15,월요일,993303,1819674,127.4253397,36.37449237
2012,1,1,,,,대전광역시,대덕구,차대사람,횡단중,횡단중,안전운전 의무 불이행,단일로,기타단일로,승용차,보행자,야간,6/26/2012,21,일요일,993613,1828372,127.4287241,36.45290967
2012,1,1,,,,대전광역시,대덕구,차대사람,횡단중,횡단중,안전운전 의무 불이행,교차로,교차로내,화물차,보행자,야간,8/11/2012,20,화요일,992457,1816757,127.4159365,36.34818821
2012,1,1,,,,대전광역시,대덕구,차대사람,횡단중,횡단중,안전운전 의무 불이행,단일로,기타단일로,승용차,보행자,야간,10/13/2012,1,금요일,993599,1827817,127.4285724,36.44790611
2012,1,1,,,,대전광역시,대덕구,차대사람,횡단중,횡단중,안전운전 의무 불이행,단일로,기타단일로,화물차,보행자,야간,10/14/2012,5,토요일,993093,1817964,127.4230137,36.35907458
2012,1,1,,,,대전광역시,대덕구,차대차,추돌,진행중 추돌,안전운전 의무 불이행,단일로,기타단일로,승용차,승용차,야간,11/23/2012,5,화요일,996602,1817264,127.4621341,36.35277899
2012,1,1,,,,대전광역시,대덕구,차량단독,공작물충돌,공작물충돌,안전운전 의무 불이행,교차로,교차로내,승용차,없음,야간,11/29/2012,0,월요일,993627,1819263,127.4289551,36.37078925
2012,1,1,,,,대전광역시,대덕구,차대사람,횡단중,횡단중,안전운전 의무 불이행,단일로,기타단일로,화물차,보행자,주간,12/12/2012,12,일요일,993639,1827204,127.4290238,36.44238002
2012,1,2,1,,,대전광역시,대덕구,차대차,측면충돌,측면충돌,신호위반,교차로,교차로내,이륜차,승합차,야간,12/18/2012,20,월요일,993622,1819250,127.4288995,36.37067202
2012,1,1,,,,대전광역시,동구,차대차,측면충돌,측면충돌,신호위반,교차로,교차로내,승합차,승합차,주간,2/4/2012,6,토요일,998207,1807794,127.4800384,36.26741037
2012,1,1,,,,대전광역시,동구,차대사람,횡단중,횡단중,안전운전 의무 불이행,단일로,기타단일로,승용차,보행자,주간,3/12/2012,6,목요일,993927,1814955,127.4323331,36.33195282
2012,1,1,,,,대전광역시,동구,차대사람,횡단중,횡단중,보행자 보호의무 위반,단일로,횡단보도상,화물차,보행자,주간,3/14/2012,6,토요일,993499,1815809,127.427557,36.3396492
2012,1,1,,,,대전광역시,동구,차대사람,기타,기타,안전운전 의무 불이행,교차로,교차로내,승합차,보행자,주간,3/17/2012,8,화요일,994610,1814860,127.4399439,36.33110042
2012,1,1,,,,대전광역시,동구,차대사람,횡단중,횡단중,안전운전 의무 불이행,단일로,기타단일로,화물차,보행자,주간,3/22/2012,12,월요일,995041,1813863,127.4447525,36.32211433
2012,1,1,,,,대전광역시,동구,차대사람,횡단중,횡단중,과속,단일로,기타단일로,승용차,보행자,야간,4/4/2012,1,일요일,994537,1815317,127.4391273,36.33522006
2012,1,1,,,,대전광역시,동구,차량단독,공작물충돌,공작물충돌,안전운전 의무 불이행,단일로,기타단일로,승용차,없음,주간,4/5/2012,11,월요일,997616,1805175,127.4734712,36.24380005
2012,1,1,,,,대전광역시,동구,차대차,추돌,주정차중 충돌,안전운전 의무 불이행,단일로,기타단일로,화물차,원동기장치자전거,주간,4/18/2012,16,일요일,995305,1816538,127.4476775,36.34623195
2012,1,1,,,,대전광역시,동구,차대차,측면충돌,측면충돌,신호위반,교차로,교차로내,원동기장치자전거,화물차,주간,4/25/2012,11,수요일,993687,1814757,127.4296605,36.33016622
2012,1,1,,,,대전광역시,동구,차대사람,횡단중,횡단중,안전운전 의무 불이행,단일로,기타단일로,승용차,보행자,야간,5/31/2012,20,토요일,994074,1814592,127.4339737,36.32868113
2012,1,1,,,,대전광역시,동구,차대사람,횡단중,횡단중,안전운전 의무 불이행,단일로,기타단일로,승용차,보행자,주간,6/8/2012,10,일요일,993860,1815165,127.4315849,36.33384563
2012,1,1,,,,대전광역시,동구,차대차,추돌,진행중 추돌,안전운전 의무 불이행,교차로,교차로부근,이륜차,승합차,주간,6/13/2012,10,금요일,996958,1813450,127.4661111,36.31839981
2012,1,1,,,,대전광역시,동구,차대차,측면충돌,측면충돌,중앙선 침범,단일로,기타단일로,승용차,이륜차,야간,6/21/2012,22,화요일,995063,1816416,127.4449825,36.34513266
2012,1,1,,,,대전광역시,동구,차대사람,보도통행중,보도통행중,기타,단일로,횡단보도부근,화물차,보행자,주간,6/24/2012,15,금요일,995383,1812593,127.4485702,36.3106664
2012,1,1,,,,대전광역시,동구,차대차,측면충돌,측면충돌,중앙선 침범,단일로,횡단보도부근,자전거,승용차,주간,6/29/2012,10,수요일,994420,1815085,127.4378253,36.33312781
2012,1,2,1,,,대전광역시,동구,차량단독,공작물충돌,공작물충돌,안전운전 의무 불이행,단일로,고가도로위,원동기장치자전거,없음,야간,7/12/2012,18,화요일,993068,1816104,127.4227539,36.34230304
2012,1,1,,,,대전광역시,동구,차대사람,차도통행중,차도통행중,안전운전 의무 불이행,단일로,기타단일로,승용차,보행자,주간,7/19/2012,16,목요일,992446,1815846,127.4158227,36.33997508
2012,1,1,,,,대전광역시,동구,차대사람,차도통행중,차도통행중,안전운전 의무 불이행,교차로,교차로내,승용차,보행자,주간,7/28/2012,11,토요일,994837,1815402,127.4424695,36.33598803
2012,1,1,,,,대전광역시,동구,차대사람,차도통행중,차도통행중,안전운전 의무 불이행,단일로,기타단일로,화물차,보행자,주간,8/3/2012,17,금요일,993648,1816982,127.4292078,36.35022528
2012,1,1,,,,대전광역시,동구,차대사람,횡단중,횡단중,신호위반,교차로,교차로부근,승용차,보행자,야간,8/11/2012,5,토요일,994436,1815603,127.4379998,36.3377979
2012,1,1,,,,대전광역시,동구,차대사람,기타,기타,안전운전 의무 불이행,교차로,교차로내,승용차,보행자,주간,8/31/2012,8,월요일,996433,1811054,127.4602734,36.29679603
2012,1,1,,,,대전광역시,동구,차대사람,보도통행중,보도통행중,기타,기타/불명,기타/불명,화물차,보행자,주간,9/3/2012,13,목요일,994193,1814322,127.4352983,36.32624949
2012,1,1,,,,대전광역시,동구,차대사람,횡단중,횡단중,안전운전 의무 불이행,교차로,교차로내,승용차,보행자,주간,9/6/2012,8,일요일,994062,1816329,127.4338268,36.34434086
2012,1,2,,1,,대전광역시,동구,차대사람,길가장자리구역통행중,길가장자리구역통행중,안전운전 의무 불이행,단일로,기타단일로,승용차,보행자,주간,10/1/2012,13,일요일,994974,1813732,127.4440069,36.32093296
2012,1,1,,,,대전광역시,동구,차량단독,공작물충돌,공작물충돌,안전운전 의무 불이행,단일로,기타단일로,승용차,없음,야간,11/13/2012,19,수요일,994545,1801720,127.4393136,36.2126333
2012,1,1,,,,대전광역시,동구,차대사람,횡단중,횡단중,안전운전 의무 불이행,단일로,횡단보도부근,승용차,보행자,야간,11/21/2012,5,일요일,995098,1814206,127.4453854,36.32520693
2012,1,1,,,,대전광역시,동구,차대사람,횡단중,횡단중,안전운전 의무 불이행,단일로,기타단일로,승용차,보행자,주간,11/23/2012,6,화요일,993388,1815910,127.4263193,36.340559
2012,1,1,,,,대전광역시,동구,차대차,측면충돌,측면충돌,신호위반,교차로,교차로내,이륜차,승용차,주간,11/25/2012,11,목요일,996987,1813457,127.4664353,36.31845941
2012,1,1,,,,대전광역시,동구,차대사람,기타,기타,안전운전 의무 불이행,단일로,기타단일로,승용차,보행자,야간,12/4/2012,3,토요일,994068,1816327,127.4338937,36.34432286
2012,1,1,,,,대전광역시,동구,차량단독,공작물충돌,공작물충돌,안전운전 의무 불이행,단일로,기타단일로,승합차,없음,야간,12/19/2012,4,화요일,999373,1816305,127.4930127,36.3441426
2012,1,1,,,,대전광역시,동구,차대사람,횡단중,횡단중,안전운전 의무 불이행,단일로,기타단일로,승용차,보행자,야간,12/19/2012,19,화요일,993906,1815736,127.432093,36.33899374
2012,1,1,,,,대전광역시,동구,차대차,기타,기타,안전운전 의무 불이행,단일로,기타단일로,승용차,승용차,주간,12/30/2012,6,토요일,998374,1807349,127.4818985,36.26339875
2012,1,1,,,,대전광역시,동구,차량단독,공작물충돌,공작물충돌,안전운전 의무 불이행,단일로,기타단일로,승용차,없음,야간,1/1/2013,18,월요일,995788,1815068,127.4530682,36.3329815
2012,1,2,,1,,대전광역시,서구,차량단독,공작물충돌,공작물충돌,안전운전 의무 불이행,단일로,기타단일로,승용차,없음,야간,2/9/2012,1,목요일,989134,1816516,127.3789065,36.34598371
2012,1,1,,,,대전광역시,서구,차대사람,횡단중,횡단중,안전운전 의무 불이행,교차로,교차로내,승용차,보행자,야간,2/21/2012,22,금요일,988239,1817329,127.3689201,36.3533027
2012,1,1,,,,대전광역시,서구,차대사람,횡단중,횡단중,안전운전 의무 불이행,교차로,교차로부근,승용차,보행자,야간,4/20/2012,0,금요일,988706,1817824,127.3741178,36.35777091
2012,1,1,,,,대전광역시,서구,차대사람,횡단중,횡단중,안전운전 의무 불이행,단일로,횡단보도부근,승용차,보행자,야간,4/30/2012,3,월요일,988190,1816687,127.3683838,36.34751422
2012,1,1,,,,대전광역시,서구,차대사람,기타,기타,안전운전 의무 불이행,단일로,기타단일로,승용차,보행자,야간,5/7/2012,1,월요일,990917,1816138,127.3987811,36.34259437
2012,1,1,,,,대전광역시,서구,차대차,추돌,주정차중 충돌,안전운전 의무 불이행,단일로,기타단일로,승합차,승합차,주간,5/15/2012,9,화요일,986444,1811872,127.3490093,36.30408195
2012,1,1,,,,대전광역시,서구,차대차,측면충돌,측면충돌,신호위반,교차로,교차로내,원동기장치자전거,화물차,주간,6/12/2012,12,목요일,989104,1813214,127.3786184,36.31621444
2012,1,1,,,,대전광역시,서구,차대사람,횡단중,횡단중,안전운전 의무 불이행,교차로,교차로내,승용차,보행자,주간,6/22/2012,9,수요일,988486,1818054,127.3716623,36.35984184
2012,1,1,,,,대전광역시,서구,차대사람,횡단중,횡단중,신호위반,교차로,교차로내,승용차,보행자,야간,7/14/2012,21,목요일,985188,1812306,127.3350115,36.30797617
2012,1,1,,,,대전광역시,서구,차대차,측면충돌,측면충돌,신호위반,교차로,교차로내,승용차,원동기장치자전거,주간,7/15/2012,10,금요일,989481,1817107,127.3827656,36.35131567
2012,1,3,1,1,,대전광역시,서구,차대사람,기타,기타,안전운전 의무 불이행,단일로,기타단일로,승용차,보행자,주간,8/28/2012,14,금요일,989440,1815068,127.3823363,36.3329328
2012,1,1,,,,대전광역시,서구,차대사람,횡단중,횡단중,안전운전 의무 불이행,단일로,기타단일로,승용차,보행자,야간,9/2/2012,0,수요일,989610,1813079,127.384257,36.31500295
2012,1,1,,,,대전광역시,서구,차대사람,횡단중,횡단중,안전운전 의무 불이행,교차로,교차로내,승용차,보행자,야간,10/11/2012,2,수요일,988412,1817827,127.3708409,36.35779446
2012,2,3,1,,,대전광역시,서구,차량단독,전도전복,전도전복,안전운전 의무 불이행,단일로,기타단일로,이륜차,없음,주간,10/24/2012,17,목요일,987032,1811436,127.3555659,36.3001593
2012,1,1,,,,대전광역시,서구,차대차,기타,기타,안전운전 의무 불이행,단일로,기타단일로,승용차,이륜차,야간,10/31/2012,3,목요일,988673,1815927,127.3737776,36.34066832
2012,1,1,,,,대전광역시,서구,차량단독,전도전복,전도전복,안전운전 의무 불이행,단일로,기타단일로,원동기장치자전거,없음,야간,10/31/2012,18,목요일,982749,1806149,127.3079799,36.25242734
2012,1,3,,2,,대전광역시,서구,차대차,기타,기타,안전거리 미확보,교차로,교차로부근,화물차,승용차,주간,11/2/2012,12,토요일,990446,1819235,127.3934944,36.37051047
2012,1,1,,,,대전광역시,서구,차량단독,공작물충돌,공작물충돌,안전운전 의무 불이행,교차로,교차로부근,이륜차,없음,야간,11/10/2012,4,일요일,991181,1816368,127.4017204,36.34467037
2012,1,1,,,,대전광역시,서구,차대사람,횡단중,횡단중,안전운전 의무 불이행,단일로,기타단일로,승용차,보행자,야간,11/22/2012,18,월요일,985838,1811739,127.342262,36.30287418
2012,1,1,,,,대전광역시,서구,차대차,추돌,주정차중 충돌,안전운전 의무 불이행,교차로,교차로부근,승합차,승합차,야간,11/28/2012,23,일요일,986491,1811880,127.3495338,36.30415564
2012,1,1,,,,대전광역시,서구,차대사람,기타,기타,안전운전 의무 불이행,단일로,기타단일로,승용차,보행자,주간,12/6/2012,6,월요일,989043,1813964,127.3779283,36.32297533
2012,1,2,,1,,대전광역시,서구,차량단독,공작물충돌,공작물충돌,안전운전 의무 불이행,교차로,교차로부근,원동기장치자전거,없음,야간,12/9/2012,23,목요일,986116,1811819,127.3453569,36.30359946
2012,1,1,,,,대전광역시,서구,차대사람,횡단중,횡단중,안전운전 의무 불이행,단일로,기타단일로,승용차,보행자,주간,12/15/2012,14,수요일,985336,1811581,127.3366736,36.30144223
2012,1,11,9,1,,대전광역시,서구,차대차,기타,기타,중앙선 침범,단일로,기타단일로,승용차,승합차,야간,1/5/2013,4,금요일,989344,1816265,127.3812502,36.34372319
2012,1,1,,,,대전광역시,서구,차대사람,횡단중,횡단중,안전운전 의무 불이행,단일로,횡단보도부근,화물차,보행자,야간,1/5/2013,4,금요일,989278,1812892,127.3805612,36.31331342
2012,1,1,,,,대전광역시,서구,차대사람,횡단중,횡단중,안전운전 의무 불이행,단일로,기타단일로,승용차,보행자,주간,1/8/2013,15,월요일,987639,1818182,127.3622194,36.3609853
2012,1,1,,,,대전광역시,서구,차대사람,기타,기타,안전운전 의무 불이행,단일로,기타단일로,승용차,보행자,주간,1/16/2013,7,화요일,988933,1815616,127.3766793,36.33786755
2012,1,1,,,,대전광역시,유성구,차대사람,횡단중,횡단중,안전운전 의무 불이행,단일로,기타단일로,승용차,보행자,야간,1/21/2012,23,토요일,984319,1811420,127.3253496,36.29997474
2012,1,2,1,,,대전광역시,유성구,차대차,기타,기타,신호위반,교차로,교차로내,승용차,승용차,야간,1/27/2012,23,금요일,983691,1821101,127.3181524,36.38724221
2012,1,8,2,5,,대전광역시,유성구,차대차,측면충돌,측면충돌,교차로 통행방법 위반,교차로,교차로내,승용차,승용차,주간,2/7/2012,6,화요일,986241,1817485,127.3466491,36.3546826
2012,1,1,,,,대전광역시,유성구,차대차,추돌,진행중 추돌,안전운전 의무 불이행,단일로,기타단일로,승용차,화물차,주간,2/22/2012,6,토요일,983281,1813650,127.313741,36.3200617
2012,1,1,,,,대전광역시,유성구,차량단독,공작물충돌,공작물충돌,안전운전 의무 불이행,단일로,기타단일로,승용차,없음,야간,2/25/2012,5,화요일,989340,1826880,127.38106,36.43942092
2012,1,1,,,,대전광역시,유성구,차대사람,횡단중,횡단중,안전운전 의무 불이행,단일로,횡단보도부근,승용차,보행자,야간,3/2/2012,22,월요일,986312,1818228,127.3474274,36.36138203
2012,1,1,,,,대전광역시,유성구,차대사람,차도통행중,차도통행중,안전운전 의무 불이행,단일로,기타단일로,승용차,보행자,야간,3/22/2012,0,월요일,986224,1818246,127.3464462,36.36154305