사고년도,사망자수,부상자수,중상자수,경상자수,부상신고자수,시도,시군구,사고유형 대분류,사고유형 중분류,사고유형,가해자법규위반,도로형태 대분류,도로형태,가해당사자 종별,피해당사자 종별,주야구분,발생일,발생시간,발생요일,발생위치X좌표 (EPSG 5179),발생위치Y좌표 (EPSG 5179),경도좌표,위도좌표
2012,1,1,,,,광주광역시,남구,차대차,기타,기타,과속,단일로,기타단일로,승용차,승용차,야간,8/29/2012,0,토요일,944972,1682749,126.8959489,35.13845222
2012,1,1,,,,광주광역시,남구,차대사람,횡단중,횡단중,보행자 보호의무 위반,단일로,기타단일로,건설기계,보행자,주간,10/23/2012,17,수요일,946583,1682274,126.9136652,35.13425882
2012,1,1,,,,광주광역시,남구,차대차,기타,기타,교차로 통행방법 위반,교차로,교차로내,승용차,불명,주간,10/30/2012,12,수요일,945254,1682338,126.8990716,35.13476173
2012,1,1,,,,광주광역시,남구,차대사람,횡단중,횡단중,안전운전 의무 불이행,단일로,기타단일로,승용차,보행자,야간,11/10/2012,1,일요일,944942,1682805,126.8956159,35.13895551
2012,1,1,,,,광주광역시,남구,차대사람,보도통행중,보도통행중,기타,단일로,고가도로위,승용차,보행자,야간,11/27/2012,22,토요일,943581,1679237,126.8809201,35.10670839
2012,1,1,,,,광주광역시,남구,차량단독,공작물충돌,공작물충돌,안전운전 의무 불이행,교차로,교차로내,승용차,없음,야간,12/9/2012,2,목요일,945470,1682160,126.9014542,35.13316848
2012,1,1,,,,광주광역시,남구,차대사람,횡단중,횡단중,안전운전 의무 불이행,단일로,기타단일로,승합차,보행자,야간,12/11/2012,5,토요일,945214,1680750,126.8987422,35.12044367
2012,1,2,,1,,광주광역시,남구,차대차,정면충돌,정면충돌,중앙선 침범,단일로,기타단일로,승용차,승용차,야간,12/13/2012,23,월요일,943223,1677213,126.8771309,35.08843834
2012,1,7,3,3,,광주광역시,동구,차대차,추돌,진행중 추돌,과속,단일로,교량위,승용차,승용차,주간,2/2/2012,15,목요일,947395,1682776,126.9225436,35.13882532
2012,1,1,,,,광주광역시,동구,차대차,추돌,진행중 추돌,과속,교차로,교차로내,승용차,승용차,야간,3/15/2012,3,일요일,948013,1683933,126.9292544,35.14928987
2012,1,1,,,,광주광역시,동구,차량단독,공작물충돌,공작물충돌,안전운전 의무 불이행,단일로,기타단일로,승용차,없음,야간,5/23/2012,2,금요일,950853,1677683,126.9607996,35.09307372
2012,1,1,,,,광주광역시,동구,차대사람,횡단중,횡단중,안전운전 의무 불이행,단일로,기타단일로,승용차,보행자,야간,8/13/2012,20,월요일,948207,1681333,126.9315472,35.12585623
2012,1,1,,,,광주광역시,동구,차대차,측면충돌,측면충돌,신호위반,교차로,교차로내,자전거,승용차,야간,12/24/2012,23,일요일,947231,1684972,126.9206031,35.15861753
2012,1,1,,,,광주광역시,동구,차대사람,기타,기타,안전운전 의무 불이행,교차로,교차로내,승용차,보행자,야간,1/14/2013,18,일요일,948425,1684840,126.9337208,35.1574893
2012,1,1,,,,광주광역시,북구,차대사람,기타,기타,안전운전 의무 불이행,교차로,교차로부근,건설기계,보행자,주간,2/3/2012,17,금요일,948349,1686541,126.9327799,35.1728229
2012,1,1,,,,광주광역시,북구,차대사람,횡단중,횡단중,안전운전 의무 불이행,교차로,교차로부근,승용차,보행자,주간,3/28/2012,6,일요일,946745,1685435,126.9152417,35.16276847
2012,1,2,,,1,광주광역시,북구,차대사람,횡단중,횡단중,보행자 보호의무 위반,단일로,횡단보도상,이륜차,보행자,주간,4/6/2012,16,화요일,943205,1690800,126.8759988,35.210947
2012,1,3,,2,,광주광역시,북구,차대차,추돌,진행중 추돌,중앙선 침범,교차로,교차로내,승용차,승용차,야간,4/10/2012,21,토요일,946748,1685419,126.9152712,35.16262254
2012,1,1,,,,광주광역시,북구,차량단독,공작물충돌,공작물충돌,안전운전 의무 불이행,단일로,기타단일로,승용차,없음,야간,4/26/2012,0,목요일,940347,1686941,126.8448795,35.17598619
2012,1,2,,,1,광주광역시,북구,차대차,기타,기타,안전운전 의무 불이행,교차로,교차로내,승용차,이륜차,주간,5/2/2012,15,수요일,945620,1692068,126.9024449,35.2225112
2012,1,1,,,,광주광역시,북구,차대차,측면충돌,측면충돌,안전운전 의무 불이행,단일로,기타단일로,승용차,자전거,야간,5/6/2012,2,일요일,945587,1684974,126.9025529,35.1585479
2012,1,1,,,,광주광역시,북구,차대사람,횡단중,횡단중,안전운전 의무 불이행,단일로,횡단보도부근,승용차,보행자,야간,6/5/2012,20,목요일,944853,1686042,126.8944227,35.16813772
2012,2,25,6,12,5,광주광역시,북구,차대차,추돌,주정차중 충돌,안전운전 의무 불이행,단일로,기타단일로,화물차,승합차,주간,6/6/2012,7,금요일,946467,1687167,126.9120768,35.17837154
2012,1,1,,,,광주광역시,북구,차대사람,기타,기타,안전운전 의무 불이행,단일로,기타단일로,승용차,보행자,야간,6/6/2012,22,금요일,947248,1686441,126.9206936,35.1718676
2012,1,1,,,,광주광역시,북구,차대사람,횡단중,횡단중,보행자 보호의무 위반,단일로,횡단보도상,승용차,보행자,야간,6/13/2012,21,금요일,945296,1686426,126.8992617,35.17162435
2012,1,1,,,,광주광역시,북구,차량단독,공작물충돌,공작물충돌,안전운전 의무 불이행,단일로,기타단일로,승용차,없음,야간,6/17/2012,5,화요일,948844,1688610,126.9380916,35.19150117
2012,1,4,2,1,,광주광역시,북구,차대차,측면충돌,측면충돌,교차로 통행방법 위반,교차로,교차로내,승용차,승용차,야간,6/23/2012,3,목요일,942301,1690300,126.8660968,35.20638528
2012,1,1,,,,광주광역시,북구,차대사람,횡단중,횡단중,보행자 보호의무 위반,단일로,기타단일로,승용차,보행자,야간,6/30/2012,20,목요일,947689,1688285,126.9254215,35.1885139
2012,1,1,,,,광주광역시,북구,차대사람,횡단중,횡단중,안전운전 의무 불이행,단일로,기타단일로,승용차,보행자,야간,7/13/2012,21,수요일,945987,1684857,126.9069523,35.15751452
2012,1,1,,,,광주광역시,북구,차대사람,횡단중,횡단중,보행자 보호의무 위반,단일로,기타단일로,승용차,보행자,야간,7/15/2012,18,금요일,946540,1684805,126.9130272,35.15707522
2012,1,2,1,,,광주광역시,북구,차대사람,횡단중,횡단중,보행자 보호의무 위반,단일로,횡단보도상,승용차,보행자,야간,7/24/2012,18,화요일,948299,1687804,126.9321516,35.18420846
2012,1,3,2,,,광주광역시,북구,차대차,측면충돌,측면충돌,기타,단일로,기타단일로,화물차,이륜차,주간,9/19/2012,15,토요일,940170,1686960,126.8429343,35.17614697
2012,1,3,2,,,광주광역시,북구,차대차,정면충돌,정면충돌,중앙선 침범,단일로,기타단일로,승용차,승용차,야간,9/19/2012,1,화요일,941922,1686500,126.8622065,35.17210217
2012,1,3,1,1,,광주광역시,북구,차대차,정면충돌,정면충돌,중앙선 침범,단일로,기타단일로,화물차,승용차,야간,9/25/2012,20,월요일,945239,1688809,126.8984775,35.19310797
2012,1,1,,,,광주광역시,북구,차대차,기타,기타,안전운전 의무 불이행,단일로,기타단일로,승용차,자전거,주간,9/26/2012,15,화요일,947550,1686294,126.9240215,35.17055436
2012,1,1,,,,광주광역시,북구,차대차,측면충돌,측면충돌,신호위반,교차로,교차로내,승용차,자전거,야간,9/27/2012,18,수요일,942601,1689348,126.8694599,35.1978187
2012,1,1,,,,광주광역시,북구,차대사람,횡단중,횡단중,안전운전 의무 불이행,단일로,기타단일로,승용차,보행자,야간,10/4/2012,2,수요일,943209,1687219,126.8762918,35.17866144
2012,1,1,,,,광주광역시,북구,차대사람,횡단중,횡단중,안전운전 의무 불이행,단일로,기타단일로,승용차,보행자,야간,10/16/2012,3,수요일,945228,1688009,126.8984098,35.18589404
2012,1,1,,,,광주광역시,북구,차대사람,차도통행중,차도통행중,안전운전 의무 불이행,단일로,기타단일로,승용차,보행자,야간,10/22/2012,5,화요일,948569,1687432,126.9351402,35.1808681
2012,1,1,,,,광주광역시,북구,차대차,기타,기타,안전운전 의무 불이행,교차로,교차로내,승용차,자전거,야간,10/25/2012,18,금요일,942180,1692919,126.8645912,35.22999273
2012,1,1,,,,광주광역시,북구,차대사람,횡단중,횡단중,안전운전 의무 불이행,단일로,기타단일로,승용차,보행자,야간,11/23/2012,5,화요일,945610,1684975,126.9028054,35.15855816
2012,1,1,,,,광주광역시,북구,차대차,측면충돌,측면충돌,안전거리 미확보,단일로,기타단일로,승용차,원동기장치자전거,야간,11/24/2012,22,수요일,943357,1690764,126.8776712,35.210631
2012,1,2,1,,,광주광역시,북구,차량단독,공작물충돌,공작물충돌,안전운전 의무 불이행,단일로,기타단일로,원동기장치자전거,없음,주간,11/26/2012,11,금요일,944453,1689789,126.8897824,35.2018975
2012,1,7,1,5,,광주광역시,북구,차대차,추돌,주정차중 충돌,안전운전 의무 불이행,교차로,교차로부근,화물차,화물차,야간,11/30/2012,20,화요일,941450,1690305,126.856752,35.20637838
2012,1,1,,,,광주광역시,북구,차대사람,횡단중,횡단중,안전운전 의무 불이행,단일로,횡단보도상,승용차,보행자,주간,12/19/2012,7,화요일,946530,1687674,126.9127358,35.18294456
2012,1,1,,,,광주광역시,북구,차대사람,횡단중,횡단중,보행자 보호의무 위반,단일로,횡단보도상,승합차,보행자,야간,12/20/2012,0,수요일,945457,1688161,126.9009127,35.18727523
2012,1,2,1,,,광주광역시,북구,차대사람,횡단중,횡단중,과속,교차로,교차로부근,승용차,보행자,야간,12/21/2012,0,목요일,941491,1686575,126.8574683,35.1727534
2012,1,1,,,,광주광역시,북구,차대사람,횡단중,횡단중,안전운전 의무 불이행,단일로,기타단일로,승용차,보행자,주간,12/26/2012,17,화요일,947366,1685603,126.9220451,35.16431418
2012,1,1,,,,광주광역시,서구,차대사람,횡단중,횡단중,안전운전 의무 불이행,기타/불명,기타/불명,승용차,보행자,야간,1/16/2012,3,월요일,941251,1684493,126.8549778,35.15396857
2012,1,1,,,,광주광역시,서구,차대사람,횡단중,횡단중,안전운전 의무 불이행,단일로,기타단일로,승용차,보행자,주간,3/11/2012,6,수요일,940567,1684512,126.8474693,35.15409427
2012,1,1,,,,광주광역시,서구,차량단독,공작물충돌,공작물충돌,안전운전 의무 불이행,단일로,기타단일로,화물차,없음,야간,4/16/2012,21,월요일,943552,1682549,126.8803737,35.13656566
2012,1,2,1,,,광주광역시,서구,차대차,정면충돌,정면충돌,신호위반,교차로,교차로내,승용차,승용차,야간,4/29/2012,21,일요일,942785,1682318,126.871973,35.13444398
2012,1,2,1,,,광주광역시,서구,차대사람,횡단중,횡단중,안전운전 의무 불이행,단일로,기타단일로,승용차,보행자,야간,7/6/2012,1,수요일,943621,1684349,126.8810103,35.15280411
2012,1,1,,,,광주광역시,서구,차대사람,횡단중,횡단중,안전운전 의무 불이행,단일로,기타단일로,승용차,보행자,야간,7/22/2012,23,일요일,940567,1683895,126.8475125,35.14853912
2012,1,1,,,,광주광역시,서구,차대사람,기타,기타,안전운전 의무 불이행,기타/불명,기타/불명,승용차,보행자,야간,7/29/2012,1,일요일,941625,1682330,126.8592345,35.1344828
2012,1,1,,,,광주광역시,서구,차대사람,횡단중,횡단중,안전운전 의무 불이행,단일로,기타단일로,승용차,보행자,야간,9/20/2012,21,수요일,945516,1684541,126.901802,35.15464252
2012,1,1,,,,광주광역시,서구,차대사람,횡단중,횡단중,안전운전 의무 불이행,단일로,기타단일로,승용차,보행자,야간,9/26/2012,21,화요일,943031,1684221,126.8745418,35.15161671
2012,1,1,,,,광주광역시,서구,차대사람,횡단중,횡단중,보행자 보호의무 위반,교차로,교차로부근,승용차,보행자,야간,10/2/2012,5,월요일,941405,1683748,126.8567247,35.14725837
2012,1,1,,,,광주광역시,서구,차대사람,기타,기타,안전운전 의무 불이행,단일로,기타단일로,승용차,보행자,야간,10/9/2012,20,월요일,943171,1682944,126.8761667,35.14011032
2012,1,1,,,,광주광역시,서구,차량단독,공작물충돌,공작물충돌,안전운전 의무 불이행,교차로,교차로부근,승용차,없음,야간,10/31/2012,4,목요일,941268,1684780,126.8551473,35.15655555
2012,1,1,,,,광주광역시,서구,차대사람,기타,기타,안전운전 의무 불이행,단일로,기타단일로,승용차,보행자,야간,11/21/2012,18,일요일,942913,1684227,126.873246,35.15166411
2012,1,3,,2,,광주광역시,서구,차대사람,횡단중,횡단중,신호위반,교차로,교차로내,승용차,보행자,야간,12/9/2012,1,목요일,941409,1683744,126.8567689,35.14722253
2012,1,1,,,,광주광역시,서구,차대차,측면충돌,측면충돌,안전운전 의무 불이행,단일로,기타단일로,승용차,자전거,주간,12/16/2012,6,목요일,940837,1685244,126.8503822,35.16070948
2012,1,1,,,,광주광역시,서구,차대사람,횡단중,횡단중,보행자 보호의무 위반,단일로,횡단보도상,승용차,보행자,야간,12/18/2012,4,토요일,942494,1683497,126.8687002,35.14505717
2012,1,1,,,,광주광역시,서구,차대사람,횡단중,횡단중,안전운전 의무 불이행,단일로,기타단일로,승용차,보행자,야간,12/19/2012,19,화요일,942432,1685368,126.8678891,35.16192921
2012,1,1,,,,광주광역시,서구,차대차,측면충돌,측면충돌,안전운전 의무 불이행,단일로,기타단일로,화물차,자전거,야간,12/24/2012,5,일요일,939073,1681624,126.8312825,35.12796575
2012,1,1,,,,광주광역시,서구,차대사람,횡단중,횡단중,안전운전 의무 불이행,단일로,기타단일로,승용차,보행자,야간,12/27/2012,19,수요일,941243,1684452,126.8548962,35.15359663
2012,1,1,,,,광주광역시,서구,차대사람,차도통행중,차도통행중,보행자 보호의무 위반,단일로,횡단보도상,승용차,보행자,야간,1/14/2013,23,일요일,942370,1684905,126.8672352,35.15774912
2012,1,1,,,,인천광역시,강화군,차량단독,공작물충돌,공작물충돌,안전운전 의무 불이행,단일로,기타단일로,승용차,없음,주간,1/20/2012,14,금요일,913229,1970868,126.5152552,37.73331335
2012,1,1,,,,인천광역시,강화군,차대차,정면충돌,정면충돌,중앙선 침범,단일로,기타단일로,화물차,원동기장치자전거,주간,1/25/2012,16,수요일,909329,1961204,126.4722111,37.64584598
2012,1,1,,,,인천광역시,강화군,차량단독,공작물충돌,공작물충돌,안전운전 의무 불이행,단일로,기타단일로,승용차,없음,주간,2/24/2012,7,월요일,904798,1960709,126.4209184,37.64092828
2012,1,1,,,,인천광역시,강화군,차량단독,도로이탈,도로이탈 추락,안전운전 의무 불이행,단일로,기타단일로,승용차,없음,야간,3/11/2012,22,수요일,908432,1976384,126.4601299,37.78255776
2012,1,1,,,,인천광역시,강화군,차대사람,차도통행중,차도통행중,안전운전 의무 불이행,단일로,기타단일로,화물차,보행자,주간,3/28/2012,8,일요일,900983,1970522,126.3763496,37.72895977
2012,1,1,,,,인천광역시,강화군,차대사람,횡단중,횡단중,보행자 보호의무 위반,교차로,교차로내,화물차,보행자,주간,5/15/2012,14,화요일,911139,1971812,126.4914265,37.7416237
2012,1,2,1,,,인천광역시,강화군,차량단독,공작물충돌,공작물충돌,안전운전 의무 불이행,단일로,기타단일로,화물차,없음,야간,6/3/2012,2,화요일,906063,1967298,126.4344068,37.70043939
2012,1,1,,,,인천광역시,강화군,차대사람,기타,기타,안전운전 의무 불이행,단일로,기타단일로,화물차,보행자,주간,6/26/2012,9,일요일,911399,1968696,126.4947567,37.71356774
2012,1,1,,,,인천광역시,강화군,차대사람,기타,기타,안전운전 의무 불이행,단일로,기타단일로,화물차,보행자,야간,7/17/2012,23,일요일,905385,1962392,126.4273515,37.65615949
2012,1,1,,,,인천광역시,강화군,차대사람,기타,기타,안전운전 의무 불이행,단일로,기타단일로,승용차,보행자,야간,7/21/2012,19,토요일,910539,1972488,126.4845319,37.74765904
2012,1,5,4,,,인천광역시,강화군,차량단독,도로이탈,도로이탈 추락,안전운전 의무 불이행,단일로,기타단일로,승용차,없음,야간,9/7/2012,4,월요일,910209,1967982,126.4813454,37.70701735
2012,1,1,,,,인천광역시,강화군,차량단독,전도전복,전도전복,안전운전 의무 불이행,단일로,기타단일로,농기계,없음,주간,9/20/2012,15,수요일,903666,1978310,126.4057599,37.79942581
2012,1,1,,,,인천광역시,강화군,차대사람,기타,기타,안전운전 의무 불이행,단일로,기타단일로,화물차,보행자,주간,10/8/2012,17,일요일,913514,1965955,126.5190742,37.68906429
2012,1,1,,,,인천광역시,강화군,차대사람,기타,기타,안전운전 의무 불이행,단일로,기타단일로,승용차,보행자,야간,12/9/2012,4,목요일,904014,1975545,126.4100783,37.77454
2012,1,1,,,,인천광역시,강화군,차량단독,도로이탈,도로이탈 기타,안전운전 의무 불이행,단일로,기타단일로,승용차,없음,야간,12/29/2012,3,금요일,889809,1976974,126.2485916,37.78581645
2012,1,1,,,,인천광역시,계양구,차대차,측면충돌,측면충돌,안전운전 의무 불이행,교차로,교차로내,화물차,자전거,주간,1/18/2012,14,수요일,932128,1949031,126.7317464,37.53810445
2012,1,1,,,,인천광역시,계양구,차대사람,횡단중,횡단중,안전운전 의무 불이행,단일로,기타단일로,화물차,보행자,야간,1/28/2012,20,토요일,931184,1949642,126.7210047,37.54354126
2012,1,1,,,,인천광역시,계양구,차대사람,기타,기타,안전운전 의무 불이행,단일로,횡단보도부근,승용차,보행자,야간,2/25/2012,1,화요일,930943,1949669,126.7182765,37.54376929
2012,1,2,1,,,인천광역시,계양구,차량단독,공작물충돌,공작물충돌,안전운전 의무 불이행,단일로,기타단일로,승용차,없음,야간,2/28/2012,23,금요일,932301,1949596,126.7336523,37.54320941
2012,1,1,,,,인천광역시,계양구,차대사람,횡단중,횡단중,안전운전 의무 불이행,단일로,기타단일로,승합차,보행자,주간,2/29/2012,9,토요일,932984,1948802,126.7414557,37.53610315
2012,1,1,,,,인천광역시,계양구,차대차,추돌,진행중 추돌,안전운전 의무 불이행,단일로,교량위,승용차,승용차,야간,4/9/2012,22,금요일,929883,1947448,126.7064883,37.52366922
2012,1,1,,,,인천광역시,계양구,차대사람,기타,기타,안전운전 의무 불이행,교차로,교차로내,건설기계,보행자,주간,5/4/2012,17,금요일,933174,1947831,126.7436945,37.52736549
2012,1,1,,,,인천광역시,계양구,차량단독,공작물충돌,공작물충돌,안전운전 의무 불이행,교차로,교차로부근,이륜차,없음,야간,6/1/2012,4,일요일,933866,1947633,126.7515435,37.52563083
2012,2,6,3,1,,인천광역시,계양구,차대차,기타,기타,안전거리 미확보,단일로,기타단일로,승용차,승용차,야간,6/3/2012,1,화요일,930760,1947452,126.716412,37.52377153
2012,1,1,,,,인천광역시,계양구,차대사람,횡단중,횡단중,안전운전 의무 불이행,단일로,기타단일로,승용차,보행자,야간,6/19/2012,3,일요일,931325,1948926,126.7226677,37.53709863
2012,1,1,,,,인천광역시,계양구,차대사람,기타,기타,안전운전 의무 불이행,단일로,기타단일로,승용차,보행자,주간,7/7/2012,12,목요일,931458,1948750,126.7241939,37.53552501
2012,1,1,,,,인천광역시,계양구,차대사람,보도통행중,보도통행중,안전운전 의무 불이행,교차로,교차로부근,승용차,보행자,주간,9/6/2012,12,일요일,931373,1949641,126.7231441,37.54354634
2012,1,1,,,,인천광역시,계양구,차대차,추돌,진행중 추돌,안전운전 의무 불이행,단일로,기타단일로,승용차,자전거,주간,10/1/2012,7,일요일,936241,1953367,126.7779216,37.57747791
2012,1,1,,,,인천광역시,계양구,차대차,측면충돌,측면충돌,안전운전 의무 불이행,단일로,횡단보도상,자전거,승용차,주간,10/21/2012,14,월요일,930853,1948211,126.7173929,37.53061921
2012,1,1,,,,인천광역시,계양구,차대차,추돌,진행중 추돌,안전운전 의무 불이행,단일로,기타단일로,승용차,승용차,야간,11/19/2012,3,금요일,932359,1948182,126.7344391,37.53046956
2012,1,2,,1,,인천광역시,계양구,차대차,추돌,주정차중 충돌,안전운전 의무 불이행,교차로,교차로부근,화물차,화물차,야간,12/18/2012,5,토요일,934081,1949513,126.7538077,37.54259038
2012,1,1,,,,인천광역시,미추홀구,차대사람,횡단중,횡단중,안전운전 의무 불이행,단일로,기타단일로,승용차,보행자,야간,1/31/2012,5,화요일,928321,1940362,126.6895032,37.45968461
2012,1,1,,,,인천광역시,미추홀구,차대차,기타,기타,안전운전 의무 불이행,기타/불명,기타/불명,원동기장치자전거,화물차,야간,2/12/2012,5,일요일,927466,1939905,126.6798813,37.45549906
2012,1,1,,,,인천광역시,미추홀구,차대사람,횡단중,횡단중,안전운전 의무 불이행,단일로,기타단일로,승용차,보행자,야간,3/19/2012,21,금요일,925926,1938001,126.6626654,37.43821393
2012,1,3,2,,,인천광역시,미추홀구,차대차,추돌,주정차중 충돌,안전운전 의무 불이행,단일로,기타단일로,승용차,화물차,야간,3/24/2012,0,수요일,926717,1939511,126.6714526,37.45188895
2012,1,5,2,2,,인천광역시,미추홀구,차대사람,횡단중,횡단중,신호위반,단일로,횡단보도상,승용차,보행자,야간,4/7/2012,18,수요일,925654,1941308,126.659254,37.46800001
2012,1,1,,,,인천광역시,미추홀구,차대사람,횡단중,횡단중,안전운전 의무 불이행,단일로,횡단보도부근,승용차,보행자,야간,4/11/2012,22,일요일,926654,1939528,126.6707387,37.45203717
2012,1,1,,,,인천광역시,미추홀구,차대사람,기타,기타,안전운전 의무 불이행,단일로,횡단보도부근,승용차,보행자,야간,4/16/2012,0,월요일,926624,1939527,126.6703996,37.45202578
2012,1,1,,,,인천광역시,미추홀구,차대사람,횡단중,횡단중,안전운전 의무 불이행,단일로,기타단일로,화물차,보행자,주간,5/4/2012,7,금요일,927817,1940839,126.6837581,37.4639445
2012,1,1,,,,인천광역시,미추홀구,차량단독,기타,기타,안전운전 의무 불이행,단일로,기타단일로,자전거,없음,주간,6/24/2012,17,금요일,927895,1939159,126.6848022,37.44880634
2012,1,1,,,,인천광역시,미추홀구,차대사람,횡단중,횡단중,신호위반,단일로,횡단보도상,승용차,보행자,주간,6/26/2012,17,일요일,927015,1939492,126.6748234,37.45174128
2012,1,1,,,,인천광역시,미추홀구,차대사람,횡단중,횡단중,안전운전 의무 불이행,교차로,교차로부근,승용차,보행자,주간,7/21/2012,16,토요일,928312,1940201,126.6894171,37.45823285
2012,1,1,,,,인천광역시,미추홀구,차대차,기타,기타,안전운전 의무 불이행,단일로,횡단보도부근,화물차,승용차,야간,7/29/2012,3,일요일,923374,1939832,126.6336255,37.45451462
2012,1,2,1,,,인천광역시,미추홀구,차량단독,기타,기타,안전운전 의무 불이행,단일로,기타단일로,승용차,없음,야간,8/31/2012,4,월요일,928734,1940099,126.6941958,37.45734886
2012,1,1,,,,인천광역시,미추홀구,차대사람,횡단중,횡단중,안전운전 의무 불이행,단일로,기타단일로,승용차,보행자,야간,9/15/2012,1,화요일,927248,1940255,126.6773821,37.45863641
2012,1,3,2,,,인천광역시,미추홀구,차량단독,기타,기타,안전운전 의무 불이행,교차로,교차로부근,승용차,없음,야간,9/25/2012,5,월요일,923538,1940099,126.6354531,37.45693099
2012,2,2,,,,인천광역시,미추홀구,차대사람,기타,기타,안전운전 의무 불이행,단일로,횡단보도부근,승용차,보행자,야간,10/15/2012,0,일요일,925613,1941302,126.658791,37.46794263
2012,1,1,,,,인천광역시,미추홀구,차대사람,기타,기타,신호위반,교차로,교차로부근,승합차,보행자,주간,11/1/2012,7,금요일,924083,1940412,126.6415824,37.45979689
2012,1,1,,,,인천광역시,미추홀구,차대차,측면충돌,측면충돌,안전운전 의무 불이행,단일로,터널안,승용차,이륜차,야간,11/2/2012,5,토요일,925668,1939840,126.6595638,37.45477224
2012,1,1,,,,인천광역시,미추홀구,차대사람,기타,기타,안전운전 의무 불이행,단일로,기타단일로,건설기계,보행자,주간,11/7/2012,13,목요일,926106,1941014,126.6643945,37.46538651
2012,1,1,,,,인천광역시,미추홀구,차대사람,횡단중,횡단중,과속,단일로,횡단보도부근,화물차,보행자,야간,11/19/2012,5,금요일,926883,1939496,126.6733307,37.4517669
2012,1,1,,,,인천광역시,미추홀구,차량단독,기타,기타,안전운전 의무 불이행,단일로,기타단일로,승용차,없음,주간,11/22/2012,9,월요일,925092,1941350,126.652895,37.46833316
2012,1,1,,,,인천광역시,미추홀구,차량단독,전도전복,전도전복,안전운전 의무 불이행,단일로,기타단일로,화물차,없음,야간,1/2/2013,19,화요일,923754,1938570,126.6380532,37.44316838
2012,1,1,,,,인천광역시,남동구,차대사람,횡단중,횡단중,안전운전 의무 불이행,단일로,기타단일로,승용차,보행자,야간,1/27/2012,0,금요일,929181,1939098,126.6993469,37.44836135
2012,2,2,,,,인천광역시,남동구,차대사람,횡단중,횡단중,안전운전 의무 불이행,단일로,기타단일로,승용차,보행자,야간,1/28/2012,4,토요일,929580,1940895,126.7036835,37.46458612
2012,1,5,4,,,인천광역시,남동구,차대차,측면충돌,측면충돌,교차로 통행방법 위반,교차로,교차로내,승용차,승용차,야간,1/29/2012,0,일요일,929056,1935432,126.698283,37.4153042
2012,1,2,1,,,인천광역시,남동구,차대차,기타,기타,안전운전 의무 불이행,단일로,기타단일로,승용차,화물차,야간,2/1/2012,20,수요일,929971,1940895,126.7081102,37.46461857
2012,1,1,,,,인천광역시,남동구,차대사람,횡단중,횡단중,안전운전 의무 불이행,단일로,기타단일로,화물차,보행자,야간,2/3/2012,21,금요일,930305,1939218,126.7120409,37.44952288
2012,1,1,,,,인천광역시,남동구,차대차,측면충돌,측면충돌,신호위반,단일로,기타단일로,승용차,이륜차,주간,2/13/2012,14,월요일,932685,1934556,126.7393739,37.40768342
2012,1,1,,,,인천광역시,남동구,차량단독,공작물충돌,공작물충돌,안전운전 의무 불이행,단일로,기타단일로,승용차,없음,야간,2/14/2012,3,화요일,930865,1937512,126.7185315,37.4341925
2012,1,1,,,,인천광역시,남동구,차량단독,기타,기타,안전운전 의무 불이행,단일로,기타단일로,이륜차,없음,주간,3/24/2012,17,수요일,932508,1936152,126.7372225,37.42205975
2012,1,2,1,,,인천광역시,남동구,차대차,기타,기타,교차로 통행방법 위반,교차로,교차로내,화물차,승용차,야간,3/30/2012,1,화요일,930248,1932563,126.7120275,37.38954023
2012,1,1,,,,인천광역시,남동구,차대차,기타,기타,기타,교차로,교차로부근,원동기장치자전거,화물차,야간,4/8/2012,0,목요일,929498,1938521,126.7029868,37.44318245
2012,1,1,,,,인천광역시,남동구,차대차,기타,기타,안전운전 의무 불이행,단일로,기타단일로,이륜차,화물차,주간,4/17/2012,13,토요일,929595,1935271,126.7043933,37.4138979
2012,1,1,,,,인천광역시,남동구,차대사람,보도통행중,보도통행중,보행자 보호의무 위반,단일로,횡단보도상,승용차,보행자,주간,5/13/2012,8,일요일,932089,1939871,126.7321474,37.45554467
2012,1,4,3,,,인천광역시,남동구,차대차,추돌,주정차중 충돌,안전운전 의무 불이행,단일로,기타단일로,승용차,승용차,야간,5/13/2012,23,일요일,932098,1937391,126.7324809,37.43319236
2012,1,1,,,,인천광역시,남동구,차량단독,전도전복,전도전복,안전운전 의무 불이행,단일로,기타단일로,화물차,없음,주간,6/1/2012,6,일요일,936044,1940206,126.7768341,37.45884882
2012,1,1,,,,인천광역시,남동구,차대차,측면충돌,측면충돌,안전운전 의무 불이행,교차로,교차로내,승용차,원동기장치자전거,야간,6/15/2012,19,일요일,932660,1938310,126.738749,37.44151635
2012,1,1,,,,인천광역시,남동구,차대사람,기타,기타,안전운전 의무 불이행,단일로,기타단일로,승합차,보행자,야간,6/20/2012,19,금요일,931545,1940809,126.7259099,37.46396136
2012,1,1,,,,인천광역시,남동구,차대사람,기타,기타,안전운전 의무 불이행,교차로,교차로부근,승용차,보행자,야간,7/9/2012,23,토요일,929304,1934791,126.7011511,37.40954952
2012,1,1,,,,인천광역시,남동구,차대사람,기타,기타,안전운전 의무 불이행,단일로,기타단일로,승용차,보행자,야간,7/14/2012,1,목요일,932581,1934537,126.7382006,37.40750461
2012,1,1,,,,인천광역시,남동구,차대사람,기타,기타,안전운전 의무 불이행,단일로,기타단일로,건설기계,보행자,주간,7/17/2012,15,일요일,930898,1940563,126.7186208,37.46169245