사고년도,사망자수,부상자수,중상자수,경상자수,부상신고자수,시도,시군구,사고유형 대분류,사고유형 중분류,사고유형,가해자법규위반,도로형태 대분류,도로형태,가해당사자 종별,피해당사자 종별,주야구분,발생일,발생시간,발생요일,발생위치X좌표 (EPSG 5179),발생위치Y좌표 (EPSG 5179),경도좌표,위도좌표
2012,1,1,,,,울산광역시,남구,차대사람,횡단중,횡단중,과속,단일로,기타단일로,승용차,보행자,주간,12/26/2012,15,화요일,1167864,1723866,129.3507158,35.49651086
2012,1,1,,,,울산광역시,남구,차대차,추돌,주정차중 충돌,교차로 통행방법 위반,교차로,교차로부근,승용차,자전거,야간,12/31/2012,20,일요일,1166633,1726285,129.3376469,35.51851836
2012,1,2,,1,,울산광역시,동구,차대차,정면충돌,정면충돌,중앙선 침범,단일로,기타단일로,화물차,승용차,주간,2/2/2012,15,목요일,1173145,1723699,129.4088753,35.49409894
2012,1,2,1,,,울산광역시,동구,차량단독,공작물충돌,공작물충돌,안전운전 의무 불이행,단일로,기타단일로,승용차,없음,야간,3/1/2012,19,일요일,1173015,1723951,129.4074965,35.49639255
2012,1,1,,,,울산광역시,동구,차량단독,전도전복,전도전복,안전운전 의무 불이행,단일로,기타단일로,이륜차,없음,주간,8/10/2012,12,금요일,1175290,1727259,129.4332805,35.52580364
2012,1,1,,,,울산광역시,동구,차대사람,기타,기타,안전운전 의무 불이행,교차로,교차로부근,승용차,보행자,야간,8/13/2012,3,월요일,1174363,1728989,129.4234339,35.54155703
2012,1,2,,1,,울산광역시,동구,차대차,기타,기타,기타,교차로,교차로부근,이륜차,승용차,야간,10/4/2012,18,수요일,1174898,1729042,129.4293441,35.54194038
2012,1,1,,,,울산광역시,동구,차대사람,횡단중,횡단중,안전운전 의무 불이행,단일로,기타단일로,이륜차,보행자,야간,10/6/2012,19,금요일,1174940,1724539,129.4288357,35.50135402
2012,1,2,1,,,울산광역시,동구,차대사람,기타,기타,안전운전 의무 불이행,단일로,기타단일로,이륜차,보행자,야간,10/12/2012,2,목요일,1174757,1723613,129.4266197,35.49304153
2012,1,1,,,,울산광역시,동구,차대사람,보도통행중,보도통행중,보행자 보호의무 위반,단일로,횡단보도상,승용차,보행자,야간,10/13/2012,18,금요일,1174509,1723136,129.4237845,35.48878661
2012,1,1,,,,울산광역시,북구,차대차,정면충돌,정면충돌,신호위반,교차로,교차로내,원동기장치자전거,승합차,주간,2/1/2012,6,수요일,1168005,1740022,129.3556248,35.64208258
2012,1,1,,,,울산광역시,북구,차량단독,전도전복,전도전복,안전운전 의무 불이행,단일로,기타단일로,이륜차,없음,주간,2/20/2012,11,목요일,1168696,1731406,129.3614537,35.56431942
2012,1,1,,,,울산광역시,북구,차대사람,횡단중,횡단중,안전운전 의무 불이행,교차로,교차로내,승용차,보행자,야간,4/12/2012,21,월요일,1167313,1738650,129.3477005,35.6298359
2012,1,1,,,,울산광역시,북구,차대차,측면충돌,측면충돌,신호위반,교차로,교차로내,원동기장치자전거,화물차,야간,5/15/2012,4,화요일,1167616,1738164,129.3509441,35.62540481
2012,1,2,,1,,울산광역시,북구,차대차,추돌,진행중 추돌,안전운전 의무 불이행,교차로,교차로부근,화물차,승용차,주간,6/19/2012,10,목요일,1167611,1738190,129.3508943,35.62563996
2012,1,18,,16,1,울산광역시,북구,차대차,정면충돌,정면충돌,교차로 통행방법 위반,교차로,교차로내,승합차,화물차,주간,7/20/2012,8,금요일,1169218,1732221,129.3673836,35.57157584
2012,1,2,,,1,울산광역시,북구,차량단독,도로이탈,도로이탈 추락,기타,단일로,기타단일로,승용차,없음,주간,8/12/2012,7,일요일,1170899,1742260,129.3880485,35.66175385
2012,1,1,,,,울산광역시,북구,차대차,기타,기타,안전운전 의무 불이행,단일로,기타단일로,승용차,승용차,야간,8/29/2012,1,토요일,1167579,1739354,129.350783,35.63613511
2012,2,6,1,3,,울산광역시,북구,차대차,측면충돌,측면충돌,신호위반,교차로,교차로내,승합차,승용차,야간,9/2/2012,5,수요일,1167421,1738052,129.3487685,35.62442855
2012,1,1,,,,울산광역시,북구,차대사람,차도통행중,차도통행중,안전운전 의무 불이행,교차로,교차로내,화물차,보행자,야간,9/10/2012,18,목요일,1168589,1733858,129.3607847,35.58643461
2012,1,1,,,,울산광역시,북구,차대차,측면충돌,측면충돌,신호위반,교차로,교차로내,승용차,이륜차,야간,9/23/2012,20,토요일,1168289,1734639,129.3576377,35.5935239
2012,1,1,,,,울산광역시,북구,차량단독,전도전복,전도전복,안전운전 의무 불이행,단일로,기타단일로,이륜차,없음,주간,11/12/2012,12,화요일,1170095,1731060,129.3768107,35.56096205
2012,1,1,,,,울산광역시,북구,차대사람,길가장자리구역통행중,길가장자리구역통행중,안전운전 의무 불이행,단일로,기타단일로,화물차,보행자,야간,11/29/2012,20,월요일,1167070,1739168,129.3451255,35.63454514
2012,1,1,,,,울산광역시,북구,차대사람,횡단중,횡단중,안전운전 의무 불이행,단일로,기타단일로,화물차,보행자,주간,11/30/2012,12,화요일,1170827,1729307,129.3845137,35.54503852
2012,1,1,,,,울산광역시,북구,차대사람,횡단중,횡단중,안전운전 의무 불이행,교차로,교차로부근,승용차,보행자,야간,12/7/2012,21,화요일,1166994,1739761,129.3444094,35.63990199
2012,1,1,,,,울산광역시,북구,차대사람,횡단중,횡단중,안전운전 의무 불이행,교차로,교차로내,화물차,보행자,주간,12/12/2012,15,일요일,1167420,1738751,129.3489026,35.63072796
2012,1,2,1,,,울산광역시,북구,차대사람,횡단중,횡단중,신호위반,단일로,횡단보도상,이륜차,보행자,주간,1/3/2013,6,수요일,1170300,1730638,129.3789827,35.55712387
2012,1,2,,1,,울산광역시,북구,차대차,추돌,주정차중 충돌,안전운전 의무 불이행,교차로,교차로부근,화물차,화물차,주간,1/15/2013,16,월요일,1167303,1738660,129.3475922,35.62992771
2012,1,1,,,,울산광역시,울주군,차대사람,기타,기타,안전운전 의무 불이행,단일로,기타단일로,승용차,보행자,주간,1/20/2012,12,금요일,1152291,1721170,129.1785858,35.47472346
2012,1,1,,,,울산광역시,울주군,차대차,기타,기타,기타,단일로,기타단일로,건설기계,화물차,야간,1/24/2012,18,화요일,1168054,1716992,129.3513889,35.43453008
2012,1,1,,,,울산광역시,울주군,차대사람,기타,기타,안전운전 의무 불이행,단일로,기타단일로,화물차,보행자,야간,1/31/2012,21,화요일,1165610,1716972,129.3244724,35.43475961
2012,1,1,,,,울산광역시,울주군,차대차,정면충돌,정면충돌,안전운전 의무 불이행,교차로,교차로내,승용차,원동기장치자전거,주간,2/21/2012,11,금요일,1148845,1735364,129.1432284,35.60317059
2012,1,1,,,,울산광역시,울주군,차대차,측면충돌,측면충돌,중앙선 침범,단일로,기타단일로,특수차,승용차,야간,2/23/2012,3,일요일,1163996,1722766,129.3078678,35.48724394
2012,1,1,,,,울산광역시,울주군,차대차,측면충돌,측면충돌,안전운전 의무 불이행,단일로,기타단일로,승용차,원동기장치자전거,야간,2/27/2012,18,목요일,1166872,1715487,129.338066,35.4211657
2012,1,2,,1,,울산광역시,울주군,차대차,정면충돌,정면충돌,중앙선 침범,단일로,기타단일로,승용차,특수차,주간,3/17/2012,7,화요일,1153569,1724957,129.1933786,35.50866083
2012,1,2,1,,,울산광역시,울주군,차대사람,횡단중,횡단중,안전운전 의무 불이행,교차로,교차로부근,승용차,보행자,야간,3/21/2012,21,일요일,1153991,1717729,129.1966648,35.44344842
2012,1,1,,,,울산광역시,울주군,차량단독,공작물충돌,공작물충돌,안전운전 의무 불이행,교차로,교차로내,화물차,없음,야간,3/22/2012,21,월요일,1157950,1726123,129.2419022,35.51847712
2012,1,2,1,,,울산광역시,울주군,차량단독,전도전복,전도전복,안전운전 의무 불이행,단일로,기타단일로,승용차,없음,야간,3/29/2012,4,월요일,1152881,1730212,129.1867907,35.5561262
2012,1,1,,,,울산광역시,울주군,차대사람,횡단중,횡단중,안전운전 의무 불이행,단일로,기타단일로,승용차,보행자,야간,4/15/2012,20,목요일,1159047,1730450,129.2548412,35.55730034
2012,1,1,,,,울산광역시,울주군,차대사람,차도통행중,차도통행중,안전운전 의무 불이행,단일로,기타단일로,화물차,보행자,주간,4/26/2012,11,목요일,1143660,1726526,129.0844344,35.52428391
2012,1,4,1,2,,울산광역시,울주군,차대차,추돌,주정차중 충돌,안전운전 의무 불이행,단일로,기타단일로,화물차,승용차,주간,5/1/2012,11,화요일,1156260,1732083,129.2244188,35.57246134
2012,2,3,1,,,울산광역시,울주군,차량단독,전도전복,전도전복,안전운전 의무 불이행,단일로,기타단일로,승용차,없음,야간,5/23/2012,23,금요일,1157787,1731763,129.2411997,35.56933338
2012,1,2,,1,,울산광역시,울주군,차대차,추돌,진행중 추돌,안전운전 의무 불이행,단일로,기타단일로,화물차,화물차,주간,5/25/2012,13,일요일,1152542,1746323,129.1861032,35.7013794
2012,1,1,,,,울산광역시,울주군,차량단독,전도전복,전도전복,안전운전 의무 불이행,단일로,기타단일로,승용차,없음,야간,6/6/2012,1,금요일,1142153,1729793,129.068388,35.55394471
2012,1,1,,,,울산광역시,울주군,차대사람,차도통행중,차도통행중,안전운전 의무 불이행,단일로,기타단일로,승용차,보행자,야간,6/10/2012,20,화요일,1163284,1723416,129.3001486,35.49322199
2012,1,1,,,,울산광역시,울주군,차대사람,횡단중,횡단중,안전운전 의무 불이행,단일로,기타단일로,승용차,보행자,주간,7/6/2012,10,수요일,1151104,1741521,129.1693083,35.65832351
2012,1,1,,,,울산광역시,울주군,차대차,정면충돌,정면충돌,안전운전 의무 불이행,단일로,기타단일로,화물차,승용차,주간,7/14/2012,14,목요일,1163640,1722546,129.303905,35.4853154
2012,1,1,,,,울산광역시,울주군,차량단독,공작물충돌,공작물충돌,안전운전 의무 불이행,단일로,기타단일로,화물차,없음,야간,7/24/2012,5,화요일,1146412,1728381,129.1151108,35.54060065
2012,1,1,,,,울산광역시,울주군,차량단독,공작물충돌,공작물충돌,안전운전 의무 불이행,단일로,기타단일로,승용차,없음,주간,7/26/2012,8,목요일,1158248,1727288,129.2454114,35.528931
2012,1,1,,,,울산광역시,울주군,차대사람,횡단중,횡단중,안전운전 의무 불이행,교차로,교차로부근,화물차,보행자,주간,8/2/2012,8,목요일,1143955,1733970,129.0890108,35.5913349
2012,1,1,,,,울산광역시,울주군,차대사람,보도통행중,보도통행중,안전운전 의무 불이행,단일로,기타단일로,화물차,보행자,야간,8/12/2012,0,일요일,1141829,1736877,129.0660674,35.61784047
2012,1,1,,,,울산광역시,울주군,차량단독,공작물충돌,공작물충돌,안전운전 의무 불이행,단일로,기타단일로,승용차,없음,주간,9/6/2012,14,일요일,1162710,1723282,129.2938007,35.4921058
2012,1,1,,,,울산광역시,울주군,차량단독,공작물충돌,공작물충돌,안전운전 의무 불이행,단일로,터널안,승용차,없음,야간,9/8/2012,0,화요일,1160774,1715493,129.2709325,35.42222413
2012,1,1,,,,울산광역시,울주군,차량단독,전도전복,전도전복,안전운전 의무 불이행,단일로,기타단일로,자전거,없음,야간,9/9/2012,20,수요일,1166164,1716262,129.3304281,35.4282686
2012,1,1,,,,울산광역시,울주군,차대차,추돌,주정차중 충돌,안전운전 의무 불이행,단일로,기타단일로,화물차,화물차,야간,9/11/2012,22,금요일,1161384,1714924,129.2775328,35.41699918
2012,1,2,1,,,울산광역시,울주군,차량단독,공작물충돌,공작물충돌,안전운전 의무 불이행,단일로,기타단일로,승용차,없음,야간,9/12/2012,2,토요일,1156082,1732174,129.2224728,35.57330955
2012,1,1,,,,울산광역시,울주군,차대차,측면충돌,측면충돌,안전운전 의무 불이행,교차로,교차로내,승용차,원동기장치자전거,주간,9/18/2012,16,금요일,1145258,1727517,129.1022303,35.53298313
2012,1,1,,,,울산광역시,울주군,차량단독,공작물충돌,공작물충돌,안전운전 의무 불이행,단일로,기타단일로,승용차,없음,야간,9/17/2012,4,일요일,1147693,1732185,129.1299354,35.5746994
2012,1,1,,,,울산광역시,울주군,차대차,측면충돌,측면충돌,안전운전 의무 불이행,교차로,교차로내,승용차,이륜차,주간,9/19/2012,16,화요일,1158255,1727002,129.2454327,35.52635231
2012,1,1,,,,울산광역시,울주군,차대차,추돌,진행중 추돌,안전운전 의무 불이행,단일로,기타단일로,승용차,화물차,야간,9/29/2012,21,목요일,1159364,1714151,129.2551399,35.41035516
2012,1,1,,,,울산광역시,울주군,차대차,추돌,진행중 추돌,안전운전 의무 불이행,단일로,기타단일로,화물차,화물차,주간,10/6/2012,13,금요일,1151128,1741429,129.1695561,35.65749067
2012,1,1,,,,울산광역시,울주군,차대차,추돌,주정차중 충돌,안전거리 미확보,교차로,교차로부근,화물차,화물차,야간,10/11/2012,5,수요일,1156000,1721212,129.2194591,35.47452655
2012,1,1,,,,울산광역시,울주군,차대차,기타,기타,안전운전 의무 불이행,단일로,기타단일로,원동기장치자전거,화물차,주간,10/16/2012,14,수요일,1165992,1715556,129.3283905,35.42193829
2012,2,4,2,,,울산광역시,울주군,차량단독,공작물충돌,공작물충돌,안전운전 의무 불이행,단일로,기타단일로,승용차,없음,주간,10/20/2012,17,일요일,1148134,1733438,129.1350255,35.58592312
2012,1,1,,,,울산광역시,울주군,차량단독,공작물충돌,공작물충돌,안전운전 의무 불이행,단일로,기타단일로,화물차,없음,야간,11/5/2012,4,화요일,1167439,1719274,129.3450862,35.45519934
2012,1,2,,1,,울산광역시,울주군,차대차,추돌,진행중 추돌,안전거리 미확보,단일로,기타단일로,승용차,농기계,주간,11/6/2012,10,수요일,1152768,1745067,129.1883572,35.69002568
2012,1,1,,,,울산광역시,울주군,차대사람,기타,기타,안전운전 의무 불이행,단일로,기타단일로,승용차,보행자,야간,11/19/2012,18,금요일,1161807,1737663,129.2867258,35.62185899
2012,1,1,,,,울산광역시,울주군,차대사람,기타,기타,안전운전 의무 불이행,교차로,교차로부근,이륜차,보행자,야간,12/10/2012,18,금요일,1164690,1716964,129.3143389,35.43483932
2012,1,4,,1,2,울산광역시,울주군,차대차,기타,기타,중앙선 침범,단일로,기타단일로,승합차,승용차,야간,12/25/2012,2,월요일,1158098,1726622,129.2436277,35.52295262
2012,1,1,,,,울산광역시,울주군,차대차,기타,기타,중앙선 침범,단일로,기타단일로,승용차,화물차,야간,1/13/2013,23,토요일,1164306,1721102,129.3109472,35.47219638
2012,1,1,,,,울산광역시,중구,차대사람,횡단중,횡단중,안전운전 의무 불이행,교차로,교차로내,승용차,보행자,주간,1/31/2012,6,화요일,1166497,1730435,129.3370006,35.55594097
2012,1,1,,,,울산광역시,중구,차대사람,횡단중,횡단중,안전운전 의무 불이행,단일로,기타단일로,승용차,보행자,야간,3/10/2012,19,화요일,1166535,1729932,129.3373162,35.55140156
2012,1,1,,,,울산광역시,중구,차대사람,횡단중,횡단중,안전운전 의무 불이행,단일로,기타단일로,승용차,보행자,야간,4/18/2012,20,일요일,1164128,1730054,129.3107973,35.5529027
2012,1,1,,,,울산광역시,중구,차대사람,차도통행중,차도통행중,안전운전 의무 불이행,교차로,교차로부근,승용차,보행자,야간,4/18/2012,23,일요일,1164112,1730062,129.3106225,35.55297745
2012,1,1,,,,울산광역시,중구,차대사람,횡단중,횡단중,안전운전 의무 불이행,단일로,기타단일로,승용차,보행자,야간,4/26/2012,20,목요일,1164390,1730736,129.3138252,35.5590055
2012,1,1,,,,울산광역시,중구,차량단독,기타,기타,안전운전 의무 불이행,단일로,기타단일로,원동기장치자전거,없음,야간,5/7/2012,3,월요일,1167766,1730981,129.3511084,35.56064736
2012,1,1,,,,울산광역시,중구,차대차,추돌,진행중 추돌,안전거리 미확보,교차로,교차로부근,승용차,승합차,주간,5/10/2012,6,목요일,1165327,1730216,129.3240528,35.55416329
2012,1,1,,,,울산광역시,중구,차대사람,기타,기타,안전운전 의무 불이행,교차로,교차로내,승합차,보행자,야간,6/1/2012,22,일요일,1167456,1733190,129.3481468,35.58060708
2012,1,1,,,,울산광역시,중구,차대차,측면충돌,측면충돌,안전운전 의무 불이행,단일로,기타단일로,승합차,자전거,야간,6/18/2012,21,수요일,1166924,1731745,129.3419798,35.56767474
2012,1,1,,,,울산광역시,중구,차량단독,공작물충돌,공작물충돌,기타,교차로,교차로부근,승합차,없음,주간,7/31/2012,15,화요일,1166258,1730383,129.3343542,35.55551248
2012,1,1,,,,울산광역시,중구,차대차,측면충돌,측면충돌,안전운전 의무 불이행,단일로,기타단일로,화물차,자전거,주간,8/24/2012,12,월요일,1165306,1729975,129.323772,35.55199489
2012,1,1,,,,울산광역시,중구,차량단독,기타,기타,안전운전 의무 불이행,단일로,기타단일로,자전거,없음,야간,9/4/2012,18,금요일,1167633,1730071,129.349452,35.55246907
2012,1,1,,,,울산광역시,중구,차대사람,횡단중,횡단중,안전운전 의무 불이행,단일로,횡단보도부근,화물차,보행자,야간,10/26/2012,19,토요일,1166577,1731096,129.3380189,35.56188442
2012,1,1,,,,울산광역시,중구,차대사람,횡단중,횡단중,안전운전 의무 불이행,교차로,교차로부근,승용차,보행자,야간,11/4/2012,22,일요일,1167285,1733190,129.3462604,35.58063599
2012,1,2,1,,,울산광역시,중구,차대사람,횡단중,횡단중,안전운전 의무 불이행,교차로,교차로부근,화물차,보행자,야간,11/13/2012,5,수요일,1166561,1730478,129.3377152,35.55631772
2012,1,1,,,,울산광역시,중구,차대사람,기타,기타,안전운전 의무 불이행,교차로,교차로부근,승용차,보행자,야간,11/14/2012,18,목요일,1164222,1732354,129.3123007,35.5736149
2012,1,1,,,,울산광역시,중구,차대사람,기타,기타,안전운전 의무 불이행,교차로,교차로부근,화물차,보행자,주간,11/25/2012,11,목요일,1165629,1730188,129.3273776,35.55386051
2012,1,1,,,,울산광역시,중구,차대차,기타,기타,안전운전 의무 불이행,교차로,교차로부근,화물차,승합차,주간,12/14/2012,6,화요일,1167059,1733166,129.3437623,35.58045788
2012,1,2,1,,,세종특별자치시,세종특별자치시,차량단독,공작물충돌,공작물충돌,안전운전 의무 불이행,기타/불명,기타/불명,승용차,없음,주간,7/18/2012,7,수요일,981548,1836927,127.2938805,36.52987789
2012,1,1,,,,세종특별자치시,세종특별자치시,차대차,추돌,진행중 추돌,중앙선 침범,단일로,기타단일로,화물차,승용차,야간,7/19/2012,2,목요일,981288,1847166,127.2907318,36.62217397
2012,1,1,,,,세종특별자치시,세종특별자치시,차대사람,기타,기타,안전운전 의무 불이행,교차로,교차로부근,승합차,보행자,야간,7/29/2012,3,일요일,982146,1844975,127.3003739,36.60244224
2012,1,1,,,,세종특별자치시,세종특별자치시,차대차,측면충돌,측면충돌,기타,교차로,교차로내,화물차,원동기장치자전거,야간,7/29/2012,5,일요일,984559,1838773,127.3274803,36.54657584
2012,1,1,,,,세종특별자치시,세종특별자치시,차량단독,도로이탈,도로이탈 기타,안전운전 의무 불이행,단일로,기타단일로,화물차,없음,야간,8/22/2012,0,토요일,982844,1841294,127.3082603,36.56927082
2012,1,1,,,,세종특별자치시,세종특별자치시,차대차,추돌,주정차중 충돌,안전운전 의무 불이행,단일로,기타단일로,화물차,화물차,주간,8/26/2012,14,수요일,979372,1838050,127.2695435,36.53995733
2012,2,4,,2,,세종특별자치시,세종특별자치시,차대사람,기타,기타,안전운전 의무 불이행,단일로,기타단일로,승용차,보행자,주간,9/1/2012,14,화요일,972073,1853521,127.1874364,36.67923941
2012,1,1,,,,세종특별자치시,세종특별자치시,차대차,측면충돌,측면충돌,중앙선 침범,단일로,기타단일로,원동기장치자전거,승용차,주간,9/29/2012,7,금요일,988047,1837579,127.3664678,36.53585912
2012,1,1,,,,세종특별자치시,세종특별자치시,차대차,추돌,진행중 추돌,안전운전 의무 불이행,교차로,교차로부근,원동기장치자전거,승용차,주간,10/8/2012,10,일요일,981999,1843427,127.2987665,36.58848428
2012,1,1,,,,세종특별자치시,세종특별자치시,차대차,추돌,진행중 추돌,안전운전 의무 불이행,단일로,기타단일로,승용차,농기계,야간,10/11/2012,19,수요일,980772,1828134,127.285431,36.45059247
2012,1,1,,,,세종특별자치시,세종특별자치시,차대차,정면충돌,정면충돌,안전운전 의무 불이행,교차로,교차로내,화물차,자전거,주간,10/27/2012,17,일요일,981211,1845050,127.2899179,36.6031004
2012,1,2,1,,,세종특별자치시,세종특별자치시,차량단독,기타,기타,안전운전 의무 불이행,단일로,기타단일로,이륜차,없음,주간,12/2/2012,13,목요일,979504,1849932,127.2707015,36.6470761
2012,1,1,,,,세종특별자치시,세종특별자치시,차량단독,공작물충돌,공작물충돌,안전운전 의무 불이행,교차로,교차로내,승용차,없음,주간,12/18/2012,12,월요일,970591,1860853,127.170569,36.74529244
2012,1,1,,,,경기도,가평군,차량단독,도로이탈,도로이탈 추락,안전운전 의무 불이행,단일로,기타단일로,승용차,없음,야간,1/21/2012,22,토요일,996258,1968444,127.4575426,37.71557439
2012,2,3,1,,,경기도,가평군,차량단독,도로이탈,도로이탈 추락,안전운전 의무 불이행,기타/불명,기타/불명,승용차,없음,주간,1/22/2012,16,일요일,987080,1971893,127.3533473,37.74657681
2012,1,1,,,,경기도,가평군,차대차,정면충돌,정면충돌,교차로 통행방법 위반,교차로,교차로내,승합차,이륜차,주간,2/6/2012,16,월요일,993221,1970878,127.4230647,37.73749737
2012,1,1,,,,경기도,가평군,차량단독,도로이탈,도로이탈 추락,안전운전 의무 불이행,단일로,기타단일로,화물차,없음,야간,3/8/2012,18,일요일,993482,1969170,127.4260413,37.72210432
2012,1,2,1,,,경기도,가평군,차대차,정면충돌,정면충돌,중앙선 침범,단일로,기타단일로,이륜차,이륜차,주간,4/23/2012,14,월요일,996949,1954126,127.4654426,37.58652261
2012,1,7,1,5,,경기도,가평군,차대차,추돌,주정차중 충돌,안전운전 의무 불이행,단일로,교량위,이륜차,이륜차,주간,4/23/2012,15,월요일,992027,1969776,127.4095271,37.72755101
2012,1,1,,,,경기도,가평군,차대차,정면충돌,정면충돌,중앙선 침범,단일로,기타단일로,이륜차,화물차,주간,6/13/2012,17,금요일,997594,1960676,127.4727267,37.64556287
2012,1,1,,,,경기도,가평군,차대사람,기타,기타,안전운전 의무 불이행,단일로,기타단일로,승용차,보행자,야간,7/3/2012,21,일요일,992292,1970602,127.4125208,37.73500032
2012,1,1,,,,경기도,가평군,차대사람,차도통행중,차도통행중,안전운전 의무 불이행,단일로,기타단일로,승용차,보행자,야간,7/17/2012,1,일요일,1004097,1986757,127.5465889,37.88063173
2012,1,1,,,,경기도,가평군,차대차,정면충돌,정면충돌,중앙선 침범,단일로,기타단일로,승용차,이륜차,야간,8/7/2012,18,화요일,988748,1977503,127.3721925,37.79716396
2012,1,1,,,,경기도,가평군,차량단독,기타,기타,안전운전 의무 불이행,단일로,터널안,승용차,없음,야간,9/10/2012,22,목요일,1002561,1964732,127.5290491,37.68211815
2012,1,1,,,,경기도,가평군,차대차,기타,기타,기타,단일로,기타단일로,승합차,승용차,주간,9/30/2012,9,토요일,1002969,1965021,127.5336729,37.68472449
2012,1,1,,,,경기도,가평군,차대사람,횡단중,횡단중,안전거리 미확보,교차로,교차로내,화물차,보행자,주간,10/1/2012,10,일요일,1001397,1984290,127.5158812,37.85840456
2012,1,2,,1,,경기도,가평군,차대차,측면충돌,측면충돌,중앙선 침범,단일로,기타단일로,이륜차,승용차,주간,10/16/2012,14,수요일,997777,1954631,127.4748195,37.59107681
2012,1,4,3,,,경기도,가평군,차대차,정면충돌,정면충돌,중앙선 침범,단일로,기타단일로,승용차,승용차,야간,11/14/2012,22,목요일,1003991,1987938,127.54539,37.89127664
2012,1,1,,,,경기도,가평군,차대사람,횡단중,횡단중,안전운전 의무 불이행,단일로,횡단보도상,승용차,보행자,야간,12/6/2012,5,월요일,992823,1970967,127.4185435,37.73829449
2012,1,2,1,,,경기도,가평군,차대차,기타,기타,중앙선 침범,단일로,기타단일로,이륜차,승용차,야간,1/8/2013,18,월요일,980781,1983342,127.2815435,37.84965856
2012,1,1,,,,경기도,고양시,차대사람,횡단중,횡단중,안전운전 의무 불이행,단일로,횡단보도상,승합차,보행자,주간,1/17/2012,7,화요일,933931,1964179,126.750785,37.67476033
2012,1,2,1,,,경기도,고양시,차대차,정면충돌,정면충돌,중앙선 침범,단일로,기타단일로,승용차,화물차,야간,2/4/2012,18,토요일,944853,1957660,126.8751243,37.61672692
2012,1,1,,,,경기도,고양시,차대차,추돌,주정차중 충돌,안전운전 의무 불이행,단일로,터널안,화물차,화물차,주간,2/21/2012,15,금요일,931940,1962861,126.7283322,37.66273616
2012,1,2,,1,,경기도,고양시,차대차,측면충돌,측면충돌,안전운전 의무 불이행,단일로,기타단일로,승용차,화물차,주간,2/23/2012,16,일요일,945627,1966428,126.8832407,37.69579818
2012,1,1,,,,경기도,고양시,차대차,기타,기타,안전운전 의무 불이행,단일로,기타단일로,승용차,화물차,주간,2/28/2012,11,금요일,933343,1961231,126.7443871,37.64814854
2012,1,1,,,,경기도,고양시,차대사람,기타,기타,안전운전 의무 불이행,단일로,기타단일로,승용차,보행자,야간,2/29/2012,5,토요일,927699,1965436,126.6799965,37.68561892
2012,1,5,3,1,,경기도,고양시,차대차,정면충돌,정면충돌,안전운전 의무 불이행,교차로,교차로내,승용차,승용차,야간,3/16/2012,1,월요일,943294,1967658,126.8566803,37.70674533
2012,1,1,,,,경기도,고양시,차대사람,횡단중,횡단중,안전운전 의무 불이행,단일로,기타단일로,승용차,보행자,야간,3/16/2012,1,월요일,941626,1958243,126.8385189,37.62178461
2012,1,2,,,1,경기도,고양시,차대차,기타,기타,안전운전 의무 불이행,단일로,기타단일로,승용차,승용차,야간,3/21/2012,2,일요일,937949,1964504,126.7963178,37.67797009
2012,1,1,,,,경기도,고양시,차대사람,횡단중,횡단중,안전운전 의무 불이행,단일로,기타단일로,승합차,보행자,주간,4/2/2012,12,금요일,942557,1969182,126.8482077,37.72043119
2012,1,1,,,,경기도,고양시,차대사람,기타,기타,안전운전 의무 불이행,단일로,횡단보도상,승합차,보행자,주간,4/13/2012,17,화요일,934803,1963727,126.7607118,37.67075188
2012,1,1,,,,경기도,고양시,차대사람,횡단중,횡단중,안전운전 의무 불이행,단일로,횡단보도부근,승용차,보행자,야간,4/20/2012,0,금요일,941126,1960297,126.8326834,37.64026265
2012,1,1,,,,경기도,고양시,차대차,정면충돌,정면충돌,신호위반,교차로,교차로내,이륜차,승합차,주간,4/21/2012,6,토요일,934575,1963809,126.7581206,37.67147181
2012,1,1,,,,경기도,고양시,차대사람,횡단중,횡단중,안전운전 의무 불이행,단일로,횡단보도부근,승용차,보행자,야간,4/23/2012,0,월요일,934182,1964831,126.7535734,37.68065912
2012,1,1,,,,경기도,고양시,차대차,기타,기타,기타,기타/불명,기타/불명,화물차,화물차,주간,5/2/2012,15,수요일,939389,1965947,126.8125268,37.69107176
2012,1,1,,,,경기도,고양시,차대사람,횡단중,횡단중,과속,교차로,교차로부근,승용차,보행자,야간,5/4/2012,0,금요일,936322,1965046,126.777821,37.68274343
2012,1,1,,,,경기도,고양시,차대차,추돌,진행중 추돌,안전운전 의무 불이행,단일로,기타단일로,화물차,자전거,주간,5/15/2012,15,화요일,935286,1961383,126.7663952,37.64965837
2012,1,1,,,,경기도,고양시,차대사람,횡단중,횡단중,안전운전 의무 불이행,단일로,기타단일로,승용차,보행자,야간,5/21/2012,21,수요일,939043,1963012,126.8088481,37.66459644
2012,1,2,1,,,경기도,고양시,차대차,측면충돌,측면충돌,신호위반,교차로,교차로내,승용차,승용차,야간,5/25/2012,5,일요일,940021,1958998,126.8202639,37.6284843
2012,1,1,,,,경기도,고양시,차대차,추돌,진행중 추돌,안전운전 의무 불이행,단일로,기타단일로,이륜차,화물차,야간,5/26/2012,20,월요일,944071,1960207,126.8660738,37.63963291
2012,1,1,,,,경기도,고양시,차대차,측면충돌,측면충돌,안전운전 의무 불이행,단일로,기타단일로,원동기장치자전거,화물차,주간,5/31/2012,8,토요일,947164,1965513,126.9007371,37.68764488