사고년도,사망자수,부상자수,중상자수,경상자수,부상신고자수,시도,시군구,사고유형 대분류,사고유형 중분류,사고유형,가해자법규위반,도로형태 대분류,도로형태,가해당사자 종별,피해당사자 종별,주야구분,발생일,발생시간,발생요일,발생위치X좌표 (EPSG 5179),발생위치Y좌표 (EPSG 5179),경도좌표,위도좌표
2012,1,1,,,,경기도,고양시,차대차,측면충돌,측면충돌,교차로 통행방법 위반,교차로,교차로내,승용차,자전거,주간,6/1/2012,15,일요일,941271,1958572,126.8344611,37.62472359
2012,1,1,,,,경기도,고양시,차량단독,공작물충돌,공작물충돌,안전운전 의무 불이행,단일로,기타단일로,승용차,없음,주간,6/4/2012,15,수요일,936864,1959097,126.7844821,37.62916422
2012,1,2,1,,,경기도,고양시,차대차,정면충돌,정면충돌,중앙선 침범,단일로,기타단일로,승용차,승용차,주간,6/20/2012,16,월요일,945961,1960408,126.8874719,37.64155761
2012,1,1,,,,경기도,고양시,차대차,측면충돌,측면충돌,안전거리 미확보,단일로,기타단일로,원동기장치자전거,승합차,주간,6/24/2012,16,금요일,933066,1964368,126.7409538,37.67640366
2012,1,1,,,,경기도,고양시,차대사람,횡단중,횡단중,안전운전 의무 불이행,단일로,횡단보도상,승합차,보행자,주간,7/6/2012,17,수요일,934803,1963727,126.7607118,37.67075188
2012,1,3,,2,,경기도,고양시,차대차,측면충돌,측면충돌,신호위반,교차로,교차로내,이륜차,승용차,야간,7/19/2012,21,목요일,931546,1965393,126.7236265,37.68552848
2012,1,2,,1,,경기도,고양시,차대사람,보도통행중,보도통행중,기타,교차로,교차로부근,화물차,보행자,주간,7/23/2012,7,월요일,942655,1965098,126.8496356,37.68363003
2012,1,1,,,,경기도,고양시,차대사람,횡단중,횡단중,안전운전 의무 불이행,단일로,기타단일로,승합차,보행자,주간,7/25/2012,16,수요일,941505,1962029,126.8368402,37.6558971
2012,1,1,,,,경기도,고양시,차대사람,기타,기타,안전운전 의무 불이행,단일로,횡단보도부근,승용차,보행자,야간,7/25/2012,21,수요일,935564,1965257,126.7692052,37.68459394
2012,1,2,1,,,경기도,고양시,차량단독,공작물충돌,공작물충돌,안전운전 의무 불이행,단일로,기타단일로,승용차,없음,야간,7/28/2012,19,토요일,947597,1960983,126.9059769,37.6468376
2012,1,1,,,,경기도,고양시,차대사람,기타,기타,안전운전 의무 불이행,단일로,기타단일로,승용차,보행자,야간,8/3/2012,0,금요일,942093,1954412,126.8441094,37.58728322
2012,1,1,,,,경기도,고양시,차대사람,횡단중,횡단중,신호위반,단일로,횡단보도상,승합차,보행자,주간,8/3/2012,15,금요일,935882,1966287,126.7727233,37.69390092
2012,1,4,2,1,,경기도,고양시,차대차,측면충돌,측면충돌,신호위반,교차로,교차로내,승용차,이륜차,야간,8/5/2012,2,일요일,934049,1964713,126.7520747,37.67958156
2012,1,1,,,,경기도,고양시,차대사람,횡단중,횡단중,안전운전 의무 불이행,단일로,횡단보도상,화물차,보행자,야간,8/21/2012,20,금요일,937275,1968427,126.788337,37.71328094
2012,1,2,,1,,경기도,고양시,차대차,측면충돌,측면충돌,안전운전 의무 불이행,교차로,교차로내,원동기장치자전거,승용차,야간,8/31/2012,21,월요일,936869,1960920,126.7843812,37.64559481
2012,1,2,1,,,경기도,고양시,차대차,측면충돌,측면충돌,교차로 통행방법 위반,교차로,교차로내,승합차,원동기장치자전거,주간,9/16/2012,10,수요일,941167,1959034,126.8332498,37.62888205
2012,1,1,,,,경기도,고양시,차대사람,횡단중,횡단중,신호위반,단일로,기타단일로,화물차,보행자,야간,10/3/2012,21,화요일,942143,1962875,126.8440057,37.66356239
2012,1,1,,,,경기도,고양시,차대사람,기타,기타,안전운전 의무 불이행,단일로,교량위,승합차,보행자,야간,10/7/2012,19,토요일,944058,1965286,126.8655321,37.68541112
2012,1,1,,,,경기도,고양시,차대사람,차도통행중,차도통행중,안전운전 의무 불이행,단일로,기타단일로,승합차,보행자,야간,10/7/2012,20,토요일,941427,1958854,126.836214,37.62727727
2012,1,1,,,,경기도,고양시,차량단독,공작물충돌,공작물충돌,안전운전 의무 불이행,단일로,기타단일로,승용차,없음,야간,10/9/2012,3,월요일,947313,1958054,126.902969,37.62042235
2012,1,1,,,,경기도,고양시,차대사람,차도통행중,차도통행중,안전운전 의무 불이행,단일로,기타단일로,승용차,보행자,야간,10/15/2012,22,화요일,935550,1963016,126.7692457,37.66439378
2012,1,1,,,,경기도,고양시,차대사람,횡단중,횡단중,안전운전 의무 불이행,단일로,기타단일로,승용차,보행자,야간,10/21/2012,3,월요일,933603,1964361,126.7470493,37.67637694
2012,1,2,,1,,경기도,고양시,차대사람,횡단중,횡단중,보행자 보호의무 위반,교차로,교차로내,승용차,보행자,주간,11/2/2012,14,토요일,934538,1963845,126.757702,37.671798
2012,1,1,,,,경기도,고양시,차대사람,기타,기타,안전운전 의무 불이행,교차로,교차로부근,승용차,보행자,야간,12/8/2012,19,수요일,934121,1963934,126.7529618,37.67256188
2012,1,1,,,,경기도,고양시,차대차,추돌,진행중 추돌,신호위반,교차로,교차로내,화물차,화물차,주간,12/15/2012,6,수요일,939423,1963232,126.8131427,37.66660532
2012,1,1,,,,경기도,고양시,차대사람,기타,기타,안전운전 의무 불이행,단일로,기타단일로,화물차,보행자,야간,12/18/2012,18,월요일,942121,1969720,126.8432123,37.72525346
2012,1,1,,,,경기도,고양시,차대사람,차도통행중,차도통행중,안전운전 의무 불이행,단일로,기타단일로,승용차,보행자,야간,12/19/2012,20,화요일,935906,1961964,126.7733743,37.65493736
2012,1,1,,,,경기도,고양시,차대사람,기타,기타,안전운전 의무 불이행,단일로,횡단보도부근,승합차,보행자,주간,12/22/2012,9,금요일,937260,1961679,126.7887478,37.65246228
2012,1,2,1,,,경기도,고양시,차대차,측면충돌,측면충돌,신호위반,교차로,교차로내,승합차,승용차,주간,12/30/2012,7,토요일,933944,1963556,126.7509889,37.66914639
2012,1,1,,,,경기도,고양시,차량단독,공작물충돌,공작물충돌,안전운전 의무 불이행,교차로,교차로내,승용차,없음,야간,1/5/2013,5,금요일,943294,1967658,126.8566803,37.70674533
2012,1,1,,,,경기도,고양시,차량단독,전도전복,전도전복,안전운전 의무 불이행,단일로,기타단일로,승용차,없음,야간,1/11/2013,23,목요일,937914,1957959,126.7964776,37.61897922
2012,1,3,1,1,,경기도,고양시,차대사람,횡단중,횡단중,보행자 보호의무 위반,단일로,횡단보도상,승용차,보행자,야간,1/11/2013,23,목요일,940818,1959059,126.8292928,37.62908496
2012,2,2,,,,경기도,과천시,차량단독,공작물충돌,공작물충돌,과속,단일로,기타단일로,승용차,없음,야간,4/4/2012,3,일요일,955716,1936444,126.9994881,37.4260886
2012,1,2,,1,,경기도,과천시,차대사람,기타,기타,기타,교차로,교차로부근,승용차,보행자,주간,11/5/2012,10,화요일,955057,1936742,126.992022,37.42874283
2012,1,2,1,,,경기도,과천시,차량단독,공작물충돌,공작물충돌,안전운전 의무 불이행,단일로,지하차도(도로)내,이륜차,없음,주간,11/20/2012,13,수요일,955464,1938541,126.9965134,37.44497945
2012,1,1,,,,경기도,광명시,차량단독,전도전복,전도전복,안전운전 의무 불이행,단일로,기타단일로,화물차,없음,주간,1/17/2012,13,화요일,942611,1938181,126.8512438,37.44102462
2012,1,1,,,,경기도,광명시,차대사람,횡단중,횡단중,보행자 보호의무 위반,교차로,교차로부근,승합차,보행자,야간,2/3/2012,19,금요일,946341,1939395,126.8933192,37.45219061
2012,1,1,,,,경기도,광명시,차대사람,횡단중,횡단중,안전운전 의무 불이행,교차로,교차로부근,승합차,보행자,야간,2/4/2012,18,토요일,945295,1936176,126.8817322,37.42311571
2012,1,1,,,,경기도,광명시,차대차,기타,기타,안전운전 의무 불이행,교차로,교차로부근,승용차,승용차,주간,2/7/2012,11,화요일,943118,1941390,126.856725,37.46997557
2012,1,1,,,,경기도,광명시,차대차,측면충돌,측면충돌,신호위반,교차로,교차로내,승용차,원동기장치자전거,야간,2/26/2012,22,수요일,945071,1939980,126.8789174,37.45738876
2012,1,1,,,,경기도,광명시,차대사람,횡단중,횡단중,안전운전 의무 불이행,단일로,기타단일로,승용차,보행자,주간,3/11/2012,6,수요일,942620,1941660,126.8510747,37.47238194
2012,1,1,,,,경기도,광명시,차대차,측면충돌,측면충돌,안전운전 의무 불이행,단일로,기타단일로,승용차,원동기장치자전거,주간,4/2/2012,10,금요일,944296,1941835,126.870016,37.47405845
2012,1,1,,,,경기도,광명시,차대사람,차도통행중,차도통행중,안전운전 의무 불이행,단일로,기타단일로,승합차,보행자,야간,4/17/2012,22,토요일,944257,1939900,126.8697201,37.45661898
2012,1,1,,,,경기도,광명시,차대사람,기타,기타,안전운전 의무 불이행,단일로,기타단일로,승용차,보행자,야간,4/18/2012,20,일요일,942136,1940511,126.8456916,37.46199567
2012,1,1,,,,경기도,광명시,차대사람,횡단중,횡단중,안전운전 의무 불이행,교차로,교차로내,화물차,보행자,야간,5/8/2012,20,화요일,942663,1941772,126.8515522,37.47339408
2012,1,1,,,,경기도,광명시,차대차,추돌,주정차중 충돌,안전거리 미확보,단일로,기타단일로,원동기장치자전거,화물차,주간,6/24/2012,7,금요일,944655,1942220,126.8740456,37.47755346
2012,1,1,,,,경기도,광명시,차대사람,횡단중,횡단중,신호위반,교차로,교차로내,이륜차,보행자,야간,7/27/2012,22,금요일,944066,1941758,126.8674195,37.47335391
2012,1,2,,1,,경기도,광명시,차량단독,공작물충돌,공작물충돌,안전운전 의무 불이행,단일로,기타단일로,원동기장치자전거,없음,야간,8/5/2012,3,일요일,945838,1937258,126.8877928,37.43289641
2012,1,1,,,,경기도,광명시,차대차,측면충돌,측면충돌,안전거리 미확보,단일로,기타단일로,화물차,이륜차,야간,8/9/2012,18,목요일,942437,1935528,126.8494839,37.41710181
2012,1,1,,,,경기도,광명시,차대차,추돌,진행중 추돌,기타,교차로,교차로부근,자전거,승합차,주간,10/21/2012,10,월요일,945735,1937138,126.8866295,37.43180874
2012,1,1,,,,경기도,광명시,차대사람,기타,기타,안전운전 의무 불이행,단일로,기타단일로,승용차,보행자,야간,11/9/2012,19,토요일,944092,1942802,126.8676342,37.48276521
2012,1,1,,,,경기도,광명시,차량단독,공작물충돌,공작물충돌,안전운전 의무 불이행,단일로,기타단일로,이륜차,없음,야간,12/9/2012,3,목요일,945111,1938247,126.8794987,37.44177123
2012,1,1,,,,경기도,광명시,차대사람,기타,기타,안전운전 의무 불이행,단일로,기타단일로,자전거,보행자,야간,12/9/2012,22,목요일,944670,1942293,126.8742098,37.47821232
2012,1,1,,,,경기도,광명시,차대차,측면충돌,측면충돌,안전운전 의무 불이행,교차로,교차로내,승용차,자전거,주간,12/15/2012,15,수요일,945477,1939040,126.8835773,37.44894037
2012,1,1,,,,경기도,광명시,차대사람,기타,기타,안전운전 의무 불이행,단일로,기타단일로,승합차,보행자,주간,12/24/2012,9,일요일,944812,1940836,126.8759204,37.4650922
2012,1,2,,1,,경기도,광명시,차대차,추돌,진행중 추돌,안전운전 의무 불이행,단일로,기타단일로,화물차,화물차,야간,12/30/2012,4,토요일,942679,1937985,126.8520277,37.43926226
2012,1,1,,,,경기도,광명시,차량단독,공작물충돌,공작물충돌,안전운전 의무 불이행,단일로,기타단일로,승용차,없음,주간,1/1/2013,14,월요일,941632,1941922,126.839881,37.47468149
2012,1,1,,,,경기도,광주시,차량단독,공작물충돌,공작물충돌,안전운전 의무 불이행,단일로,기타단일로,화물차,없음,야간,1/22/2012,2,일요일,977411,1930209,127.2448747,37.37067276
2012,1,1,,,,경기도,광주시,차량단독,공작물충돌,공작물충돌,안전운전 의무 불이행,단일로,기타단일로,승용차,없음,야간,2/11/2012,1,토요일,977411,1930209,127.2448747,37.37067276
2012,1,1,,,,경기도,광주시,차대사람,차도통행중,차도통행중,안전운전 의무 불이행,단일로,기타단일로,화물차,보행자,야간,2/12/2012,5,일요일,976968,1932849,127.2397972,37.39445639
2012,1,1,,,,경기도,광주시,차대사람,기타,기타,안전운전 의무 불이행,단일로,기타단일로,화물차,보행자,주간,2/23/2012,17,일요일,976968,1932849,127.2397972,37.39445639
2012,1,1,,,,경기도,광주시,차대사람,차도통행중,차도통행중,안전운전 의무 불이행,단일로,기타단일로,승용차,보행자,야간,2/25/2012,18,화요일,973037,1927501,127.1955738,37.34614483
2012,1,2,1,,,경기도,광주시,차대차,기타,기타,중앙선 침범,단일로,기타단일로,승용차,승합차,야간,3/1/2012,1,일요일,983248,1925981,127.3108966,37.33268246
2012,1,1,,,,경기도,광주시,차량단독,공작물충돌,공작물충돌,안전운전 의무 불이행,단일로,기타단일로,건설기계,없음,주간,3/4/2012,14,수요일,983248,1925981,127.3108966,37.33268246
2012,1,1,,,,경기도,광주시,차대사람,횡단중,횡단중,안전운전 의무 불이행,단일로,기타단일로,화물차,보행자,주간,3/24/2012,15,수요일,977796,1932814,127.2491449,37.3941588
2012,1,1,,,,경기도,광주시,차대사람,기타,기타,안전운전 의무 불이행,단일로,기타단일로,원동기장치자전거,보행자,야간,4/22/2012,20,일요일,983248,1925981,127.3108966,37.33268246
2012,1,10,,3,6,경기도,광주시,차대차,정면충돌,정면충돌,중앙선 침범,단일로,기타단일로,승용차,승합차,주간,4/28/2012,7,토요일,983248,1925981,127.3108966,37.33268246
2012,1,1,,,,경기도,광주시,차량단독,공작물충돌,공작물충돌,안전운전 의무 불이행,단일로,기타단일로,승용차,없음,주간,5/8/2012,7,화요일,972626,1935690,127.1906316,37.41994431
2012,1,2,,1,,경기도,광주시,차대차,추돌,진행중 추돌,안전거리 미확보,단일로,기타단일로,화물차,화물차,야간,6/5/2012,20,목요일,972626,1935690,127.1906316,37.41994431
2012,1,2,,1,,경기도,광주시,차대차,추돌,주정차중 충돌,안전운전 의무 불이행,단일로,기타단일로,화물차,화물차,야간,6/14/2012,3,토요일,978448,1939337,127.2563246,37.45297379
2012,1,1,,,,경기도,광주시,차대차,측면충돌,측면충돌,안전거리 미확보,단일로,교량위,화물차,승용차,야간,7/1/2012,20,금요일,977785,1941036,127.2487773,37.46827227
2012,1,1,,,,경기도,광주시,차량단독,공작물충돌,공작물충돌,안전운전 의무 불이행,단일로,기타단일로,승용차,없음,주간,7/3/2012,15,일요일,974667,1927587,127.2139739,37.34697135
2012,1,1,,,,경기도,광주시,차대차,측면충돌,측면충돌,신호위반,교차로,교차로내,이륜차,승용차,야간,7/6/2012,21,수요일,974667,1927587,127.2139739,37.34697135
2012,1,1,,,,경기도,광주시,차량단독,공작물충돌,공작물충돌,안전운전 의무 불이행,교차로,교차로부근,원동기장치자전거,없음,야간,9/1/2012,19,화요일,974667,1927587,127.2139739,37.34697135
2012,1,1,,,,경기도,광주시,차량단독,기타,기타,안전운전 의무 불이행,교차로,교차로부근,승용차,없음,야간,9/7/2012,3,월요일,989892,1929848,127.3858445,37.36764243
2012,1,2,1,,,경기도,광주시,차대차,정면충돌,정면충돌,중앙선 침범,단일로,기타단일로,승용차,승합차,야간,9/8/2012,21,화요일,981665,1931493,127.2928907,37.38234396
2012,1,1,,,,경기도,광주시,차량단독,도로이탈,도로이탈 기타,안전운전 의무 불이행,단일로,기타단일로,승용차,없음,야간,9/10/2012,1,목요일,970543,1927951,127.1674061,37.35012433
2012,1,1,,,,경기도,광주시,차량단독,공작물충돌,공작물충돌,안전운전 의무 불이행,단일로,기타단일로,승용차,없음,야간,10/26/2012,21,토요일,974943,1927901,127.2170794,37.34980197
2012,1,3,1,1,,경기도,광주시,차대차,추돌,진행중 추돌,안전운전 의무 불이행,단일로,기타단일로,승용차,화물차,주간,11/20/2012,17,토요일,974943,1927901,127.2170794,37.34980197
2012,1,1,,,,경기도,광주시,차대사람,차도통행중,차도통행중,안전운전 의무 불이행,교차로,교차로부근,화물차,보행자,야간,12/9/2012,20,목요일,980832,1932563,127.2834503,37.39196754
2012,1,2,1,,,경기도,광주시,차대차,측면충돌,측면충돌,중앙선 침범,단일로,기타단일로,승용차,화물차,야간,12/18/2012,19,월요일,1003276,1915588,127.5369304,37.23915259
2012,2,4,1,1,,경기도,구리시,차대차,정면충돌,정면충돌,중앙선 침범,단일로,기타단일로,승용차,승용차,야간,2/13/2012,5,월요일,968097,1956689,127.13854,37.60907576
2012,1,2,1,,,경기도,구리시,차량단독,공작물충돌,공작물충돌,안전운전 의무 불이행,단일로,기타단일로,승용차,없음,야간,2/29/2012,19,토요일,968961,1956101,127.1483493,37.60380998
2012,1,1,,,,경기도,구리시,차량단독,전도전복,전도전복,안전운전 의무 불이행,단일로,기타단일로,화물차,없음,주간,3/1/2012,7,일요일,967780,1960280,127.1347901,37.64143143
2012,1,1,,,,경기도,구리시,차대사람,횡단중,횡단중,안전운전 의무 불이행,단일로,횡단보도상,승용차,보행자,야간,3/3/2012,22,화요일,967628,1955769,127.133267,37.60076711
2012,1,3,1,1,,경기도,구리시,차량단독,공작물충돌,공작물충돌,안전운전 의무 불이행,단일로,기타단일로,승용차,없음,주간,6/14/2012,14,금요일,969591,1955488,127.1555159,37.59829936
2012,1,1,,,,경기도,구리시,차대사람,기타,기타,안전운전 의무 불이행,단일로,기타단일로,자전거,보행자,주간,7/6/2012,7,수요일,968651,1955332,127.1448714,37.59686281
2012,1,1,,,,경기도,구리시,차대차,정면충돌,정면충돌,신호위반,단일로,기타단일로,자전거,승용차,주간,9/17/2012,16,목요일,967588,1956102,127.1327958,37.60376352
2012,1,1,,,,경기도,구리시,차대사람,보도통행중,보도통행중,보행자 보호의무 위반,교차로,교차로내,화물차,보행자,주간,12/12/2012,15,일요일,968483,1955507,127.1429642,37.59843621
2012,1,1,,,,경기도,군포시,차대사람,횡단중,횡단중,안전운전 의무 불이행,교차로,교차로내,승용차,보행자,야간,3/9/2012,1,월요일,948956,1929351,126.9235775,37.36180859
2012,1,1,,,,경기도,군포시,차량단독,도로이탈,도로이탈 추락,안전운전 의무 불이행,교차로,교차로내,승용차,없음,야간,3/16/2012,3,월요일,950471,1924917,126.9409849,37.32192227
2012,1,1,,,,경기도,군포시,차대차,기타,기타,중앙선 침범,단일로,기타단일로,자전거,화물차,야간,4/4/2012,5,일요일,949159,1928607,126.9259209,37.35511374
2012,1,1,,,,경기도,군포시,차대사람,차도통행중,차도통행중,안전운전 의무 불이행,단일로,기타단일로,승합차,보행자,야간,6/2/2012,23,월요일,947953,1924429,126.9125972,37.31738871
2012,1,1,,,,경기도,군포시,차대차,측면충돌,측면충돌,안전운전 의무 불이행,교차로,교차로부근,승용차,승용차,야간,6/10/2012,3,화요일,949378,1929261,126.9283535,37.36101963
2012,1,1,,,,경기도,군포시,차대사람,횡단중,횡단중,안전운전 의무 불이행,단일로,횡단보도부근,승용차,보행자,주간,6/18/2012,13,수요일,951184,1927309,126.9488722,37.34351941
2012,1,1,,,,경기도,군포시,차대사람,횡단중,횡단중,안전운전 의무 불이행,단일로,횡단보도상,승용차,보행자,야간,9/2/2012,5,수요일,950314,1927253,126.939053,37.34297209
2012,1,1,,,,경기도,군포시,차대차,측면충돌,측면충돌,중앙선 침범,단일로,기타단일로,승용차,이륜차,야간,10/1/2012,23,일요일,950841,1930079,126.9448149,37.3684722
2012,1,1,,,,경기도,군포시,차대사람,기타,기타,안전운전 의무 불이행,단일로,기타단일로,승합차,보행자,야간,11/6/2012,19,수요일,952140,1928824,126.9595659,37.35722824
2012,1,2,1,,,경기도,군포시,차량단독,공작물충돌,공작물충돌,안전운전 의무 불이행,단일로,기타단일로,화물차,없음,야간,1/10/2013,4,수요일,944931,1926375,126.8783495,37.33475357
2012,1,2,1,,,경기도,김포시,차대차,측면충돌,측면충돌,중앙선 침범,단일로,기타단일로,승용차,승용차,주간,1/29/2012,10,일요일,936438,1954491,126.7800561,37.58761835
2012,1,1,,,,경기도,김포시,차대사람,횡단중,횡단중,안전운전 의무 불이행,단일로,기타단일로,화물차,보행자,주간,1/31/2012,6,화요일,923767,1969157,126.6350119,37.71883092
2012,1,1,,,,경기도,김포시,차량단독,기타,기타,안전운전 의무 불이행,기타/불명,기타/불명,승용차,없음,야간,2/10/2012,21,금요일,923696,1966674,126.6344714,37.69645181
2012,1,1,,,,경기도,김포시,차량단독,기타,기타,안전운전 의무 불이행,단일로,기타단일로,승용차,없음,야간,2/12/2012,19,일요일,916366,1970399,126.5509079,37.72938232
2012,1,1,,,,경기도,김포시,차대사람,차도통행중,차도통행중,안전운전 의무 불이행,단일로,기타단일로,승합차,보행자,야간,2/15/2012,21,수요일,935309,1956216,126.7671115,37.60308974
2012,1,1,,,,경기도,김포시,차대사람,횡단중,횡단중,안전운전 의무 불이행,단일로,기타단일로,승용차,보행자,주간,3/11/2012,6,수요일,927197,1961483,126.6747032,37.64995058
2012,1,2,1,,,경기도,김포시,차대차,정면충돌,정면충돌,중앙선 침범,단일로,기타단일로,승용차,승합차,야간,3/19/2012,21,목요일,916384,1962065,126.5520687,37.65427954
2012,1,1,,,,경기도,김포시,차대사람,기타,기타,안전운전 의무 불이행,교차로,교차로부근,화물차,보행자,야간,4/4/2012,21,일요일,918617,1961437,126.5774472,37.64881961
2012,1,1,,,,경기도,김포시,차대차,측면충돌,측면충돌,신호위반,교차로,교차로내,건설기계,이륜차,주간,4/6/2012,11,화요일,935708,1955833,126.7716735,37.59966657
2012,1,1,,,,경기도,김포시,차대차,기타,기타,안전거리 미확보,단일로,기타단일로,특수차,이륜차,주간,5/6/2012,12,일요일,917627,1961204,126.56625,37.64663325
2012,1,2,1,,,경기도,김포시,차대차,추돌,진행중 추돌,안전운전 의무 불이행,단일로,기타단일로,화물차,화물차,주간,5/8/2012,6,화요일,936843,1956790,126.7844435,37.6083703
2012,1,1,,,,경기도,김포시,차량단독,공작물충돌,공작물충돌,안전운전 의무 불이행,단일로,기타단일로,승용차,없음,야간,5/15/2012,5,화요일,936858,1956720,126.7846172,37.60773681
2012,1,3,2,,,경기도,김포시,차대차,기타,기타,안전운전 의무 불이행,단일로,터널안,화물차,화물차,주간,5/23/2012,8,금요일,925931,1964888,126.6599979,37.68053446
2012,1,1,,,,경기도,김포시,차대사람,기타,기타,안전운전 의무 불이행,단일로,기타단일로,승용차,보행자,야간,6/5/2012,1,목요일,918732,1966779,126.5781587,37.69697137
2012,1,1,,,,경기도,김포시,차대차,추돌,진행중 추돌,안전운전 의무 불이행,단일로,기타단일로,승용차,농기계,야간,6/10/2012,4,화요일,923547,1964375,126.6330195,37.67571627
2012,1,1,,,,경기도,김포시,차대사람,기타,기타,안전운전 의무 불이행,단일로,기타단일로,승용차,보행자,야간,6/18/2012,23,토요일,935547,1955232,126.769895,37.59423392
2012,1,1,,,,경기도,김포시,차대사람,차도통행중,차도통행중,안전운전 의무 불이행,단일로,기타단일로,화물차,보행자,야간,6/25/2012,21,토요일,936059,1956187,126.7756142,37.6028814
2012,1,1,,,,경기도,김포시,차대사람,횡단중,횡단중,안전운전 의무 불이행,단일로,기타단일로,승합차,보행자,주간,7/19/2012,7,목요일,929139,1958858,126.6969656,37.62644686
2012,1,1,,,,경기도,김포시,차량단독,공작물충돌,공작물충돌,안전운전 의무 불이행,단일로,기타단일로,승용차,없음,야간,7/26/2012,23,목요일,928471,1960240,126.6892609,37.63885046
2012,1,1,,,,경기도,김포시,차대사람,기타,기타,안전운전 의무 불이행,교차로,교차로내,승용차,보행자,야간,8/11/2012,18,토요일,929418,1958114,126.700199,37.61976116
2012,1,2,1,,,경기도,김포시,차대차,기타,기타,안전운전 의무 불이행,단일로,기타단일로,승용차,건설기계,주간,8/12/2012,16,일요일,937454,1956093,126.7914194,37.6021301
2012,1,1,,,,경기도,김포시,차대사람,차도통행중,차도통행중,안전운전 의무 불이행,단일로,기타단일로,화물차,보행자,야간,8/13/2012,20,월요일,931142,1956152,126.719913,37.60221269
2012,1,2,,1,,경기도,김포시,차대차,정면충돌,정면충돌,중앙선 침범,단일로,기타단일로,승용차,화물차,주간,8/20/2012,17,토요일,923759,1965334,126.6353273,37.68438232
2012,1,1,,,,경기도,김포시,차량단독,전도전복,전도전복,안전운전 의무 불이행,단일로,기타단일로,농기계,없음,주간,8/26/2012,15,수요일,936692,1954988,126.782883,37.5921161
2012,1,1,,,,경기도,김포시,차대사람,횡단중,횡단중,안전운전 의무 불이행,교차로,교차로내,화물차,보행자,야간,8/26/2012,21,수요일,925450,1963111,126.6547308,37.66448774
2012,1,5,1,3,,경기도,김포시,차대차,정면충돌,정면충돌,중앙선 침범,단일로,기타단일로,화물차,화물차,주간,9/4/2012,12,금요일,916638,1957508,126.5554668,37.61322848
2012,1,2,1,,,경기도,김포시,차량단독,공작물충돌,공작물충돌,안전운전 의무 불이행,단일로,기타단일로,승용차,없음,야간,9/24/2012,3,일요일,935576,1955278,126.7702267,37.59465786
2012,2,2,,,,경기도,김포시,차대사람,횡단중,횡단중,신호위반,단일로,횡단보도상,화물차,보행자,야간,10/13/2012,0,금요일,926517,1962501,126.666888,37.65906923
2012,1,1,,,,경기도,김포시,차대사람,길가장자리구역통행중,길가장자리구역통행중,안전운전 의무 불이행,단일로,기타단일로,승용차,보행자,주간,10/31/2012,17,목요일,937132,1954743,126.7878911,37.58993905
2012,1,1,,,,경기도,김포시,차대차,측면충돌,측면충돌,신호위반,교차로,교차로내,원동기장치자전거,승용차,주간,11/2/2012,6,토요일,920985,1965627,126.6038358,37.68678752
2012,1,2,1,,,경기도,김포시,차대차,기타,기타,교차로 통행방법 위반,교차로,교차로내,원동기장치자전거,화물차,야간,11/6/2012,19,수요일,922627,1958124,126.6232558,37.61930467
2012,1,1,,,,경기도,김포시,차대차,기타,기타,안전운전 의무 불이행,단일로,기타단일로,화물차,원동기장치자전거,주간,11/13/2012,10,수요일,922525,1969031,126.6209436,37.71759646
2012,1,2,1,,,경기도,김포시,차대사람,기타,기타,안전운전 의무 불이행,단일로,기타단일로,화물차,보행자,야간,11/25/2012,3,목요일,917795,1967492,126.5674509,37.70331348
2012,1,1,,,,경기도,김포시,차대사람,횡단중,횡단중,안전운전 의무 불이행,단일로,횡단보도상,승용차,보행자,야간,12/11/2012,5,토요일,930492,1958996,126.7122806,37.62779754
2012,1,1,,,,경기도,김포시,차대사람,횡단중,횡단중,안전운전 의무 불이행,교차로,교차로내,승용차,보행자,주간,12/29/2012,6,금요일,923206,1960827,126.6295341,37.64371292
2012,1,2,1,,,경기도,김포시,차대차,추돌,진행중 추돌,안전운전 의무 불이행,단일로,기타단일로,승용차,건설기계,주간,12/31/2012,6,일요일,928559,1960686,126.6902146,37.64287691
2012,1,2,1,,,경기도,김포시,차대차,추돌,주정차중 충돌,안전운전 의무 불이행,교차로,교차로부근,화물차,화물차,주간,1/14/2013,10,일요일,917744,1961277,126.5675736,37.64729807
2012,1,1,,,,경기도,남양주시,차대사람,횡단중,횡단중,안전운전 의무 불이행,단일로,횡단보도상,승용차,보행자,야간,1/19/2012,19,목요일,973167,1970589,127.195474,37.73452587
2012,1,1,,,,경기도,남양주시,차대사람,횡단중,횡단중,안전운전 의무 불이행,교차로,교차로내,화물차,보행자,야간,1/20/2012,1,금요일,969395,1963650,127.1529543,37.67186137
2012,1,1,,,,경기도,남양주시,차량단독,공작물충돌,공작물충돌,안전운전 의무 불이행,단일로,기타단일로,승용차,없음,야간,1/25/2012,0,수요일,988990,1964155,127.3751435,37.67685762
2012,1,1,,,,경기도,남양주시,차대사람,기타,기타,안전운전 의무 불이행,단일로,횡단보도상,화물차,보행자,야간,1/29/2012,0,일요일,970951,1956997,127.1708579,37.61194621
2012,1,1,,,,경기도,남양주시,차량단독,공작물충돌,공작물충돌,안전운전 의무 불이행,단일로,기타단일로,승용차,없음,주간,2/3/2012,6,금요일,970036,1961256,127.1603211,37.65030478