사고년도,사망자수,부상자수,중상자수,경상자수,부상신고자수,시도,시군구,사고유형 대분류,사고유형 중분류,사고유형,가해자법규위반,도로형태 대분류,도로형태,가해당사자 종별,피해당사자 종별,주야구분,발생일,발생시간,발생요일,발생위치X좌표 (EPSG 5179),발생위치Y좌표 (EPSG 5179),경도좌표,위도좌표
2012,1,2,1,,,경기도,남양주시,차량단독,공작물충돌,공작물충돌,안전운전 의무 불이행,단일로,기타단일로,승용차,없음,야간,3/22/2012,4,월요일,972805,1969397,127.1914086,37.72376747
2012,1,1,,,,경기도,남양주시,차대사람,횡단중,횡단중,안전운전 의무 불이행,교차로,교차로내,건설기계,보행자,주간,3/23/2012,14,화요일,966848,1966733,127.1239328,37.69956051
2012,1,2,1,,,경기도,남양주시,차대차,정면충돌,정면충돌,중앙선 침범,단일로,기타단일로,승용차,특수차,주간,3/24/2012,15,수요일,984831,1953340,127.3282073,37.57931712
2012,1,4,,3,,경기도,남양주시,차대차,측면충돌,측면충돌,안전운전 의무 불이행,교차로,교차로내,승용차,승용차,주간,3/31/2012,8,수요일,973153,1969959,127.1953304,37.72884713
2012,1,1,,,,경기도,남양주시,차량단독,공작물충돌,공작물충돌,안전운전 의무 불이행,단일로,기타단일로,승용차,없음,주간,4/3/2012,15,토요일,987903,1961984,127.3628537,37.65727226
2012,1,1,,,,경기도,남양주시,차대사람,보도통행중,보도통행중,신호위반,단일로,기타단일로,승용차,보행자,야간,4/10/2012,19,토요일,975215,1972977,127.2186282,37.75610609
2012,4,9,5,,,경기도,남양주시,차대차,추돌,진행중 추돌,안전운전 의무 불이행,단일로,터널안,승합차,화물차,주간,4/14/2012,14,수요일,986727,1959430,127.3495664,37.63423935
2012,1,1,,,,경기도,남양주시,차대사람,기타,기타,안전운전 의무 불이행,단일로,기타단일로,승용차,보행자,주간,4/16/2012,14,월요일,965607,1960928,127.1101294,37.64719319
2012,1,4,1,2,,경기도,남양주시,차대차,측면충돌,측면충돌,신호위반,단일로,터널안,화물차,승합차,주간,4/19/2012,15,목요일,979531,1956586,127.2680885,37.60847305
2012,1,1,,,,경기도,남양주시,차대차,측면충돌,측면충돌,안전운전 의무 불이행,단일로,기타단일로,화물차,이륜차,주간,4/20/2012,8,금요일,971825,1961365,127.1805972,37.65134388
2012,1,1,,,,경기도,남양주시,차량단독,전도전복,전도전복,안전운전 의무 불이행,단일로,터널안,원동기장치자전거,없음,주간,4/20/2012,13,금요일,977947,1949346,127.2503612,37.54318344
2012,1,3,,2,,경기도,남양주시,차대차,추돌,진행중 추돌,안전운전 의무 불이행,단일로,기타단일로,승용차,특수차,주간,5/1/2012,14,화요일,968578,1964906,127.1436359,37.68315435
2012,1,1,,,,경기도,남양주시,차대사람,횡단중,횡단중,신호위반,교차로,교차로내,승합차,보행자,주간,5/23/2012,16,금요일,971894,1968445,127.1811063,37.71515978
2012,1,2,,1,,경기도,남양주시,차량단독,전도전복,전도전복,안전거리 미확보,단일로,기타단일로,승용차,없음,주간,6/2/2012,10,월요일,982051,1960366,127.2965468,37.64259642
2012,1,2,1,,,경기도,남양주시,차대차,정면충돌,정면충돌,중앙선 침범,단일로,기타단일로,승용차,승용차,주간,6/14/2012,14,토요일,973151,1970692,127.1952829,37.73545374
2012,1,1,,,,경기도,남양주시,차대차,추돌,주정차중 충돌,안전운전 의무 불이행,교차로,교차로부근,원동기장치자전거,화물차,야간,6/18/2012,1,수요일,973040,1970233,127.1940425,37.73130983
2012,1,2,1,,,경기도,남양주시,차대차,정면충돌,정면충돌,중앙선 침범,단일로,기타단일로,화물차,건설기계,주간,6/20/2012,12,금요일,967042,1962013,127.1263469,37.6570297
2012,1,3,1,1,,경기도,남양주시,차대차,정면충돌,정면충돌,신호위반,교차로,교차로내,이륜차,승용차,야간,6/26/2012,2,일요일,970425,1956772,127.1649124,37.6099017
2012,1,1,,,,경기도,남양주시,차량단독,공작물충돌,공작물충돌,안전운전 의무 불이행,단일로,터널안,승용차,없음,주간,6/28/2012,17,화요일,977467,1960179,127.2445896,37.64081077
2012,1,2,,1,,경기도,남양주시,차대차,기타,기타,신호위반,교차로,교차로내,원동기장치자전거,원동기장치자전거,야간,6/30/2012,19,목요일,977391,1961855,127.2436797,37.65591438
2012,1,2,1,,,경기도,남양주시,차대차,추돌,주정차중 충돌,안전운전 의무 불이행,단일로,교량위,화물차,화물차,야간,7/1/2012,21,금요일,981318,1947922,127.2885558,37.53041815
2012,1,1,,,,경기도,남양주시,차대사람,기타,기타,안전운전 의무 불이행,단일로,기타단일로,승합차,보행자,야간,7/10/2012,1,일요일,972076,1968865,127.1831597,37.7189518
2012,1,1,,,,경기도,남양주시,차대차,측면충돌,측면충돌,안전운전 의무 불이행,단일로,기타단일로,건설기계,이륜차,주간,7/12/2012,12,화요일,967725,1963667,127.1340169,37.67195735
2012,1,2,,1,,경기도,남양주시,차대차,정면충돌,정면충돌,중앙선 침범,단일로,횡단보도부근,승용차,승용차,주간,7/13/2012,11,수요일,972559,1955035,127.1891567,37.59431435
2012,1,1,,,,경기도,남양주시,차대사람,기타,기타,안전운전 의무 불이행,단일로,기타단일로,승용차,보행자,야간,7/29/2012,4,일요일,986113,1957347,127.3426448,37.61545347
2012,1,5,,4,,경기도,남양주시,차대차,측면충돌,측면충돌,안전운전 의무 불이행,단일로,기타단일로,승용차,승용차,주간,8/5/2012,10,일요일,984302,1959129,127.3220919,37.63148718
2012,1,2,,1,,경기도,남양주시,차대차,정면충돌,정면충돌,안전운전 의무 불이행,교차로,교차로내,이륜차,승용차,야간,8/8/2012,19,수요일,973376,1967818,127.1979439,37.70955278
2012,1,1,,,,경기도,남양주시,차량단독,기타,기타,안전운전 의무 불이행,단일로,기타단일로,이륜차,없음,야간,8/21/2012,5,금요일,972843,1961075,127.1921482,37.6487607
2012,2,4,2,,,경기도,남양주시,차량단독,전도전복,전도전복,안전운전 의무 불이행,단일로,기타단일로,승용차,없음,야간,8/23/2012,18,일요일,971124,1954862,127.1729017,37.59270658
2012,1,1,,,,경기도,남양주시,차대사람,기타,기타,안전운전 의무 불이행,단일로,기타단일로,특수차,보행자,주간,8/27/2012,13,목요일,977969,1955994,127.2504092,37.603101
2012,1,3,2,,,경기도,남양주시,차대차,정면충돌,정면충돌,중앙선 침범,교차로,교차로부근,승용차,승용차,야간,9/8/2012,5,화요일,971172,1955090,127.1734421,37.59476495
2012,1,2,,1,,경기도,남양주시,차대차,기타,기타,안전운전 의무 불이행,단일로,기타단일로,승용차,승용차,야간,9/8/2012,20,화요일,970367,1961250,127.1640736,37.65026145
2012,1,1,,,,경기도,남양주시,차대차,기타,기타,안전운전 의무 불이행,교차로,교차로부근,원동기장치자전거,승합차,주간,9/18/2012,17,금요일,968289,1960871,127.1405338,37.64677599
2012,1,1,,,,경기도,남양주시,차대차,측면충돌,측면충돌,중앙선 침범,단일로,기타단일로,자전거,건설기계,주간,9/19/2012,11,화요일,972045,1961242,127.1831004,37.65024289
2012,1,1,,,,경기도,남양주시,차대차,측면충돌,측면충돌,안전거리 미확보,단일로,기타단일로,승용차,이륜차,주간,9/27/2012,14,수요일,976631,1951147,127.2354057,37.5593798
2012,1,1,,,,경기도,남양주시,차대사람,보도통행중,보도통행중,신호위반,교차로,교차로부근,화물차,보행자,주간,9/28/2012,9,목요일,969214,1961216,127.1510046,37.64991705
2012,1,1,,,,경기도,남양주시,차량단독,공작물충돌,공작물충돌,안전운전 의무 불이행,교차로,교차로부근,이륜차,없음,야간,9/29/2012,0,금요일,971106,1957090,127.1726155,37.6127896
2012,1,1,,,,경기도,남양주시,차대차,측면충돌,측면충돌,기타,교차로,교차로내,승용차,이륜차,야간,10/2/2012,21,월요일,968670,1961464,127.1448272,37.65213394
2012,1,1,,,,경기도,남양주시,차대사람,기타,기타,안전운전 의무 불이행,단일로,기타단일로,승용차,보행자,주간,10/3/2012,10,화요일,976640,1960955,127.2351944,37.64778357
2012,1,1,,,,경기도,남양주시,차량단독,공작물충돌,공작물충돌,안전운전 의무 불이행,교차로,교차로부근,승용차,없음,주간,10/5/2012,15,목요일,981612,1960606,127.2915647,37.64475095
2012,1,1,,,,경기도,남양주시,차대차,측면충돌,측면충돌,안전운전 의무 불이행,단일로,기타단일로,승용차,이륜차,주간,10/5/2012,17,목요일,967197,1966284,127.127912,37.69552345
2012,1,2,1,,,경기도,남양주시,차대차,측면충돌,측면충돌,신호위반,교차로,교차로내,원동기장치자전거,승용차,주간,10/7/2012,6,토요일,978677,1961761,127.2582644,37.65509947
2012,1,1,,,,경기도,남양주시,차대사람,기타,기타,보행자 보호의무 위반,교차로,교차로부근,화물차,보행자,야간,10/20/2012,23,일요일,982915,1959675,127.3063508,37.63638373
2012,1,1,,,,경기도,남양주시,차대차,기타,기타,안전운전 의무 불이행,단일로,기타단일로,건설기계,승용차,야간,11/1/2012,21,금요일,970833,1957449,127.169508,37.61601677
2012,1,1,,,,경기도,남양주시,차량단독,공작물충돌,공작물충돌,안전거리 미확보,단일로,기타단일로,승용차,없음,주간,11/5/2012,9,화요일,987826,1962667,127.3619694,37.66342739
2012,1,1,,,,경기도,남양주시,차대차,기타,기타,안전운전 의무 불이행,단일로,기타단일로,승용차,화물차,야간,11/10/2012,1,일요일,973312,1959321,127.1975311,37.63296509
2012,1,1,,,,경기도,남양주시,차대사람,횡단중,횡단중,안전운전 의무 불이행,단일로,횡단보도상,승용차,보행자,야간,11/11/2012,0,월요일,973152,1955303,127.195863,37.59674473
2012,1,2,,1,,경기도,남양주시,차대사람,횡단중,횡단중,안전운전 의무 불이행,단일로,기타단일로,승용차,보행자,주간,11/11/2012,14,월요일,982572,1962272,127.3024068,37.65978596
2012,1,1,,,,경기도,남양주시,차대사람,기타,기타,안전운전 의무 불이행,단일로,기타단일로,화물차,보행자,주간,11/14/2012,13,목요일,976156,1957252,127.2298276,37.61439193
2012,1,1,,,,경기도,남양주시,차대사람,횡단중,횡단중,안전운전 의무 불이행,단일로,기타단일로,화물차,보행자,주간,11/20/2012,8,토요일,974680,1965593,127.2128153,37.68953527
2012,1,1,,,,경기도,남양주시,차대차,측면충돌,측면충돌,안전운전 의무 불이행,단일로,기타단일로,건설기계,자전거,주간,11/20/2012,15,토요일,968436,1960840,127.1422015,37.64650164
2012,1,1,,,,경기도,남양주시,차대차,추돌,주정차중 충돌,안전운전 의무 불이행,기타/불명,기타/불명,승용차,승용차,야간,11/24/2012,5,수요일,974765,1966120,127.2137612,37.6942876
2012,1,1,,,,경기도,남양주시,차대사람,횡단중,횡단중,안전운전 의무 불이행,교차로,교차로부근,승용차,보행자,주간,12/8/2012,6,수요일,969393,1963658,127.1529313,37.6719334
2012,1,1,,,,경기도,남양주시,차량단독,공작물충돌,공작물충돌,안전운전 의무 불이행,단일로,기타단일로,승용차,없음,야간,12/17/2012,1,금요일,973166,1955275,127.1960181,37.59649365
2012,1,1,,,,경기도,남양주시,차대차,기타,기타,안전운전 의무 불이행,교차로,교차로부근,화물차,화물차,주간,12/17/2012,15,일요일,974131,1959349,127.20681,37.63324089
2012,1,3,2,,,경기도,남양주시,차대차,기타,기타,안전운전 의무 불이행,교차로,교차로부근,화물차,특수차,주간,12/28/2012,6,목요일,974779,1959528,127.2141479,37.6348723
2012,1,1,,,,경기도,남양주시,차대사람,기타,기타,안전운전 의무 불이행,단일로,기타단일로,승합차,보행자,야간,1/4/2013,0,목요일,984951,1961611,127.3293927,37.65387021
2012,1,1,,,,경기도,남양주시,차대사람,횡단중,횡단중,안전운전 의무 불이행,교차로,교차로부근,승용차,보행자,야간,1/8/2013,23,월요일,972031,1968377,127.1826633,37.71455108
2012,1,1,,,,경기도,남양주시,차대사람,횡단중,횡단중,보행자 보호의무 위반,교차로,교차로내,화물차,보행자,주간,1/16/2013,16,일요일,982940,1961530,127.3065964,37.65310495
2012,1,1,,,,경기도,동두천시,차대차,추돌,진행중 추돌,안전운전 의무 불이행,단일로,기타단일로,화물차,자전거,주간,1/31/2012,15,화요일,961040,1991104,127.056739,37.91898594
2012,1,2,,1,,경기도,동두천시,차대차,추돌,진행중 추돌,안전운전 의무 불이행,교차로,교차로부근,화물차,승용차,야간,2/1/2012,18,수요일,961066,1988152,127.0571943,37.89238134
2012,1,1,,,,경기도,동두천시,차량단독,전도전복,전도전복,안전운전 의무 불이행,단일로,기타단일로,이륜차,없음,야간,4/5/2012,0,월요일,959312,1989845,127.0371507,37.90756322
2012,1,1,,,,경기도,동두천시,차대차,측면충돌,측면충돌,신호위반,교차로,교차로내,승용차,이륜차,야간,5/9/2012,20,수요일,960882,1988169,127.0551007,37.89252667
2012,1,1,,,,경기도,동두천시,차량단독,공작물충돌,공작물충돌,안전운전 의무 불이행,교차로,교차로부근,승용차,없음,야간,5/15/2012,0,화요일,961462,1994139,127.0613776,37.94635759
2012,1,7,,3,3,경기도,동두천시,차대차,측면충돌,측면충돌,안전운전 의무 불이행,단일로,기타단일로,승합차,화물차,주간,5/24/2012,10,토요일,961872,1990304,127.0662471,37.911811
2012,1,2,,1,,경기도,동두천시,차대차,정면충돌,정면충돌,중앙선 침범,단일로,기타단일로,승용차,승용차,야간,8/5/2012,5,일요일,961074,1986144,127.0573936,37.87428397
2012,1,1,,,,경기도,동두천시,차량단독,전도전복,전도전복,안전운전 의무 불이행,단일로,기타단일로,이륜차,없음,야간,8/8/2012,2,수요일,963056,1988351,127.0798163,37.89425786
2012,1,1,,,,경기도,동두천시,차대사람,횡단중,횡단중,신호위반,교차로,교차로내,화물차,보행자,야간,9/19/2012,5,화요일,960592,1986827,127.0518759,37.88041899
2012,1,1,,,,경기도,동두천시,차량단독,공작물충돌,공작물충돌,안전운전 의무 불이행,교차로,교차로부근,원동기장치자전거,없음,주간,10/26/2012,13,토요일,961372,1994154,127.0603525,37.94648896
2012,1,1,,,,경기도,동두천시,차대사람,횡단중,횡단중,안전운전 의무 불이행,교차로,교차로부근,건설기계,보행자,주간,10/30/2012,14,수요일,961480,1994267,127.0615756,37.94751198
2012,1,1,,,,경기도,동두천시,차대차,추돌,진행중 추돌,안전운전 의무 불이행,교차로,교차로부근,화물차,자전거,주간,11/27/2012,16,토요일,959718,1989341,127.0417972,37.90303886
2012,1,1,,,,경기도,동두천시,차대사람,횡단중,횡단중,안전운전 의무 불이행,교차로,교차로내,화물차,보행자,야간,12/4/2012,20,토요일,960309,1988182,127.0485833,37.89261903
2012,1,1,,,,경기도,부천시,차대사람,횡단중,횡단중,안전운전 의무 불이행,단일로,횡단보도부근,승용차,보행자,야간,1/17/2012,20,화요일,935527,1942998,126.7707465,37.48397355
2012,1,1,,,,경기도,부천시,차대사람,횡단중,횡단중,보행자 보호의무 위반,단일로,횡단보도상,승합차,보행자,주간,2/14/2012,17,화요일,934708,1945233,126.7612851,37.50405989
2012,1,1,,,,경기도,부천시,차대사람,횡단중,횡단중,안전운전 의무 불이행,단일로,기타단일로,승용차,보행자,주간,2/25/2012,9,화요일,938692,1948445,126.8060837,37.53327865
2012,1,1,,,,경기도,부천시,차대사람,기타,기타,안전운전 의무 불이행,교차로,교차로부근,화물차,보행자,야간,3/5/2012,5,목요일,939632,1947698,126.8167891,37.52661218
2012,1,1,,,,경기도,부천시,차대사람,기타,기타,신호위반,교차로,교차로내,건설기계,보행자,주간,3/14/2012,7,토요일,937222,1948318,126.7894629,37.53203927
2012,1,1,,,,경기도,부천시,차대사람,횡단중,횡단중,안전운전 의무 불이행,단일로,기타단일로,승용차,보행자,야간,4/7/2012,1,수요일,934371,1945102,126.7574843,37.5028553
2012,1,1,,,,경기도,부천시,차대차,측면충돌,측면충돌,안전운전 의무 불이행,단일로,횡단보도상,승합차,자전거,주간,4/15/2012,11,목요일,935644,1945183,126.7718786,37.503675
2012,1,2,,1,,경기도,부천시,차대사람,기타,기타,안전운전 의무 불이행,단일로,횡단보도부근,승합차,보행자,주간,4/18/2012,9,일요일,939489,1943372,126.8155281,37.48760803
2012,1,1,,,,경기도,부천시,차대차,기타,기타,신호위반,교차로,교차로내,승용차,이륜차,야간,4/23/2012,0,월요일,939577,1948511,126.8160997,37.53393613
2012,1,6,4,1,,경기도,부천시,차대차,기타,기타,중앙선 침범,단일로,고가도로위,승용차,승합차,주간,5/3/2012,7,목요일,936214,1944094,126.7784216,37.49389946
2012,1,1,,,,경기도,부천시,차대사람,횡단중,횡단중,안전운전 의무 불이행,단일로,기타단일로,화물차,보행자,야간,5/11/2012,2,금요일,935950,1947125,126.7751689,37.52119937
2012,1,1,,,,경기도,부천시,차대차,측면충돌,측면충돌,안전거리 미확보,단일로,기타단일로,승용차,이륜차,주간,5/12/2012,11,토요일,936178,1944373,126.7779924,37.49641251
2012,1,1,,,,경기도,부천시,차대사람,횡단중,횡단중,안전운전 의무 불이행,교차로,교차로부근,승합차,보행자,야간,5/21/2012,23,수요일,937705,1942010,126.7954637,37.47521817
2012,1,1,,,,경기도,부천시,차대차,기타,기타,신호위반,교차로,교차로내,승합차,자전거,주간,7/5/2012,8,화요일,934695,1946997,126.7609813,37.51995772
2012,1,1,,,,경기도,부천시,차대차,기타,기타,안전운전 의무 불이행,단일로,기타단일로,화물차,자전거,주간,7/14/2012,14,목요일,935572,1945213,126.7710581,37.50393944
2012,1,1,,,,경기도,부천시,차대사람,횡단중,횡단중,안전운전 의무 불이행,단일로,기타단일로,승용차,보행자,야간,8/13/2012,5,월요일,937707,1941698,126.7955127,37.47240625
2012,1,1,,,,경기도,부천시,차대차,추돌,주정차중 충돌,안전운전 의무 불이행,단일로,기타단일로,승용차,승용차,야간,8/26/2012,3,수요일,934196,1944475,126.7555606,37.49719175
2012,1,1,,,,경기도,부천시,차대사람,기타,기타,안전운전 의무 불이행,단일로,기타단일로,승용차,보행자,주간,9/10/2012,16,목요일,936030,1942094,126.7765141,37.4758608
2012,1,1,,,,경기도,부천시,차대사람,기타,기타,안전운전 의무 불이행,단일로,기타단일로,승용차,보행자,야간,9/14/2012,4,월요일,936956,1943373,126.7868766,37.48745208
2012,1,1,,,,경기도,부천시,차대차,정면충돌,정면충돌,중앙선 침범,단일로,지하차도(도로)내,원동기장치자전거,승용차,야간,9/14/2012,21,월요일,939844,1949060,126.8190766,37.53890172
2012,1,1,,,,경기도,부천시,차대차,측면충돌,측면충돌,신호위반,교차로,교차로내,승용차,이륜차,야간,9/16/2012,23,수요일,934359,1945099,126.7573465,37.50282739
2012,1,1,,,,경기도,부천시,차대차,추돌,주정차중 충돌,안전운전 의무 불이행,단일로,기타단일로,화물차,화물차,주간,10/16/2012,7,수요일,937278,1943212,126.7905324,37.48602291
2012,1,1,,,,경기도,부천시,차대차,정면충돌,정면충돌,중앙선 침범,단일로,기타단일로,이륜차,화물차,주간,10/17/2012,8,목요일,938054,1947146,126.7989734,37.52153595
2012,1,2,1,,,경기도,부천시,차대차,측면충돌,측면충돌,신호위반,교차로,교차로내,이륜차,승용차,주간,10/29/2012,10,화요일,937224,1948311,126.7894862,37.53197632
2012,1,2,1,,,경기도,부천시,차대차,측면충돌,측면충돌,안전운전 의무 불이행,교차로,교차로부근,승용차,자전거,야간,11/8/2012,21,금요일,933585,1944487,126.748649,37.49725705
2012,1,1,,,,경기도,부천시,차대차,기타,기타,안전운전 의무 불이행,단일로,기타단일로,승용차,승용차,야간,12/1/2012,21,수요일,933522,1945310,126.7478608,37.50467192
2012,1,1,,,,경기도,부천시,차량단독,공작물충돌,공작물충돌,안전운전 의무 불이행,교차로,교차로내,이륜차,없음,야간,12/11/2012,23,토요일,937491,1947230,126.7925999,37.52225148
2012,1,2,,1,,경기도,부천시,차대차,기타,기타,기타,교차로,교차로내,승용차,승용차,야간,12/23/2012,1,토요일,934686,1946454,126.7609277,37.51506309
2012,1,1,,,,경기도,부천시,차대차,측면충돌,측면충돌,안전운전 의무 불이행,교차로,교차로부근,이륜차,승용차,주간,1/4/2013,7,목요일,938565,1947054,126.8047714,37.52073738
2012,1,4,3,,,경기도,성남시,차대차,추돌,진행중 추돌,안전운전 의무 불이행,단일로,기타단일로,화물차,승합차,야간,1/19/2012,19,목요일,967182,1935966,127.1291037,37.42225587
2012,1,2,1,,,경기도,성남시,차량단독,기타,기타,안전운전 의무 불이행,단일로,기타단일로,승용차,없음,야간,1/24/2012,20,화요일,971199,1939134,127.1743736,37.45094662
2012,1,2,,1,,경기도,성남시,차대차,정면충돌,정면충돌,중앙선 침범,교차로,교차로내,승용차,승용차,주간,2/4/2012,8,토요일,964720,1930126,127.1015533,37.36952772
2012,1,3,2,,,경기도,성남시,차대차,측면충돌,측면충돌,중앙선 침범,단일로,기타단일로,승용차,승용차,주간,2/21/2012,13,금요일,961171,1932498,127.0613479,37.39076613
2012,1,1,,,,경기도,성남시,차대사람,기타,기타,보행자 보호의무 위반,교차로,교차로내,승합차,보행자,주간,2/25/2012,15,화요일,965989,1926643,127.1160448,37.33818046
2012,1,6,2,3,,경기도,성남시,차대차,추돌,주정차중 충돌,안전운전 의무 불이행,단일로,기타단일로,승용차,승합차,주간,3/4/2012,10,수요일,962741,1932147,127.0791015,37.38766682
2012,1,1,,,,경기도,성남시,차대차,정면충돌,정면충돌,중앙선 침범,단일로,기타단일로,승합차,승용차,야간,3/4/2012,23,수요일,966229,1936699,127.1182927,37.42883043
2012,1,1,,,,경기도,성남시,차량단독,기타,기타,안전운전 의무 불이행,단일로,기타단일로,원동기장치자전거,없음,야간,3/11/2012,23,수요일,966971,1939260,127.1265667,37.45194096
2012,1,3,2,,,경기도,성남시,차대차,측면충돌,측면충돌,신호위반,교차로,교차로내,원동기장치자전거,원동기장치자전거,야간,3/13/2012,18,금요일,965452,1930569,127.1097995,37.37354833
2012,1,1,,,,경기도,성남시,차량단독,기타,기타,안전운전 의무 불이행,단일로,기타단일로,승용차,없음,주간,3/25/2012,16,목요일,966393,1938008,127.1200889,37.44063517
2012,1,1,,,,경기도,성남시,차대사람,길가장자리구역통행중,길가장자리구역통행중,안전운전 의무 불이행,단일로,기타단일로,승용차,보행자,야간,4/3/2012,20,토요일,968063,1937578,127.1389835,37.43681579
2012,1,1,,,,경기도,성남시,차량단독,기타,기타,안전운전 의무 불이행,단일로,기타단일로,승용차,없음,야간,4/4/2012,5,일요일,966894,1939938,127.1256657,37.45804939
2012,1,1,,,,경기도,성남시,차대사람,횡단중,횡단중,보행자 보호의무 위반,단일로,횡단보도상,승용차,보행자,주간,4/14/2012,8,수요일,968616,1938782,127.1451855,37.44768978
2012,1,1,,,,경기도,성남시,차대사람,횡단중,횡단중,안전운전 의무 불이행,단일로,횡단보도상,승합차,보행자,주간,4/19/2012,17,목요일,967201,1936829,127.1292752,37.43003716
2012,1,1,,,,경기도,성남시,차대사람,차도통행중,차도통행중,안전운전 의무 불이행,단일로,기타단일로,승합차,보행자,야간,4/19/2012,21,목요일,964894,1930394,127.1035071,37.37194888
2012,1,1,,,,경기도,성남시,차대사람,기타,기타,안전운전 의무 불이행,교차로,교차로부근,승용차,보행자,주간,4/21/2012,8,토요일,968197,1937918,127.1404858,37.43988773
2012,1,1,,,,경기도,성남시,차량단독,전도전복,전도전복,안전운전 의무 불이행,단일로,기타단일로,승합차,없음,야간,4/29/2012,3,일요일,967906,1933437,127.1373911,37.3994877
2012,1,1,,,,경기도,성남시,차대사람,기타,기타,안전운전 의무 불이행,단일로,기타단일로,자전거,보행자,주간,4/30/2012,16,월요일,966850,1934014,127.12544,37.40465139
2012,1,1,,,,경기도,성남시,차대사람,기타,기타,안전운전 의무 불이행,단일로,기타단일로,승용차,보행자,야간,5/21/2012,1,수요일,967208,1937096,127.1293449,37.4324453
2012,1,2,1,,,경기도,성남시,차량단독,전도전복,전도전복,안전운전 의무 불이행,단일로,기타단일로,특수차,없음,주간,5/26/2012,7,월요일,967247,1936650,127.1298031,37.42842536
2012,1,1,,,,경기도,성남시,차대사람,차도통행중,차도통행중,안전운전 의무 불이행,단일로,기타단일로,승합차,보행자,야간,6/1/2012,21,일요일,967119,1937546,127.1283119,37.43650058
2012,1,3,1,1,,경기도,성남시,차대차,추돌,주정차중 충돌,안전운전 의무 불이행,단일로,기타단일로,승용차,승용차,주간,6/20/2012,8,금요일,969463,1938724,127.1547613,37.44719714
2012,1,1,,,,경기도,성남시,차대사람,차도통행중,차도통행중,안전운전 의무 불이행,단일로,기타단일로,승용차,보행자,야간,6/18/2012,23,토요일,964884,1933009,127.1032685,37.39552024
2012,1,1,,,,경기도,성남시,차대차,측면충돌,측면충돌,신호위반,교차로,교차로내,승합차,승용차,야간,6/28/2012,0,화요일,970604,1937059,127.1677293,37.43222467
2012,1,1,,,,경기도,성남시,차량단독,전도전복,전도전복,안전운전 의무 불이행,단일로,기타단일로,화물차,없음,주간,7/13/2012,6,수요일,964205,1934177,127.0955415,37.40602513
2012,1,1,,,,경기도,성남시,차대사람,횡단중,횡단중,안전운전 의무 불이행,교차로,교차로부근,화물차,보행자,야간,7/21/2012,20,토요일,967902,1937945,127.1371499,37.44012091
2012,1,1,,,,경기도,성남시,차대사람,횡단중,횡단중,신호위반,단일로,횡단보도상,이륜차,보행자,야간,8/4/2012,4,토요일,969022,1938130,127.149804,37.44182301
2012,4,14,1,8,1,경기도,성남시,차대차,추돌,주정차중 충돌,안전운전 의무 불이행,단일로,기타단일로,승합차,승용차,야간,8/10/2012,20,금요일,961488,1932983,127.064906,37.39515095
2012,1,2,,1,,경기도,성남시,차대사람,기타,기타,안전운전 의무 불이행,교차로,교차로부근,승용차,보행자,야간,8/26/2012,18,수요일,967493,1936689,127.1325818,37.42878557
2012,1,1,,,,경기도,성남시,차대차,추돌,진행중 추돌,기타,단일로,기타단일로,자전거,화물차,주간,9/19/2012,10,토요일,966393,1938036,127.1200877,37.44088755
2012,1,1,,,,경기도,성남시,차량단독,전도전복,전도전복,안전운전 의무 불이행,단일로,기타단일로,이륜차,없음,야간,9/17/2012,1,일요일,966295,1937003,127.119027,37.43157297
2012,1,1,,,,경기도,성남시,차대사람,횡단중,횡단중,안전운전 의무 불이행,교차로,교차로내,승용차,보행자,야간,10/30/2012,22,수요일,967212,1936813,127.1294003,37.42989334
2012,1,1,,,,경기도,성남시,차대사람,횡단중,횡단중,안전운전 의무 불이행,단일로,기타단일로,승용차,보행자,주간,10/31/2012,6,목요일,967898,1931089,127.1374026,37.37832336
2012,1,2,,,1,경기도,성남시,차대사람,기타,기타,안전운전 의무 불이행,교차로,교차로내,원동기장치자전거,보행자,주간,11/2/2012,14,토요일,966989,1938379,127.1268097,37.44400066
2012,1,1,,,,경기도,성남시,차대사람,횡단중,횡단중,보행자 보호의무 위반,교차로,교차로부근,승용차,보행자,야간,11/8/2012,5,금요일,969913,1938017,127.1598775,37.44083658
2012,1,1,,,,경기도,성남시,차대사람,기타,기타,안전운전 의무 불이행,단일로,기타단일로,화물차,보행자,주간,11/14/2012,8,목요일,967183,1937524,127.1290409,37.43630096
2012,1,1,,,,경기도,성남시,차대사람,차도통행중,차도통행중,안전운전 의무 불이행,교차로,교차로내,건설기계,보행자,주간,11/24/2012,14,수요일,967008,1938370,127.1270249,37.44392022
2012,1,1,,,,경기도,성남시,차대사람,횡단중,횡단중,안전운전 의무 불이행,단일로,고가도로위,화물차,보행자,주간,11/25/2012,17,목요일,967362,1937268,127.1310755,37.43399982
2012,1,2,,1,,경기도,성남시,차대차,측면충돌,측면충돌,신호위반,교차로,교차로내,승용차,화물차,야간,12/3/2012,4,금요일,965348,1927959,127.1087471,37.35001878
2012,1,1,,,,경기도,성남시,차대차,추돌,주정차중 충돌,안전운전 의무 불이행,단일로,기타단일로,이륜차,승합차,야간,12/19/2012,5,화요일,969356,1935666,127.1536809,37.41962821
2012,1,1,,,,경기도,성남시,차대사람,횡단중,횡단중,안전운전 의무 불이행,단일로,기타단일로,승합차,보행자,야간,1/13/2013,22,토요일,967187,1936935,127.1291123,37.43099211