사고년도,사망자수,부상자수,중상자수,경상자수,부상신고자수,시도,시군구,사고유형 대분류,사고유형 중분류,사고유형,가해자법규위반,도로형태 대분류,도로형태,가해당사자 종별,피해당사자 종별,주야구분,발생일,발생시간,발생요일,발생위치X좌표 (EPSG 5179),발생위치Y좌표 (EPSG 5179),경도좌표,위도좌표
2012,1,1,,,,경기도,수원시,차대사람,횡단중,횡단중,안전운전 의무 불이행,단일로,기타단일로,승용차,보행자,야간,1/17/2012,22,화요일,958814,1917339,127.0355633,37.25402658
2012,1,1,,,,경기도,수원시,차대사람,횡단중,횡단중,보행자 보호의무 위반,교차로,교차로내,승합차,보행자,주간,1/19/2012,11,목요일,957164,1919702,127.0168158,37.27525421
2012,1,1,,,,경기도,수원시,차량단독,기타,기타,안전운전 의무 불이행,단일로,기타단일로,승합차,없음,주간,1/20/2012,15,금요일,954644,1924638,126.9881006,37.31962152
2012,1,1,,,,경기도,수원시,차대사람,횡단중,횡단중,안전운전 의무 불이행,교차로,교차로내,승용차,보행자,야간,1/23/2012,1,월요일,957626,1918052,127.0221265,37.26040006
2012,1,1,,,,경기도,수원시,차대사람,횡단중,횡단중,안전운전 의무 불이행,단일로,기타단일로,승합차,보행자,야간,1/25/2012,19,수요일,954562,1917910,126.987581,37.25897561
2012,1,4,,3,,경기도,수원시,차대차,추돌,진행중 추돌,안전운전 의무 불이행,단일로,기타단일로,화물차,화물차,주간,1/31/2012,12,화요일,955225,1924324,126.9946722,37.31682122
2012,1,1,,,,경기도,수원시,차대사람,횡단중,횡단중,보행자 보호의무 위반,교차로,교차로내,건설기계,보행자,주간,2/1/2012,8,수요일,954644,1924638,126.9881006,37.31962152
2012,1,1,,,,경기도,수원시,차대사람,횡단중,횡단중,안전운전 의무 불이행,단일로,기타단일로,승용차,보행자,야간,2/1/2012,18,수요일,959181,1918446,127.0396409,37.26402096
2012,1,1,,,,경기도,수원시,차대사람,횡단중,횡단중,안전운전 의무 불이행,교차로,교차로내,화물차,보행자,야간,2/10/2012,19,금요일,954644,1924638,126.9881006,37.31962152
2012,1,1,,,,경기도,수원시,차대사람,기타,기타,신호위반,교차로,교차로내,승용차,보행자,야간,2/15/2012,5,수요일,958505,1916547,127.032123,37.24687398
2012,1,1,,,,경기도,수원시,차대차,추돌,진행중 추돌,안전운전 의무 불이행,단일로,기타단일로,승용차,이륜차,야간,2/24/2012,18,월요일,954015,1916910,126.9814721,37.24993327
2012,1,1,,,,경기도,수원시,차대차,기타,기타,기타,단일로,횡단보도부근,자전거,승용차,주간,3/6/2012,10,금요일,954644,1924638,126.9881006,37.31962152
2012,1,1,,,,경기도,수원시,차대사람,횡단중,횡단중,안전운전 의무 불이행,단일로,기타단일로,승용차,보행자,야간,3/11/2012,0,수요일,957775,1919762,127.0237109,37.27581848
2012,1,1,,,,경기도,수원시,차대사람,보도통행중,보도통행중,안전운전 의무 불이행,교차로,교차로내,승용차,보행자,주간,3/12/2012,13,목요일,957017,1919343,127.0151796,37.27201062
2012,1,2,,1,,경기도,수원시,차대차,측면충돌,측면충돌,신호위반,교차로,교차로부근,승용차,승합차,야간,3/17/2012,4,화요일,953733,1916398,126.9783242,37.2453034
2012,1,1,,,,경기도,수원시,차대차,추돌,주정차중 충돌,안전운전 의무 불이행,교차로,교차로내,승용차,승합차,야간,3/23/2012,23,화요일,955522,1917945,126.9984092,37.25934017
2012,1,1,,,,경기도,수원시,차대사람,횡단중,횡단중,안전운전 의무 불이행,교차로,교차로부근,승용차,보행자,야간,3/23/2012,23,화요일,950886,1919591,126.9460197,37.27393722
2012,1,1,,,,경기도,수원시,차대사람,횡단중,횡단중,안전운전 의무 불이행,단일로,기타단일로,승용차,보행자,주간,3/31/2012,8,수요일,957996,1919842,127.026198,37.27655137
2012,1,1,,,,경기도,수원시,차대사람,횡단중,횡단중,안전운전 의무 불이행,단일로,기타단일로,승합차,보행자,야간,4/7/2012,5,수요일,956011,1920096,127.0037953,37.27875183
2012,1,1,,,,경기도,수원시,차대사람,횡단중,횡단중,보행자 보호의무 위반,단일로,횡단보도상,승용차,보행자,주간,4/9/2012,9,금요일,960697,1917788,127.0567727,37.25815515
2012,1,1,,,,경기도,수원시,차대사람,횡단중,횡단중,안전운전 의무 불이행,교차로,교차로부근,승합차,보행자,야간,4/12/2012,22,월요일,952949,1919608,126.9692896,37.27420247
2012,1,1,,,,경기도,수원시,차대사람,횡단중,횡단중,안전운전 의무 불이행,단일로,기타단일로,승용차,보행자,주간,4/18/2012,8,일요일,954644,1924638,126.9881006,37.31962152
2012,1,1,,,,경기도,수원시,차량단독,공작물충돌,공작물충돌,안전운전 의무 불이행,단일로,기타단일로,이륜차,없음,야간,4/16/2012,2,월요일,954643,1924689,126.9880851,37.32008206
2012,1,1,,,,경기도,수원시,차대사람,횡단중,횡단중,기타,교차로,교차로부근,승용차,보행자,주간,4/18/2012,15,수요일,934538,1963844,126.7576957,37.671781
2012,1,1,,,,경기도,수원시,차대차,기타,기타,신호위반,단일로,기타단일로,화물차,자전거,주간,5/2/2012,16,수요일,954916,1920965,126.9913912,37.28653046
2012,1,1,,,,경기도,수원시,차대사람,횡단중,횡단중,안전운전 의무 불이행,단일로,기타단일로,승용차,보행자,야간,5/6/2012,21,일요일,953766,1919951,126.9784788,37.27733328
2012,1,3,,2,,경기도,수원시,차량단독,공작물충돌,공작물충돌,안전운전 의무 불이행,단일로,기타단일로,승용차,없음,야간,5/9/2012,3,수요일,957088,1916366,127.0161566,37.24517828
2012,1,1,,,,경기도,수원시,차대사람,기타,기타,안전운전 의무 불이행,단일로,기타단일로,승용차,보행자,야간,6/14/2012,19,토요일,957132,1920902,127.0163913,37.28606647
2012,1,1,,,,경기도,수원시,차대사람,횡단중,횡단중,안전운전 의무 불이행,단일로,기타단일로,승합차,보행자,주간,6/18/2012,8,수요일,972712,1918014,127.1922588,37.26062288
2012,2,7,3,1,1,경기도,수원시,차량단독,전도전복,전도전복,과속,단일로,기타단일로,승용차,없음,야간,7/14/2012,23,목요일,958205,1915479,127.0288004,37.23723387
2012,1,4,1,2,,경기도,수원시,차대차,추돌,진행중 추돌,안전운전 의무 불이행,단일로,기타단일로,승합차,화물차,야간,7/26/2012,23,목요일,964087,1921271,127.0948333,37.2896871
2012,1,1,,,,경기도,수원시,차대사람,기타,기타,안전운전 의무 불이행,단일로,기타단일로,승용차,보행자,야간,7/29/2012,3,일요일,958742,1916469,127.0347996,37.24618143
2012,1,1,,,,경기도,수원시,차대사람,기타,기타,안전운전 의무 불이행,단일로,기타단일로,화물차,보행자,야간,8/10/2012,4,금요일,972712,1918014,127.1922588,37.26062288
2012,1,1,,,,경기도,수원시,차대차,기타,기타,안전운전 의무 불이행,단일로,기타단일로,자전거,승용차,주간,8/23/2012,6,일요일,954909,1920956,126.991306,37.28644807
2012,1,1,,,,경기도,수원시,차량단독,공작물충돌,공작물충돌,안전운전 의무 불이행,단일로,기타단일로,승용차,없음,야간,9/7/2012,3,월요일,957929,1918383,127.0255248,37.26339735
2012,1,1,,,,경기도,수원시,차대사람,횡단중,횡단중,안전운전 의무 불이행,단일로,기타단일로,승용차,보행자,주간,9/17/2012,9,일요일,972712,1918014,127.1922588,37.26062288
2012,1,1,,,,경기도,수원시,차대사람,횡단중,횡단중,보행자 보호의무 위반,단일로,횡단보도상,화물차,보행자,주간,9/19/2012,11,화요일,956857,1919263,127.013383,37.27127762
2012,1,2,1,,,경기도,수원시,차량단독,공작물충돌,공작물충돌,안전운전 의무 불이행,단일로,기타단일로,원동기장치자전거,없음,주간,9/25/2012,6,월요일,972712,1918014,127.1922588,37.26062288
2012,1,1,,,,경기도,수원시,차대사람,기타,기타,안전운전 의무 불이행,단일로,기타단일로,화물차,보행자,주간,9/30/2012,10,토요일,972712,1918014,127.1922588,37.26062288
2012,1,3,,2,,경기도,수원시,차대차,측면충돌,측면충돌,중앙선 침범,단일로,기타단일로,승용차,승합차,야간,10/3/2012,5,화요일,957172,1921871,127.0167878,37.29480616
2012,1,1,,,,경기도,수원시,차대차,기타,기타,안전운전 의무 불이행,단일로,횡단보도상,건설기계,자전거,주간,10/10/2012,10,화요일,953036,1921453,126.9701498,37.29083516
2012,1,4,3,,,경기도,수원시,차량단독,공작물충돌,공작물충돌,중앙선 침범,단일로,기타단일로,승용차,없음,주간,10/12/2012,7,목요일,957232,1926256,127.0172154,37.3343337
2012,1,1,,,,경기도,수원시,차대사람,차도통행중,차도통행중,안전운전 의무 불이행,단일로,기타단일로,화물차,보행자,야간,10/13/2012,23,금요일,972712,1918014,127.1922588,37.26062288
2012,1,1,,,,경기도,수원시,차대사람,횡단중,횡단중,안전운전 의무 불이행,단일로,기타단일로,승용차,보행자,주간,10/21/2012,11,월요일,957074,1925041,127.0154977,37.32337126
2012,1,1,,,,경기도,수원시,차대사람,횡단중,횡단중,안전운전 의무 불이행,단일로,기타단일로,승용차,보행자,주간,10/24/2012,6,목요일,957699,1921895,127.0227334,37.29503851
2012,1,1,,,,경기도,수원시,차대차,기타,기타,기타,단일로,교량위,자전거,승용차,주간,10/24/2012,13,목요일,972712,1918014,127.1922588,37.26062288
2012,1,1,,,,경기도,수원시,차대사람,횡단중,횡단중,안전운전 의무 불이행,교차로,교차로부근,승용차,보행자,야간,10/26/2012,23,토요일,954174,1917069,126.9832584,37.2513761
2012,1,1,,,,경기도,수원시,차대사람,횡단중,횡단중,안전운전 의무 불이행,단일로,기타단일로,승용차,보행자,야간,10/28/2012,18,월요일,953902,1920807,126.9799598,37.28505569
2012,1,1,,,,경기도,수원시,차대사람,횡단중,횡단중,안전운전 의무 불이행,단일로,고가도로위,화물차,보행자,주간,11/20/2012,13,토요일,956969,1917126,127.014771,37.25202323
2012,1,1,,,,경기도,수원시,차대사람,차도통행중,차도통행중,안전운전 의무 불이행,단일로,기타단일로,승용차,보행자,야간,11/20/2012,22,토요일,972712,1918014,127.1922588,37.26062288
2012,1,1,,,,경기도,수원시,차대차,추돌,진행중 추돌,안전운전 의무 불이행,단일로,지하차도(도로)내,화물차,화물차,주간,12/5/2012,14,일요일,957741,1915244,127.0235828,37.23509471
2012,1,1,,,,경기도,수원시,차대사람,횡단중,횡단중,안전운전 의무 불이행,교차로,교차로내,승합차,보행자,주간,12/14/2012,9,화요일,953212,1922347,126.972078,37.29889858
2012,1,1,,,,경기도,수원시,차대차,측면충돌,측면충돌,중앙선 침범,단일로,기타단일로,자전거,승합차,주간,12/17/2012,14,금요일,957276,1916783,127.0182524,37.24894565
2012,1,1,,,,경기도,수원시,차대사람,차도통행중,차도통행중,안전운전 의무 불이행,단일로,기타단일로,승용차,보행자,야간,1/3/2013,1,수요일,957603,1915140,127.0220386,37.23414653
2012,1,10,4,5,,경기도,수원시,차대차,정면충돌,정면충돌,신호위반,교차로,교차로내,승용차,승합차,야간,1/6/2013,3,토요일,953302,1917982,126.9733687,37.25956225
2012,1,1,,,,경기도,수원시,차대사람,횡단중,횡단중,안전운전 의무 불이행,단일로,기타단일로,승용차,보행자,야간,1/11/2013,4,목요일,960644,1919329,127.0560935,37.2720431
2012,1,1,,,,경기도,수원시,차대사람,기타,기타,보행자 보호의무 위반,교차로,교차로내,승합차,보행자,야간,1/11/2013,18,목요일,956934,1921258,127.014137,37.28926619
2012,1,1,,,,경기도,시흥시,차대사람,횡단중,횡단중,안전운전 의무 불이행,교차로,교차로부근,승용차,보행자,야간,1/20/2012,18,금요일,935190,1931742,126.7679238,37.38249929
2012,1,1,,,,경기도,시흥시,차대사람,횡단중,횡단중,안전운전 의무 불이행,단일로,기타단일로,승용차,보행자,주간,1/22/2012,6,일요일,932419,1927812,126.7369843,37.34688157
2012,1,1,,,,경기도,시흥시,차대사람,횡단중,횡단중,신호위반,단일로,횡단보도상,승용차,보행자,주간,1/22/2012,16,일요일,931677,1929819,126.7284226,37.36491492
2012,1,2,1,,,경기도,시흥시,차대차,추돌,진행중 추돌,안전운전 의무 불이행,단일로,기타단일로,승용차,승용차,야간,1/26/2012,1,목요일,933040,1927831,126.7439914,37.34709537
2012,1,2,1,,,경기도,시흥시,차대차,추돌,진행중 추돌,안전운전 의무 불이행,단일로,기타단일로,화물차,자전거,주간,2/2/2012,15,목요일,925111,1925464,126.6547183,37.32515763
2012,1,1,,,,경기도,시흥시,차대사람,횡단중,횡단중,안전운전 의무 불이행,교차로,교차로부근,승합차,보행자,야간,2/2/2012,23,목요일,932114,1928016,126.7335226,37.34869643
2012,2,9,1,6,,경기도,시흥시,차대차,추돌,진행중 추돌,안전운전 의무 불이행,단일로,기타단일로,승용차,화물차,주간,2/12/2012,8,일요일,933051,1929014,126.7440109,37.35775958
2012,1,1,,,,경기도,시흥시,차량단독,공작물충돌,공작물충돌,안전운전 의무 불이행,교차로,교차로내,승용차,없음,야간,2/20/2012,23,목요일,938650,1931407,126.8070321,37.37971535
2012,1,2,,1,,경기도,시흥시,차대차,정면충돌,정면충돌,중앙선 침범,단일로,교량위,원동기장치자전거,승용차,주간,2/24/2012,17,월요일,932855,1933520,126.7413888,37.39835827
2012,1,1,,,,경기도,시흥시,차대사람,기타,기타,안전운전 의무 불이행,단일로,기타단일로,건설기계,보행자,야간,3/5/2012,18,목요일,932289,1929250,126.7353888,37.35983589
2012,1,1,,,,경기도,시흥시,차대사람,횡단중,횡단중,안전운전 의무 불이행,단일로,기타단일로,승용차,보행자,주간,3/10/2012,6,화요일,932772,1928595,126.7408964,37.35396561
2012,1,1,,,,경기도,시흥시,차대사람,횡단중,횡단중,안전운전 의무 불이행,단일로,기타단일로,승용차,보행자,야간,3/10/2012,21,화요일,934009,1929842,126.754754,37.36529108
2012,1,1,,,,경기도,시흥시,차대차,정면충돌,정면충돌,안전운전 의무 불이행,단일로,기타단일로,승용차,화물차,야간,3/10/2012,22,화요일,933009,1928578,126.7435761,37.35382684
2012,3,10,5,2,,경기도,시흥시,차대차,측면충돌,측면충돌,신호위반,교차로,교차로내,화물차,승합차,주간,4/4/2012,8,일요일,932427,1927793,126.7370732,37.34671114
2012,1,1,,,,경기도,시흥시,차량단독,공작물충돌,공작물충돌,안전운전 의무 불이행,단일로,기타단일로,승용차,없음,야간,5/2/2012,23,수요일,941425,1933262,126.8382277,37.39661441
2012,1,2,1,,,경기도,시흥시,차대차,측면충돌,측면충돌,신호위반,교차로,교차로내,승용차,이륜차,야간,5/12/2012,21,토요일,929079,1927288,126.6993225,37.34190524
2012,1,2,1,,,경기도,시흥시,차대차,측면충돌,측면충돌,교차로 통행방법 위반,교차로,교차로내,승용차,승용차,야간,5/12/2012,23,토요일,939113,1930074,126.8123712,37.36773127
2012,1,1,,,,경기도,시흥시,차량단독,공작물충돌,공작물충돌,안전운전 의무 불이행,단일로,기타단일로,이륜차,없음,야간,5/23/2012,1,금요일,937077,1937106,126.7887804,37.43097566
2012,1,4,2,,1,경기도,시흥시,차대차,추돌,진행중 추돌,안전운전 의무 불이행,단일로,기타단일로,승용차,승용차,야간,6/1/2012,1,일요일,937050,1935460,126.7886156,37.41613828
2012,1,1,,,,경기도,시흥시,차대사람,횡단중,횡단중,안전운전 의무 불이행,단일로,기타단일로,화물차,보행자,주간,6/12/2012,13,목요일,930047,1926531,126.7103247,37.33516124
2012,1,1,,,,경기도,시흥시,차대차,기타,기타,교차로 통행방법 위반,교차로,교차로내,승용차,이륜차,주간,7/1/2012,11,화요일,937186,1937704,126.7899603,37.43636927
2012,1,1,,,,경기도,시흥시,차대차,측면충돌,측면충돌,신호위반,교차로,교차로내,이륜차,화물차,주간,7/4/2012,7,월요일,937247,1939208,126.7905229,37.44993266
2012,1,3,1,1,,경기도,시흥시,차대차,측면충돌,측면충돌,안전운전 의무 불이행,단일로,고가도로위,화물차,승용차,야간,7/7/2012,0,목요일,938131,1939632,126.8004776,37.45381671
2012,1,1,,,,경기도,시흥시,차대사람,기타,기타,안전운전 의무 불이행,교차로,교차로부근,화물차,보행자,주간,7/8/2012,17,금요일,934007,1927833,126.7549104,37.34718358
2012,1,5,,4,,경기도,시흥시,차대차,측면충돌,측면충돌,중앙선 침범,교차로,교차로부근,승용차,승용차,야간,7/10/2012,5,일요일,937332,1938941,126.7915066,37.44753194
2012,1,2,,1,,경기도,시흥시,차대차,측면충돌,측면충돌,안전운전 의무 불이행,단일로,교량위,승용차,승용차,주간,7/17/2012,8,일요일,935039,1931315,126.7662557,37.37864012
2012,1,2,1,,,경기도,시흥시,차대차,기타,기타,신호위반,교차로,교차로내,이륜차,이륜차,주간,7/16/2012,15,월요일,936446,1927891,126.7824408,37.34787657
2012,1,3,2,,,경기도,시흥시,차대차,기타,기타,교차로 통행방법 위반,교차로,교차로내,승용차,이륜차,야간,8/13/2012,3,월요일,933369,1927939,126.7476981,37.34809699
2012,1,1,,,,경기도,시흥시,차대사람,횡단중,횡단중,안전운전 의무 불이행,교차로,교차로내,승용차,보행자,야간,8/30/2012,1,일요일,931494,1928508,126.7264752,37.35308709
2012,1,1,,,,경기도,시흥시,차대사람,횡단중,횡단중,안전운전 의무 불이행,단일로,기타단일로,승용차,보행자,야간,9/13/2012,20,일요일,933056,1927281,126.7442239,37.34214022
2012,2,5,2,1,,경기도,시흥시,차량단독,공작물충돌,공작물충돌,안전운전 의무 불이행,단일로,기타단일로,승용차,없음,야간,9/19/2012,3,토요일,928138,1926448,126.688787,37.33426468
2012,1,1,,,,경기도,시흥시,차대사람,횡단중,횡단중,안전운전 의무 불이행,단일로,횡단보도부근,화물차,보행자,야간,10/6/2012,5,금요일,931760,1928835,126.7294506,37.35605218
2012,1,1,,,,경기도,시흥시,차량단독,전도전복,전도전복,안전운전 의무 불이행,교차로,교차로내,승용차,없음,야간,10/13/2012,0,금요일,933061,1928999,126.7441251,37.35762511
2012,1,7,,6,,경기도,시흥시,차대차,추돌,진행중 추돌,안전운전 의무 불이행,단일로,기타단일로,화물차,승용차,주간,10/15/2012,8,일요일,942963,1931633,126.8557285,37.38202777
2012,1,1,,,,경기도,시흥시,차대사람,보도통행중,보도통행중,안전운전 의무 불이행,교차로,교차로부근,승용차,보행자,야간,10/28/2012,19,월요일,938332,1940245,126.8027022,37.45935221
2012,1,2,1,,,경기도,시흥시,차대차,추돌,진행중 추돌,신호위반,교차로,교차로내,이륜차,이륜차,야간,10/29/2012,19,화요일,932511,1925948,126.7381906,37.33008806
2012,1,1,,,,경기도,시흥시,차대차,기타,기타,안전운전 의무 불이행,교차로,교차로내,화물차,승용차,야간,11/6/2012,5,수요일,934473,1928976,126.7600702,37.35751861
2012,1,1,,,,경기도,시흥시,차대사람,기타,기타,안전운전 의무 불이행,교차로,교차로부근,승용차,보행자,주간,11/23/2012,9,화요일,937483,1937976,126.7932954,37.43884455
2012,2,8,,6,,경기도,시흥시,차대차,측면충돌,측면충돌,안전거리 미확보,단일로,기타단일로,승합차,승용차,주간,11/29/2012,9,월요일,942422,1933066,126.8495011,37.39491101
2012,1,5,1,3,,경기도,시흥시,차대차,추돌,진행중 추돌,안전운전 의무 불이행,단일로,기타단일로,승용차,승합차,주간,12/28/2012,13,목요일,939595,1931594,126.8176902,37.38146288
2012,1,2,,,1,경기도,시흥시,차대차,추돌,주정차중 충돌,안전운전 의무 불이행,단일로,기타단일로,승용차,승합차,야간,12/31/2012,1,일요일,933551,1926873,126.7498485,37.33849843
2012,1,1,,,,경기도,시흥시,차대사람,기타,기타,안전운전 의무 불이행,단일로,기타단일로,승합차,보행자,야간,12/31/2012,20,일요일,933538,1927246,126.7496649,37.34186028
2012,1,1,,,,경기도,시흥시,차대차,측면충돌,측면충돌,교차로 통행방법 위반,교차로,교차로내,승용차,이륜차,야간,1/1/2013,0,월요일,933733,1927479,126.7518487,37.3439734
2012,1,1,,,,경기도,시흥시,차대사람,횡단중,횡단중,과속,교차로,교차로부근,승용차,보행자,주간,1/9/2013,7,화요일,931531,1924714,126.7272456,37.31889235
2012,1,1,,,,경기도,안산시,차량단독,공작물충돌,공작물충돌,안전운전 의무 불이행,교차로,교차로부근,승용차,없음,야간,1/20/2012,1,금요일,936170,1926223,126.7794685,37.33282362
2012,1,1,,,,경기도,안산시,차대차,측면충돌,측면충돌,안전운전 의무 불이행,교차로,교차로내,승용차,이륜차,야간,1/22/2012,20,일요일,939770,1923704,126.8203081,37.3103596
2012,1,2,1,,,경기도,안산시,차대사람,길가장자리구역통행중,길가장자리구역통행중,안전운전 의무 불이행,단일로,기타단일로,승용차,보행자,주간,1/23/2012,16,월요일,937717,1928034,126.7967781,37.34925163
2012,1,2,,1,,경기도,안산시,차대차,측면충돌,측면충돌,신호위반,교차로,교차로내,승합차,승합차,주간,2/28/2012,6,금요일,937578,1927446,126.7952583,37.34394252
2012,1,1,,,,경기도,안산시,차대차,기타,기타,과속,단일로,기타단일로,승용차,승용차,야간,3/2/2012,23,월요일,942905,1924569,126.8556178,37.31835408
2012,1,1,,,,경기도,안산시,차량단독,공작물충돌,공작물충돌,안전운전 의무 불이행,교차로,교차로내,승용차,없음,야간,3/13/2012,0,금요일,918225,1921925,126.577395,37.29267975
2012,1,1,,,,경기도,안산시,차대사람,횡단중,횡단중,안전운전 의무 불이행,단일로,기타단일로,화물차,보행자,야간,3/19/2012,4,금요일,938400,1924980,126.8047429,37.32177075
2012,1,1,,,,경기도,안산시,차대사람,횡단중,횡단중,보행자 보호의무 위반,단일로,횡단보도상,특수차,보행자,주간,3/20/2012,11,토요일,942149,1920732,126.8473826,37.28371933
2012,1,2,,1,,경기도,안산시,차대차,기타,기타,중앙선 침범,교차로,교차로내,승용차,화물차,야간,3/28/2012,4,일요일,942328,1924314,126.8491259,37.31602003
2012,1,1,,,,경기도,안산시,차대사람,횡단중,횡단중,안전운전 의무 불이행,단일로,기타단일로,화물차,보행자,야간,3/30/2012,22,화요일,943860,1922164,126.8665739,37.29673321
2012,1,1,,,,경기도,안산시,차대사람,횡단중,횡단중,안전운전 의무 불이행,단일로,기타단일로,승용차,보행자,야간,4/4/2012,19,일요일,936445,1926064,126.7825862,37.33140938
2012,1,1,,,,경기도,안산시,차량단독,공작물충돌,공작물충돌,안전운전 의무 불이행,단일로,터널안,승용차,없음,야간,4/5/2012,1,일요일,944293,1921233,126.8715323,37.28837137
2012,1,1,,,,경기도,안산시,차량단독,전도전복,전도전복,안전운전 의무 불이행,단일로,기타단일로,승용차,없음,야간,4/5/2012,23,월요일,946696,1922776,126.8985301,37.3024182
2012,1,1,,,,경기도,안산시,차대차,측면충돌,측면충돌,안전운전 의무 불이행,교차로,교차로내,자전거,화물차,야간,4/7/2012,18,수요일,935405,1927038,126.7707637,37.34011647
2012,1,3,2,,,경기도,안산시,차대차,측면충돌,측면충돌,안전운전 의무 불이행,단일로,기타단일로,화물차,화물차,주간,4/14/2012,6,수요일,943286,1927815,126.8596693,37.34763477
2012,1,1,,,,경기도,안산시,차대사람,횡단중,횡단중,안전운전 의무 불이행,단일로,지하차도(도로)내,승용차,보행자,야간,4/18/2012,23,일요일,937035,1925690,126.7892774,37.32807863
2012,1,2,1,,,경기도,안산시,차대차,측면충돌,측면충돌,안전운전 의무 불이행,교차로,교차로내,자전거,이륜차,야간,4/26/2012,20,목요일,941154,1923362,126.8359526,37.30736571
2012,1,1,,,,경기도,안산시,차량단독,공작물충돌,공작물충돌,안전운전 의무 불이행,단일로,기타단일로,승용차,없음,야간,5/8/2012,5,화요일,941163,1927270,126.8357431,37.34258945
2012,1,1,,,,경기도,안산시,차량단독,공작물충돌,공작물충돌,안전운전 의무 불이행,단일로,기타단일로,승용차,없음,주간,5/13/2012,6,일요일,945853,1922288,126.8890539,37.2979691
2012,1,2,1,,,경기도,안산시,차대차,추돌,진행중 추돌,안전운전 의무 불이행,단일로,기타단일로,승용차,이륜차,야간,6/13/2012,3,금요일,942583,1920513,126.8522997,37.28177862
2012,1,1,,,,경기도,안산시,차대차,측면충돌,측면충돌,안전거리 미확보,단일로,기타단일로,자전거,화물차,주간,6/19/2012,11,목요일,942423,1925554,126.8500994,37.32720608
2012,1,1,,,,경기도,안산시,차대사람,차도통행중,차도통행중,안전운전 의무 불이행,교차로,교차로내,화물차,보행자,주간,6/22/2012,10,수요일,938136,1925290,126.8017376,37.32454732
2012,1,1,,,,경기도,안산시,차대사람,기타,기타,안전운전 의무 불이행,단일로,횡단보도부근,승용차,보행자,야간,7/16/2012,18,토요일,947327,1922988,126.9056347,37.30436503
2012,1,1,,,,경기도,안산시,차대차,정면충돌,정면충돌,안전운전 의무 불이행,단일로,기타단일로,이륜차,승용차,야간,7/16/2012,19,토요일,937920,1926769,126.7991759,37.3378635
2012,1,4,1,2,,경기도,안산시,차대차,추돌,진행중 추돌,신호위반,교차로,교차로내,승용차,승용차,야간,7/22/2012,1,일요일,939349,1924335,126.8155059,37.31601962
2012,1,2,1,,,경기도,안산시,차대차,추돌,주정차중 충돌,안전운전 의무 불이행,단일로,기타단일로,화물차,화물차,주간,9/4/2012,14,금요일,944279,1927949,126.8708689,37.34890091
2012,1,2,1,,,경기도,안산시,차대차,기타,기타,중앙선 침범,단일로,기타단일로,승용차,화물차,야간,9/15/2012,20,화요일,937834,1924692,126.7983792,37.31913722
2012,1,2,1,,,경기도,안산시,차대차,기타,기타,기타,교차로,교차로부근,원동기장치자전거,특수차,주간,9/19/2012,12,토요일,938788,1925497,126.809078,37.32645355
2012,1,1,,,,경기도,안산시,차대차,기타,기타,교차로 통행방법 위반,교차로,교차로부근,특수차,자전거,야간,9/19/2012,19,토요일,941696,1925640,126.8418895,37.32793228
2012,1,1,,,,경기도,안산시,차량단독,전도전복,전도전복,안전운전 의무 불이행,단일로,기타단일로,화물차,없음,야간,9/19/2012,22,화요일,917155,1917976,126.5657645,37.25699346
2012,1,1,,,,경기도,안산시,차대사람,횡단중,횡단중,안전운전 의무 불이행,단일로,기타단일로,승합차,보행자,야간,9/23/2012,19,토요일,921827,1915781,126.6186748,37.23761394
2012,1,2,,1,,경기도,안산시,차대차,추돌,진행중 추돌,안전운전 의무 불이행,단일로,기타단일로,화물차,화물차,야간,10/5/2012,1,목요일,944481,1926990,126.8732225,37.34027101
2012,1,1,,,,경기도,안산시,차대차,추돌,주정차중 충돌,안전운전 의무 불이행,단일로,기타단일로,원동기장치자전거,화물차,야간,10/9/2012,3,월요일,932472,1924967,126.737842,37.32124246
2012,1,1,,,,경기도,안산시,차량단독,공작물충돌,공작물충돌,안전운전 의무 불이행,교차로,교차로부근,승용차,없음,야간,10/25/2012,4,금요일,941304,1922559,126.8377087,37.30013746
2012,1,1,,,,경기도,안산시,차량단독,기타,기타,안전운전 의무 불이행,단일로,터널안,승용차,없음,야간,10/31/2012,22,목요일,944764,1925998,126.8764911,37.33134661
2012,1,1,,,,경기도,안산시,차대사람,횡단중,횡단중,안전운전 의무 불이행,교차로,교차로내,승합차,보행자,주간,11/1/2012,15,금요일,943537,1924010,126.8627927,37.31335422
2012,1,4,3,,,경기도,안산시,차대차,정면충돌,정면충돌,중앙선 침범,단일로,기타단일로,이륜차,승용차,야간,11/3/2012,0,일요일,943084,1924830,126.8576179,37.32071755
2012,1,9,3,5,,경기도,안산시,차대차,추돌,진행중 추돌,안전운전 의무 불이행,단일로,기타단일로,승합차,승용차,주간,11/13/2012,9,수요일,944578,1922834,126.874628,37.30281711
2012,2,2,,,,경기도,안산시,차대차,추돌,주정차중 충돌,안전운전 의무 불이행,단일로,기타단일로,이륜차,화물차,야간,11/28/2012,4,일요일,944126,1923195,126.8695008,37.30604389
2012,1,1,,,,경기도,안산시,차대차,추돌,주정차중 충돌,안전운전 의무 불이행,단일로,기타단일로,이륜차,화물차,야간,11/28/2012,22,일요일,942959,1921060,126.8565024,37.28672761
2012,1,26,15,10,,경기도,안산시,차량단독,전도전복,전도전복,과속,단일로,기타단일로,승합차,없음,야간,12/4/2012,22,토요일,945603,1922696,126.8862034,37.3016338