사고년도,사망자수,부상자수,중상자수,경상자수,부상신고자수,시도,시군구,사고유형 대분류,사고유형 중분류,사고유형,가해자법규위반,도로형태 대분류,도로형태,가해당사자 종별,피해당사자 종별,주야구분,발생일,발생시간,발생요일,발생위치X좌표 (EPSG 5179),발생위치Y좌표 (EPSG 5179),경도좌표,위도좌표
2012,1,1,,,,경기도,안산시,차대사람,횡단중,횡단중,안전운전 의무 불이행,단일로,기타단일로,승용차,보행자,주간,12/18/2012,10,토요일,937902,1925616,126.7990682,37.32746551
2012,1,1,,,,경기도,안산시,차대사람,기타,기타,안전운전 의무 불이행,단일로,기타단일로,승용차,보행자,야간,12/24/2012,5,일요일,943950,1920880,126.8676896,37.28516721
2012,1,3,1,1,,경기도,안산시,차대사람,기타,기타,기타,단일로,기타단일로,승용차,보행자,주간,12/25/2012,15,월요일,944715,1929572,126.8756714,37.36355746
2012,1,1,,,,경기도,안산시,차대사람,횡단중,횡단중,안전운전 의무 불이행,단일로,기타단일로,승용차,보행자,야간,1/1/2013,1,월요일,943875,1922208,126.8667421,37.29713162
2012,1,6,2,3,,경기도,안산시,차대차,정면충돌,정면충돌,중앙선 침범,단일로,고가도로위,화물차,승용차,야간,1/3/2013,21,수요일,934027,1926247,126.7552774,37.33289015
2012,1,1,,,,경기도,안산시,차량단독,전도전복,전도전복,중앙선 침범,단일로,기타단일로,승합차,없음,야간,1/5/2013,20,금요일,940176,1927918,126.8245496,37.34836787
2012,1,1,,,,경기도,안산시,차대차,추돌,주정차중 충돌,안전운전 의무 불이행,단일로,기타단일로,승합차,화물차,야간,1/7/2013,5,일요일,942405,1923846,126.8500266,37.31180562
2012,1,1,,,,경기도,안성시,차대사람,기타,기타,안전운전 의무 불이행,단일로,기타단일로,승용차,보행자,야간,1/19/2012,20,목요일,973488,1896727,127.2017638,37.06876219
2012,1,2,1,,,경기도,안성시,차대차,추돌,주정차중 충돌,안전운전 의무 불이행,단일로,기타단일로,승용차,승합차,주간,1/31/2012,10,화요일,971409,1889582,127.1786454,37.00429619
2012,1,1,,,,경기도,안성시,차대차,측면충돌,측면충돌,안전운전 의무 불이행,단일로,기타단일로,승용차,승합차,주간,2/23/2012,11,일요일,966736,1898632,127.1257291,37.08571431
2012,1,1,,,,경기도,안성시,차량단독,공작물충돌,공작물충돌,안전운전 의무 불이행,단일로,기타단일로,승용차,없음,야간,3/15/2012,20,일요일,976591,1890549,127.2368617,37.01315465
2012,1,2,,1,,경기도,안성시,차대사람,기타,기타,안전운전 의무 불이행,단일로,기타단일로,화물차,보행자,주간,3/25/2012,10,목요일,979463,1887897,127.2692176,36.98931576
2012,2,3,,1,,경기도,안성시,차대사람,길가장자리구역통행중,길가장자리구역통행중,안전운전 의무 불이행,단일로,기타단일로,승용차,보행자,야간,4/9/2012,21,금요일,992617,1896216,127.4169536,37.06449902
2012,1,1,,,,경기도,안성시,차대사람,기타,기타,안전운전 의무 불이행,교차로,교차로부근,화물차,보행자,주간,4/18/2012,17,일요일,977770,1890430,127.2501181,37.01211059
2012,2,3,1,,,경기도,안성시,차량단독,도로이탈,도로이탈 추락,안전운전 의무 불이행,단일로,기타단일로,승용차,없음,야간,4/28/2012,1,토요일,970439,1891857,127.1676573,37.02477181
2012,1,1,,,,경기도,안성시,차대차,측면충돌,측면충돌,교차로 통행방법 위반,교차로,교차로내,승용차,이륜차,야간,5/15/2012,18,화요일,994348,1902324,127.4363775,37.119573
2012,1,1,,,,경기도,안성시,차대사람,차도통행중,차도통행중,안전운전 의무 불이행,단일로,기타단일로,승용차,보행자,야간,6/6/2012,1,금요일,979252,1890785,127.266767,37.01534458
2012,1,1,,,,경기도,안성시,차대사람,기타,기타,안전운전 의무 불이행,단일로,기타단일로,승용차,보행자,주간,6/11/2012,13,수요일,984495,1896357,127.3255896,37.06567359
2012,1,2,1,,,경기도,안성시,차량단독,공작물충돌,공작물충돌,안전운전 의무 불이행,단일로,기타단일로,승용차,없음,야간,6/16/2012,0,월요일,974994,1901591,127.2185427,37.11264856
2012,1,5,4,,,경기도,안성시,차대차,정면충돌,정면충돌,중앙선 침범,단일로,기타단일로,승용차,승용차,야간,7/3/2012,4,일요일,982481,1889310,127.303099,37.00211417
2012,1,1,,,,경기도,안성시,차대차,측면충돌,측면충돌,안전운전 의무 불이행,단일로,기타단일로,승용차,자전거,주간,7/5/2012,12,화요일,979555,1888952,127.2702228,36.99882793
2012,1,2,1,,,경기도,안성시,차량단독,공작물충돌,공작물충돌,안전운전 의무 불이행,단일로,기타단일로,승합차,없음,주간,7/10/2012,15,일요일,969407,1888859,127.1561768,36.99771403
2012,1,1,,,,경기도,안성시,차량단독,공작물충돌,공작물충돌,안전운전 의무 불이행,단일로,기타단일로,승용차,없음,주간,7/11/2012,8,월요일,970194,1888918,127.1650192,36.99827116
2012,1,1,,,,경기도,안성시,차량단독,전도전복,전도전복,안전운전 의무 불이행,단일로,기타단일로,농기계,없음,주간,7/29/2012,11,일요일,979081,1881263,127.2651087,36.92950571
2012,1,1,,,,경기도,안성시,차대사람,횡단중,횡단중,보행자 보호의무 위반,단일로,횡단보도상,승용차,보행자,야간,8/26/2012,19,수요일,984469,1890641,127.3254152,37.01414727
2012,1,1,,,,경기도,안성시,차대차,측면충돌,측면충돌,교차로 통행방법 위반,교차로,교차로내,승용차,이륜차,주간,9/21/2012,10,목요일,992708,1897165,127.4179668,37.07305702
2012,1,3,1,1,,경기도,안성시,차대차,추돌,진행중 추돌,안전운전 의무 불이행,단일로,기타단일로,화물차,화물차,야간,9/27/2012,4,수요일,967538,1896652,127.1348338,37.06790166
2012,1,4,2,1,,경기도,안성시,차대차,정면충돌,정면충돌,중앙선 침범,단일로,기타단일로,화물차,농기계,주간,9/27/2012,15,수요일,972167,1893472,127.1870245,37.03938264
2012,1,2,1,,,경기도,안성시,차량단독,전도전복,전도전복,안전운전 의무 불이행,단일로,기타단일로,승용차,없음,주간,9/27/2012,17,수요일,969276,1888301,127.1547273,36.99267979
2012,1,1,,,,경기도,안성시,차대사람,차도통행중,차도통행중,안전운전 의무 불이행,교차로,교차로부근,승합차,보행자,야간,9/30/2012,20,토요일,982139,1886957,127.2993109,36.98089688
2012,1,1,,,,경기도,안성시,차대차,기타,기타,안전운전 의무 불이행,단일로,기타단일로,화물차,승용차,야간,10/7/2012,3,토요일,969464,1887704,127.1568642,36.98730439
2012,1,1,,,,경기도,안성시,차대차,정면충돌,정면충돌,중앙선 침범,단일로,기타단일로,자전거,건설기계,주간,10/9/2012,16,월요일,982098,1887857,127.2988289,36.98900906
2012,1,2,1,,,경기도,안성시,차량단독,공작물충돌,공작물충돌,안전운전 의무 불이행,단일로,기타단일로,승용차,없음,주간,10/11/2012,11,수요일,978008,1891707,127.2527561,37.02362747
2012,1,1,,,,경기도,안성시,차대사람,횡단중,횡단중,안전운전 의무 불이행,단일로,기타단일로,승용차,보행자,야간,10/20/2012,21,일요일,967873,1893271,127.1387476,37.0374375
2012,1,3,,2,,경기도,안성시,차대사람,기타,기타,안전운전 의무 불이행,단일로,기타단일로,화물차,보행자,야간,10/28/2012,22,월요일,999332,1900557,127.4924822,37.10366164
2012,1,1,,,,경기도,안성시,차대차,측면충돌,측면충돌,안전운전 의무 불이행,교차로,교차로내,화물차,자전거,주간,10/29/2012,6,화요일,982636,1888832,127.3048544,36.99780818
2012,1,2,1,,,경기도,안성시,차대차,기타,기타,중앙선 침범,단일로,기타단일로,화물차,화물차,주간,11/8/2012,6,금요일,994554,1892020,127.43877,37.02669254
2012,1,2,,1,,경기도,안성시,차량단독,도로이탈,도로이탈 추락,안전운전 의무 불이행,단일로,기타단일로,승용차,없음,야간,11/11/2012,3,월요일,978709,1881095,127.2609364,36.92798295
2012,1,2,1,,,경기도,안성시,차대사람,기타,기타,안전운전 의무 불이행,기타/불명,기타/불명,화물차,보행자,주간,11/12/2012,17,화요일,994461,1898064,127.437681,37.08117288
2012,1,1,,,,경기도,안성시,차대차,추돌,주정차중 충돌,안전운전 의무 불이행,단일로,기타단일로,승용차,건설기계,야간,11/12/2012,19,화요일,978586,1898887,127.2590496,37.08836325
2012,1,1,,,,경기도,안성시,차대차,기타,기타,보행자 보호의무 위반,단일로,횡단보도상,승용차,승용차,야간,11/13/2012,5,수요일,978738,1889843,127.2610156,37.00684158
2012,1,3,,2,,경기도,안성시,차대차,추돌,주정차중 충돌,안전운전 의무 불이행,단일로,기타단일로,화물차,승용차,야간,11/27/2012,2,토요일,969238,1888432,127.154295,36.99385942
2012,1,2,1,,,경기도,안성시,차대차,정면충돌,정면충돌,중앙선 침범,단일로,기타단일로,화물차,화물차,주간,12/1/2012,15,수요일,992633,1893875,127.4171554,37.04339928
2012,1,1,,,,경기도,안성시,차대차,측면충돌,측면충돌,안전운전 의무 불이행,단일로,기타단일로,화물차,이륜차,주간,12/6/2012,14,월요일,969614,1887354,127.1585616,36.98415334
2012,5,6,1,,,경기도,안성시,차대차,추돌,주정차중 충돌,안전운전 의무 불이행,단일로,기타단일로,승합차,승용차,야간,12/12/2012,4,일요일,968539,1890579,127.1463507,37.0131941
2012,1,1,,,,경기도,안성시,차대차,측면충돌,측면충돌,안전거리 미확보,단일로,기타단일로,자전거,승합차,주간,12/15/2012,10,수요일,970133,1888906,127.1643285,36.99816284
2012,1,1,,,,경기도,안성시,차량단독,공작물충돌,공작물충돌,안전운전 의무 불이행,단일로,기타단일로,화물차,없음,야간,12/20/2012,1,수요일,999013,1898507,127.4888947,37.08518207
2012,1,1,,,,경기도,안성시,차대사람,횡단중,횡단중,안전운전 의무 불이행,단일로,기타단일로,승용차,보행자,야간,12/26/2012,18,화요일,978642,1880906,127.2601894,36.9262777
2012,1,1,,,,경기도,안성시,차대사람,기타,기타,안전운전 의무 불이행,단일로,기타단일로,승합차,보행자,야간,1/16/2013,20,화요일,975248,1887009,127.2218816,36.9812095
2012,1,1,,,,경기도,안양시,차대차,측면충돌,측면충돌,안전운전 의무 불이행,단일로,기타단일로,자전거,승합차,주간,1/21/2012,16,토요일,951730,1931783,126.9547399,37.3838777
2012,1,27,9,17,,경기도,안양시,차대차,측면충돌,측면충돌,중앙선 침범,단일로,기타단일로,승합차,승합차,주간,1/26/2012,10,목요일,947243,1937029,126.9036885,37.4309134
2012,1,1,,,,경기도,안양시,차대사람,횡단중,횡단중,안전운전 의무 불이행,단일로,횡단보도상,승용차,보행자,야간,2/2/2012,1,목요일,951834,1933899,126.9557758,37.4029529
2012,1,1,,,,경기도,안양시,차대차,측면충돌,측면충돌,신호위반,교차로,교차로내,자전거,승용차,주간,2/27/2012,9,목요일,948378,1935020,126.9166515,37.41287338
2012,1,1,,,,경기도,안양시,차량단독,전도전복,전도전복,안전운전 의무 불이행,단일로,기타단일로,이륜차,없음,야간,3/17/2012,18,화요일,949793,1932524,126.9328138,37.39045383
2012,1,1,,,,경기도,안양시,차대사람,횡단중,횡단중,안전운전 의무 불이행,교차로,교차로내,승용차,보행자,야간,4/2/2012,20,금요일,949398,1933790,126.928265,37.40184328
2012,1,1,,,,경기도,안양시,차량단독,기타,기타,안전운전 의무 불이행,단일로,터널안,승용차,없음,야간,4/12/2012,5,월요일,951845,1931205,126.9560843,37.37867275
2012,1,1,,,,경기도,안양시,차대차,측면충돌,측면충돌,교차로 통행방법 위반,교차로,교차로내,자전거,화물차,주간,4/28/2012,12,토요일,947665,1935912,126.908535,37.42087325
2012,1,8,5,2,,경기도,안양시,차량단독,전도전복,전도전복,안전운전 의무 불이행,단일로,기타단일로,승합차,없음,야간,5/21/2012,5,수요일,945489,1934309,126.8840625,37.40629937
2012,1,1,,,,경기도,안양시,차대차,정면충돌,정면충돌,안전운전 의무 불이행,단일로,기타단일로,자전거,자전거,야간,5/21/2012,18,수요일,950022,1933141,126.9353589,37.39602747
2012,1,1,,,,경기도,안양시,차대사람,차도통행중,차도통행중,안전운전 의무 불이행,교차로,교차로부근,승용차,보행자,야간,5/22/2012,3,목요일,953697,1933704,126.9768414,37.40129301
2012,1,2,1,,,경기도,안양시,차대차,측면충돌,측면충돌,안전운전 의무 불이행,교차로,교차로부근,승합차,승용차,야간,5/22/2012,4,목요일,951947,1930252,126.957294,37.37008949
2012,1,4,,3,,경기도,안양시,차대차,정면충돌,정면충돌,신호위반,교차로,교차로내,이륜차,승용차,야간,5/23/2012,1,금요일,949864,1931787,126.9336684,37.38381649
2012,1,3,2,,,경기도,안양시,차대차,측면충돌,측면충돌,신호위반,교차로,교차로부근,승용차,원동기장치자전거,야간,5/26/2012,1,월요일,952327,1929362,126.9616428,37.36208712
2012,1,1,,,,경기도,안양시,차대사람,횡단중,횡단중,안전운전 의무 불이행,단일로,기타단일로,승용차,보행자,야간,7/1/2012,20,금요일,947572,1934395,126.9075863,37.40719353
2012,1,2,,1,,경기도,안양시,차대차,정면충돌,정면충돌,안전운전 의무 불이행,단일로,기타단일로,화물차,승용차,주간,7/27/2012,12,금요일,951916,1931236,126.9568799,37.37895712
2012,1,1,,,,경기도,안양시,차대차,측면충돌,측면충돌,신호위반,교차로,교차로내,이륜차,승합차,야간,8/2/2012,18,목요일,952990,1931040,126.969023,37.37724557
2012,1,9,7,1,,경기도,안양시,차대차,측면충돌,측면충돌,기타,교차로,교차로내,자전거,승합차,야간,8/8/2012,5,화요일,953186,1934097,126.9710431,37.4048096
2012,1,1,,,,경기도,안양시,차량단독,공작물충돌,공작물충돌,안전운전 의무 불이행,단일로,고가도로위,원동기장치자전거,없음,주간,8/21/2012,8,금요일,948549,1935244,126.9185716,37.4149019
2012,1,1,,,,경기도,안양시,차대사람,횡단중,횡단중,안전운전 의무 불이행,단일로,기타단일로,승용차,보행자,주간,8/21/2012,16,금요일,947367,1933786,126.9053188,37.40169404
2012,1,1,,,,경기도,안양시,차량단독,공작물충돌,공작물충돌,안전운전 의무 불이행,단일로,고가도로위,원동기장치자전거,없음,주간,8/30/2012,6,일요일,948533,1935271,126.9183889,37.41514438
2012,1,1,,,,경기도,안양시,차대차,기타,기타,안전운전 의무 불이행,단일로,고가도로위,승용차,승용차,주간,9/8/2012,6,화요일,945765,1934507,126.8871664,37.40810021
2012,1,2,1,,,경기도,안양시,차대차,정면충돌,정면충돌,중앙선 침범,단일로,교량위,승용차,승용차,야간,10/3/2012,4,화요일,950394,1931763,126.939654,37.383627
2012,1,1,,,,경기도,안양시,차대사람,기타,기타,안전운전 의무 불이행,교차로,교차로부근,승용차,보행자,야간,10/7/2012,0,토요일,951270,1934063,126.9494003,37.40440036
2012,1,1,,,,경기도,안양시,차대사람,차도통행중,차도통행중,안전운전 의무 불이행,교차로,교차로부근,승용차,보행자,야간,10/11/2012,2,수요일,949333,1933810,126.9275297,37.40201807
2012,1,2,1,,,경기도,안양시,차대사람,보도통행중,보도통행중,보행자 보호의무 위반,교차로,교차로내,승합차,보행자,야간,10/13/2012,23,금요일,947816,1933892,126.9103841,37.40267486
2012,1,1,,,,경기도,안양시,차대사람,횡단중,횡단중,안전운전 의무 불이행,교차로,교차로내,승용차,보행자,야간,10/16/2012,4,수요일,951940,1933905,126.9569775,37.40301521
2012,1,1,,,,경기도,안양시,차대사람,횡단중,횡단중,안전운전 의무 불이행,단일로,기타단일로,승용차,보행자,야간,10/16/2012,19,수요일,948160,1933874,126.914272,37.40253194
2012,1,1,,,,경기도,안양시,차대사람,횡단중,횡단중,안전운전 의무 불이행,교차로,교차로내,승합차,보행자,주간,10/29/2012,17,화요일,950876,1933494,126.9449834,37.39925488
2012,1,1,,,,경기도,안양시,차량단독,기타,기타,기타,단일로,기타단일로,승합차,없음,주간,11/12/2012,7,화요일,949070,1932590,126.9246452,37.39101198
2012,1,1,,,,경기도,안양시,차대사람,차도통행중,차도통행중,안전운전 의무 불이행,단일로,고가도로위,승용차,보행자,야간,11/13/2012,21,수요일,951401,1930002,126.9511442,37.36780768
2012,1,1,,,,경기도,안양시,차대사람,보도통행중,보도통행중,신호위반,교차로,교차로내,승합차,보행자,야간,11/24/2012,5,수요일,948138,1933071,126.9140764,37.39529477
2012,1,1,,,,경기도,안양시,차대차,측면충돌,측면충돌,신호위반,교차로,교차로내,원동기장치자전거,승용차,주간,12/20/2012,11,수요일,947397,1936358,126.9054745,37.42487799
2012,1,1,,,,경기도,안양시,차대사람,길가장자리구역통행중,길가장자리구역통행중,안전운전 의무 불이행,교차로,교차로부근,승합차,보행자,야간,12/21/2012,19,목요일,949797,1933898,126.9327656,37.40283843
2012,1,1,,,,경기도,안양시,차대사람,횡단중,횡단중,신호위반,교차로,교차로부근,승용차,보행자,야간,12/31/2012,0,일요일,951866,1932513,126.9562321,37.39046469
2012,1,1,,,,경기도,안양시,차대사람,횡단중,횡단중,안전운전 의무 불이행,단일로,기타단일로,승용차,보행자,야간,1/1/2013,0,월요일,948809,1934671,126.9215493,37.40975167
2012,1,1,,,,경기도,양주시,차량단독,공작물충돌,공작물충돌,안전운전 의무 불이행,단일로,교량위,승용차,없음,주간,2/3/2012,16,금요일,957324,1976980,127.0152913,37.7915187
2012,1,1,,,,경기도,양주시,차대사람,차도통행중,차도통행중,안전운전 의무 불이행,단일로,기타단일로,승용차,보행자,야간,2/11/2012,18,토요일,949118,1964659,126.9229623,37.6800575
2012,1,5,4,,,경기도,양주시,차대차,측면충돌,측면충돌,중앙선 침범,단일로,기타단일로,승용차,승용차,주간,2/25/2012,7,화요일,953934,1971232,126.977161,37.73955252
2012,1,2,,1,,경기도,양주시,차대차,기타,기타,안전운전 의무 불이행,교차로,교차로부근,승용차,승용차,야간,3/17/2012,18,화요일,954561,1969128,126.9844074,37.72061972
2012,1,1,,,,경기도,양주시,차량단독,도로이탈,도로이탈 추락,안전운전 의무 불이행,단일로,기타단일로,승용차,없음,주간,3/23/2012,15,화요일,950014,1965287,126.9330789,37.68576419
2012,1,1,,,,경기도,양주시,차대차,기타,기타,안전운전 의무 불이행,교차로,교차로부근,승용차,승용차,야간,4/26/2012,2,목요일,960087,1976236,127.046717,37.78494011
2012,1,2,,1,,경기도,양주시,차량단독,기타,기타,안전운전 의무 불이행,단일로,터널안,승용차,없음,주간,4/29/2012,16,일요일,956766,1969120,127.0094293,37.72065619
2012,1,1,,,,경기도,양주시,차대사람,기타,기타,안전운전 의무 불이행,단일로,기타단일로,화물차,보행자,야간,5/7/2012,3,월요일,954793,1985919,126.9859946,37.87196507
2012,1,1,,,,경기도,양주시,차량단독,전도전복,전도전복,안전운전 의무 불이행,단일로,기타단일로,원동기장치자전거,없음,야간,5/9/2012,19,수요일,953291,1982195,126.9691558,37.83832674
2012,1,1,,,,경기도,양주시,차량단독,공작물충돌,공작물충돌,안전운전 의무 불이행,단일로,기타단일로,이륜차,없음,야간,5/23/2012,22,금요일,955476,1989776,126.9935197,37.90676166
2012,1,2,,1,,경기도,양주시,차대차,기타,기타,안전운전 의무 불이행,단일로,기타단일로,승용차,이륜차,야간,5/25/2012,2,일요일,961375,1978512,127.0612237,37.80550958
2012,1,1,,,,경기도,양주시,차대사람,횡단중,횡단중,안전운전 의무 불이행,교차로,교차로부근,승합차,보행자,주간,6/4/2012,14,수요일,965337,1978156,127.1062465,37.80245998
2012,1,3,1,1,,경기도,양주시,차대차,추돌,주정차중 충돌,안전운전 의무 불이행,기타/불명,기타/불명,승용차,화물차,주간,7/10/2012,15,일요일,948693,1964592,126.9181474,37.67943175
2012,1,1,,,,경기도,양주시,차량단독,전도전복,전도전복,안전운전 의무 불이행,단일로,터널안,승용차,없음,야간,7/16/2012,1,토요일,949885,1965158,126.9316248,37.68459448
2012,1,1,,,,경기도,양주시,차대사람,횡단중,횡단중,안전운전 의무 불이행,단일로,횡단보도상,승합차,보행자,야간,7/24/2012,23,화요일,960078,1980021,127.0464071,37.81905515
2012,1,1,,,,경기도,양주시,차량단독,공작물충돌,공작물충돌,안전운전 의무 불이행,단일로,기타단일로,승용차,없음,주간,8/6/2012,13,월요일,957800,1976498,127.0207306,37.78719844
2012,1,1,,,,경기도,양주시,차대차,기타,기타,교차로 통행방법 위반,교차로,교차로내,승용차,원동기장치자전거,야간,10/24/2012,19,목요일,961501,1982440,127.062446,37.8409203
2012,1,1,,,,경기도,양주시,차량단독,도로이탈,도로이탈 추락,안전운전 의무 불이행,단일로,교량위,화물차,없음,야간,10/31/2012,22,목요일,952372,1986333,126.9584425,37.87557204
2012,1,5,4,,,경기도,양주시,차량단독,공작물충돌,공작물충돌,안전운전 의무 불이행,교차로,교차로부근,승용차,없음,야간,11/4/2012,4,월요일,960018,1978353,127.0458165,37.80402036
2012,1,1,,,,경기도,양주시,차량단독,공작물충돌,공작물충돌,안전운전 의무 불이행,교차로,교차로부근,화물차,없음,주간,11/24/2012,16,수요일,960990,1985578,127.0564691,37.86917911
2012,1,1,,,,경기도,양주시,차량단독,전도전복,전도전복,안전운전 의무 불이행,단일로,기타단일로,화물차,없음,주간,12/2/2012,11,목요일,954859,1976352,126.9873396,37.78574377
2012,1,2,1,,,경기도,양주시,차대사람,횡단중,횡단중,신호위반,교차로,교차로내,건설기계,보행자,주간,12/20/2012,14,수요일,954868,1979822,126.9872257,37.81701878
2012,1,1,,,,경기도,양주시,차량단독,공작물충돌,공작물충돌,안전운전 의무 불이행,단일로,기타단일로,승용차,없음,주간,12/21/2012,6,목요일,982169,1930525,127.2986116,37.37362124
2012,1,1,,,,경기도,양주시,차대사람,차도통행중,차도통행중,안전운전 의무 불이행,단일로,기타단일로,승용차,보행자,주간,12/29/2012,9,금요일,960537,1980703,127.0515849,37.82522191
2012,1,1,,,,경기도,양주시,차대사람,횡단중,횡단중,안전운전 의무 불이행,교차로,교차로내,승용차,보행자,야간,1/10/2013,22,수요일,960780,1983064,127.054218,37.8465118
2012,1,1,,,,경기도,양주시,차대사람,보도통행중,보도통행중,안전운전 의무 불이행,교차로,교차로내,승용차,보행자,야간,1/12/2013,23,금요일,960821,1982609,127.0547083,37.84241279
2012,1,1,,,,경기도,양평군,차대차,추돌,진행중 추돌,안전운전 의무 불이행,단일로,기타단일로,화물차,화물차,야간,1/28/2012,0,토요일,992428,1946253,127.4143149,37.5155347
2012,1,1,,,,경기도,양평군,차대사람,횡단중,횡단중,안전운전 의무 불이행,단일로,기타단일로,승용차,보행자,야간,2/13/2012,19,월요일,991629,1946031,127.4052777,37.51352467
2012,1,1,,,,경기도,양평군,차량단독,도로이탈,도로이탈 추락,안전운전 의무 불이행,단일로,기타단일로,승용차,없음,야간,3/31/2012,21,수요일,1016548,1951102,127.687369,37.55912561
2012,1,1,,,,경기도,양평군,차대차,추돌,진행중 추돌,안전운전 의무 불이행,교차로,교차로부근,승용차,이륜차,주간,4/1/2012,10,목요일,999110,1944233,127.4899351,37.49735581
2012,1,1,,,,경기도,양평군,차대사람,기타,기타,안전운전 의무 불이행,단일로,기타단일로,승용차,보행자,야간,4/15/2012,21,목요일,1009983,1944923,127.6129501,37.50352062
2012,1,1,,,,경기도,양평군,차량단독,공작물충돌,공작물충돌,안전운전 의무 불이행,단일로,기타단일로,승용차,없음,야간,4/27/2012,5,금요일,1005481,1942706,127.5619957,37.48357594
2012,1,1,,,,경기도,양평군,차량단독,공작물충돌,공작물충돌,안전운전 의무 불이행,단일로,기타단일로,승용차,없음,야간,5/7/2012,2,월요일,1001578,1943665,127.5178508,37.49223498
2012,1,1,,,,경기도,양평군,차량단독,공작물충돌,공작물충돌,안전운전 의무 불이행,단일로,기타단일로,승용차,없음,주간,6/2/2012,15,월요일,1015642,1954596,127.6771799,37.59063104
2012,1,1,,,,경기도,양평군,차대차,기타,기타,안전운전 의무 불이행,단일로,기타단일로,승용차,이륜차,야간,6/2/2012,21,월요일,1025805,1948436,127.7920813,37.53488193
2012,1,3,2,,,경기도,양평군,차대사람,차도통행중,차도통행중,안전운전 의무 불이행,단일로,기타단일로,이륜차,보행자,야간,6/25/2012,3,토요일,999250,1943096,127.4915114,37.48710604
2012,1,1,,,,경기도,양평군,차대차,추돌,주정차중 충돌,안전운전 의무 불이행,단일로,기타단일로,승용차,승용차,주간,8/20/2012,11,목요일,999590,1943441,127.4953621,37.49021717
2012,1,1,,,,경기도,양평군,차대차,기타,기타,안전운전 의무 불이행,단일로,기타단일로,이륜차,화물차,야간,8/26/2012,20,수요일,1023037,1934796,127.7603234,37.41200687
2012,2,3,1,,,경기도,양평군,차량단독,공작물충돌,공작물충돌,중앙선 침범,단일로,기타단일로,승용차,없음,야간,9/9/2012,4,수요일,998626,1943942,127.4844564,37.49473209
2012,1,1,,,,경기도,양평군,차대차,정면충돌,정면충돌,중앙선 침범,단일로,기타단일로,승용차,승합차,주간,9/12/2012,13,토요일,1014577,1952729,127.6650793,37.57382032
2012,1,1,,,,경기도,양평군,차대사람,보도통행중,보도통행중,보행자 보호의무 위반,단일로,횡단보도상,건설기계,보행자,주간,10/13/2012,17,금요일,984108,1949427,127.3201004,37.54403588
2012,2,3,,1,,경기도,양평군,차대차,기타,기타,안전운전 의무 불이행,단일로,기타단일로,승용차,승용차,주간,11/1/2012,16,금요일,1014612,1947065,127.6653628,37.52276699
2012,1,1,,,,경기도,양평군,차대차,기타,기타,보행자 보호의무 위반,단일로,횡단보도상,승용차,승용차,주간,12/24/2012,17,일요일,998261,1944365,127.4803262,37.49854426
2012,1,1,,,,경기도,여주시,차량단독,전도전복,전도전복,안전운전 의무 불이행,교차로,교차로부근,이륜차,없음,주간,1/21/2012,9,토요일,1003328,1915530,127.5375153,37.23862508
2012,1,1,,,,경기도,여주시,차대차,측면충돌,측면충돌,안전운전 의무 불이행,단일로,기타단일로,승용차,원동기장치자전거,주간,1/28/2012,6,토요일,1012442,1918317,127.6403181,37.26367194
2012,1,1,,,,경기도,여주시,차대사람,기타,기타,안전운전 의무 불이행,단일로,기타단일로,승용차,보행자,야간,3/17/2012,18,화요일,1011920,1924169,127.6345247,37.31642747
2012,2,6,3,1,,경기도,여주시,차대사람,길가장자리구역통행중,길가장자리구역통행중,안전운전 의무 불이행,단일로,기타단일로,승용차,보행자,야간,3/29/2012,23,월요일,1011920,1924169,127.6345247,37.31642747
2012,1,1,,,,경기도,여주시,차대차,측면충돌,측면충돌,안전운전 의무 불이행,단일로,기타단일로,이륜차,농기계,주간,4/16/2012,16,월요일,1011920,1924169,127.6345247,37.31642747
2012,1,2,1,,,경기도,여주시,차대차,기타,기타,안전운전 의무 불이행,단일로,기타단일로,승용차,화물차,야간,5/13/2012,0,일요일,1011920,1924169,127.6345247,37.31642747
2012,1,3,2,,,경기도,여주시,차량단독,전도전복,전도전복,안전운전 의무 불이행,단일로,기타단일로,승용차,없음,야간,5/22/2012,2,목요일,1011748,1921189,127.6325409,37.2895672
2012,1,1,,,,경기도,여주시,차대차,측면충돌,측면충돌,중앙선 침범,단일로,횡단보도상,승용차,자전거,주간,6/13/2012,8,금요일,1014788,1914950,127.6667104,37.23328643
2012,1,1,,,,경기도,여주시,차량단독,전도전복,전도전복,안전운전 의무 불이행,단일로,기타단일로,화물차,없음,야간,6/26/2012,22,일요일,997253,1935673,127.4689594,37.42019269
2012,1,3,2,,,경기도,여주시,차량단독,공작물충돌,공작물충돌,안전운전 의무 불이행,단일로,기타단일로,승용차,없음,주간,9/6/2012,17,일요일,1013990,1917203,127.6577553,37.25360465
2012,1,3,1,1,,경기도,여주시,차대차,추돌,주정차중 충돌,신호위반,교차로,교차로부근,승용차,특수차,야간,9/18/2012,1,월요일,997253,1935673,127.4689594,37.42019269
2012,1,1,,,,경기도,여주시,차대사람,차도통행중,차도통행중,안전운전 의무 불이행,단일로,기타단일로,승용차,보행자,야간,10/11/2012,18,수요일,997253,1935673,127.4689594,37.42019269