사고년도,사망자수,부상자수,중상자수,경상자수,부상신고자수,시도,시군구,사고유형 대분류,사고유형 중분류,사고유형,가해자법규위반,도로형태 대분류,도로형태,가해당사자 종별,피해당사자 종별,주야구분,발생일,발생시간,발생요일,발생위치X좌표 (EPSG 5179),발생위치Y좌표 (EPSG 5179),경도좌표,위도좌표
2012,1,1,,,,경기도,여주시,차대사람,기타,기타,안전운전 의무 불이행,단일로,기타단일로,승합차,보행자,야간,10/19/2012,22,토요일,997253,1935673,127.4689594,37.42019269
2012,1,1,,,,경기도,여주시,차대사람,기타,기타,안전운전 의무 불이행,기타/불명,기타/불명,승용차,보행자,주간,10/21/2012,12,월요일,997253,1935673,127.4689594,37.42019269
2012,1,1,,,,경기도,여주시,차량단독,전도전복,전도전복,안전운전 의무 불이행,단일로,기타단일로,승용차,없음,주간,11/10/2012,11,일요일,997253,1935673,127.4689594,37.42019269
2012,1,1,,,,경기도,여주시,차량단독,전도전복,전도전복,안전운전 의무 불이행,단일로,기타단일로,농기계,없음,주간,11/14/2012,11,목요일,997253,1935673,127.4689594,37.42019269
2012,1,1,,,,경기도,여주시,차대차,측면충돌,측면충돌,안전운전 의무 불이행,교차로,교차로부근,화물차,자전거,주간,11/23/2012,11,화요일,997253,1935673,127.4689594,37.42019269
2012,1,1,,,,경기도,여주시,차대사람,횡단중,횡단중,안전운전 의무 불이행,단일로,기타단일로,승용차,보행자,야간,12/15/2012,20,수요일,955651,1918950,126.9997961,37.26840324
2012,1,1,,,,경기도,연천군,차대차,측면충돌,측면충돌,중앙선 침범,단일로,기타단일로,원동기장치자전거,승용차,주간,3/19/2012,10,목요일,963981,2015772,127.0889597,38.14142786
2012,1,1,,,,경기도,연천군,차대차,정면충돌,정면충돌,중앙선 침범,단일로,기타단일로,이륜차,승용차,야간,4/1/2012,20,목요일,961328,2003413,127.0593529,38.02993522
2012,1,2,,1,,경기도,연천군,차대차,측면충돌,측면충돌,중앙선 침범,단일로,기타단일로,화물차,특수차,주간,4/9/2012,11,금요일,965247,2019419,127.1032275,38.1743486
2012,1,1,,,,경기도,연천군,차량단독,기타,기타,안전운전 의무 불이행,단일로,기타단일로,자전거,없음,주간,4/14/2012,13,수요일,962105,1998040,127.0684901,37.98154228
2012,1,1,,,,경기도,연천군,차대사람,기타,기타,안전운전 의무 불이행,단일로,기타단일로,승합차,보행자,주간,4/27/2012,12,금요일,961483,2003383,127.0611206,38.02967145
2012,1,1,,,,경기도,연천군,차대사람,횡단중,횡단중,보행자 보호의무 위반,단일로,횡단보도상,승용차,보행자,야간,6/11/2012,22,수요일,965488,2020173,127.1059423,38.18115323
2012,1,1,,,,경기도,연천군,차대차,추돌,진행중 추돌,안전운전 의무 불이행,단일로,교량위,승용차,농기계,야간,6/14/2012,20,토요일,962477,2009828,127.0721083,38.08779912
2012,1,1,,,,경기도,연천군,차대차,정면충돌,정면충돌,중앙선 침범,단일로,기타단일로,승용차,승용차,야간,6/15/2012,1,일요일,965368,2004248,127.1053451,38.03762428
2012,1,1,,,,경기도,연천군,차대차,측면충돌,측면충돌,중앙선 침범,단일로,기타단일로,승용차,화물차,야간,7/5/2012,22,화요일,962928,2008602,127.0773124,38.07676837
2012,1,1,,,,경기도,연천군,차대차,정면충돌,정면충돌,신호위반,단일로,기타단일로,자전거,승용차,야간,7/5/2012,23,화요일,961464,2003365,127.0609051,38.02950842
2012,1,2,1,,,경기도,연천군,차대사람,횡단중,횡단중,과속,단일로,기타단일로,승용차,보행자,야간,9/6/2012,23,일요일,962222,2001769,127.0696259,38.01515409
2012,1,1,,,,경기도,연천군,차량단독,공작물충돌,공작물충돌,안전운전 의무 불이행,단일로,기타단일로,화물차,없음,주간,1/4/2013,11,목요일,963725,2024848,127.0855741,38.2232167
2012,1,1,,,,경기도,오산시,차대사람,기타,기타,안전운전 의무 불이행,교차로,교차로내,승용차,보행자,야간,3/1/2012,18,일요일,961613,1905402,127.067735,37.14655034
2012,1,1,,,,경기도,오산시,차대사람,횡단중,횡단중,신호위반,단일로,횡단보도상,건설기계,보행자,주간,3/3/2012,17,화요일,961681,1905673,127.0684913,37.14899322
2012,1,1,,,,경기도,오산시,차량단독,공작물충돌,공작물충돌,과속,단일로,터널안,승용차,없음,주간,4/11/2012,13,일요일,959130,1908924,127.0395923,37.17818752
2012,1,1,,,,경기도,오산시,차대차,측면충돌,측면충돌,신호위반,교차로,교차로내,승용차,이륜차,야간,4/23/2012,19,월요일,960472,1905360,127.0548937,37.14612151
2012,1,1,,,,경기도,오산시,차대사람,횡단중,횡단중,신호위반,교차로,교차로부근,승용차,보행자,야간,5/13/2012,21,일요일,962540,1904345,127.0782307,37.13705749
2012,1,5,2,2,,경기도,오산시,차대차,측면충돌,측면충돌,신호위반,교차로,교차로내,승용차,승합차,주간,6/14/2012,8,토요일,959746,1910258,127.0464519,37.19024333
2012,2,5,,3,,경기도,오산시,차량단독,공작물충돌,공작물충돌,안전운전 의무 불이행,단일로,기타단일로,승용차,없음,야간,6/29/2012,20,수요일,959941,1909550,127.0486889,37.18386521
2012,1,1,,,,경기도,오산시,차대차,측면충돌,측면충돌,기타,단일로,기타단일로,승용차,승합차,주간,7/14/2012,17,목요일,959260,1911087,127.0409297,37.19768833
2012,1,1,,,,경기도,오산시,차량단독,공작물충돌,공작물충돌,안전운전 의무 불이행,교차로,교차로내,승용차,없음,야간,7/21/2012,2,토요일,959407,1909482,127.0426755,37.18323473
2012,1,1,,,,경기도,오산시,차대사람,기타,기타,보행자 보호의무 위반,교차로,교차로내,승용차,보행자,주간,7/31/2012,8,화요일,959029,1907209,127.038544,37.16272608
2012,2,2,,,,경기도,오산시,차대차,기타,기타,신호위반,교차로,교차로내,승용차,이륜차,주간,9/7/2012,6,일요일,962598,1906777,127.0787622,37.15898177
2012,1,1,,,,경기도,오산시,차대차,측면충돌,측면충돌,신호위반,교차로,교차로내,화물차,이륜차,주간,11/14/2012,16,목요일,962544,1904208,127.0782826,37.13582274
2012,1,1,,,,경기도,오산시,차량단독,기타,기타,안전운전 의무 불이행,단일로,기타단일로,화물차,없음,야간,12/5/2012,5,일요일,961525,1907779,127.0666263,37.16797015
2012,1,1,,,,경기도,오산시,차대차,측면충돌,측면충돌,안전운전 의무 불이행,단일로,기타단일로,화물차,자전거,야간,12/27/2012,4,수요일,962560,1904957,127.0784253,37.14257485
2012,1,1,,,,경기도,용인시,차대사람,횡단중,횡단중,안전운전 의무 불이행,단일로,기타단일로,화물차,보행자,야간,1/24/2012,20,화요일,984960,1916925,127.3304032,37.25108148
2012,1,1,,,,경기도,용인시,차대차,추돌,주정차중 충돌,안전운전 의무 불이행,교차로,교차로내,승합차,이륜차,야간,1/25/2012,5,수요일,972705,1918019,127.1921752,37.26066323
2012,1,1,,,,경기도,용인시,차대사람,횡단중,횡단중,안전운전 의무 불이행,단일로,기타단일로,승용차,보행자,야간,1/29/2012,19,일요일,964730,1925062,127.1019073,37.32388281
2012,1,4,,2,1,경기도,용인시,차대차,추돌,진행중 추돌,안전운전 의무 불이행,단일로,기타단일로,승용차,승용차,야간,1/31/2012,22,화요일,964858,1921721,127.1035101,37.29377275
2012,1,1,,,,경기도,용인시,차대차,측면충돌,측면충돌,안전운전 의무 불이행,단일로,터널안,승용차,승용차,주간,2/3/2012,14,금요일,961675,1924260,127.0674677,37.31653281
2012,1,1,,,,경기도,용인시,차대사람,기타,기타,안전운전 의무 불이행,단일로,기타단일로,승합차,보행자,주간,2/11/2012,6,토요일,966551,1917520,127.1228,37.25596816
2012,1,5,2,2,,경기도,용인시,차대차,기타,기타,안전운전 의무 불이행,단일로,터널안,승용차,승용차,주간,2/21/2012,9,금요일,962744,1920045,127.0797435,37.27858341
2012,1,2,,1,,경기도,용인시,차대차,추돌,진행중 추돌,안전운전 의무 불이행,단일로,기타단일로,화물차,화물차,주간,2/25/2012,6,화요일,980994,1915673,127.285722,37.23972978
2012,1,2,,1,,경기도,용인시,차대차,추돌,주정차중 충돌,안전운전 의무 불이행,교차로,교차로부근,승용차,승합차,야간,2/26/2012,0,수요일,964911,1918123,127.1042779,37.26134313
2012,1,2,1,,,경기도,용인시,차대차,추돌,진행중 추돌,안전운전 의무 불이행,단일로,기타단일로,화물차,불명,주간,2/27/2012,6,목요일,969667,1921036,127.1577959,37.287764
2012,1,2,1,,,경기도,용인시,차대사람,기타,기타,신호위반,단일로,횡단보도상,승용차,보행자,주간,3/6/2012,16,금요일,965354,1922074,127.1090897,37.29697323
2012,1,1,,,,경기도,용인시,차대차,기타,기타,안전운전 의무 불이행,단일로,기타단일로,화물차,자전거,주간,3/15/2012,11,일요일,972860,1915470,127.1940195,37.23769489
2012,1,1,,,,경기도,용인시,차대차,추돌,주정차중 충돌,안전운전 의무 불이행,단일로,기타단일로,승용차,화물차,야간,3/29/2012,4,월요일,968603,1925814,127.1455926,37.33080017
2012,1,1,,,,경기도,용인시,차량단독,공작물충돌,공작물충돌,안전운전 의무 불이행,단일로,기타단일로,원동기장치자전거,없음,주간,4/3/2012,12,토요일,988573,1907207,127.3712961,37.16353659
2012,1,1,,,,경기도,용인시,차량단독,기타,기타,안전운전 의무 불이행,기타/불명,기타/불명,승용차,없음,야간,4/11/2012,20,일요일,982517,1907730,127.3030712,37.16815907
2012,1,1,,,,경기도,용인시,차대차,추돌,주정차중 충돌,안전운전 의무 불이행,단일로,기타단일로,화물차,특수차,주간,4/17/2012,13,토요일,960376,1924141,127.0528175,37.3154012
2012,1,3,,2,,경기도,용인시,차대차,추돌,진행중 추돌,안전운전 의무 불이행,단일로,기타단일로,화물차,승용차,주간,4/16/2012,12,월요일,964599,1922089,127.1005705,37.29707999
2012,1,1,,,,경기도,용인시,차대사람,길가장자리구역통행중,길가장자리구역통행중,안전운전 의무 불이행,단일로,기타단일로,화물차,보행자,야간,4/21/2012,2,토요일,961722,1921881,127.0681208,37.29509024
2012,1,1,,,,경기도,용인시,차량단독,공작물충돌,공작물충돌,안전운전 의무 불이행,단일로,기타단일로,승용차,없음,야간,4/30/2012,3,월요일,964787,1915989,127.1029804,37.24210294
2012,1,4,3,,,경기도,용인시,차대차,측면충돌,측면충돌,기타,단일로,기타단일로,화물차,승용차,주간,5/29/2012,17,목요일,983648,1916479,127.3156221,37.24704183
2012,1,1,,,,경기도,용인시,차대사람,횡단중,횡단중,안전운전 의무 불이행,교차로,교차로내,승합차,보행자,야간,6/2/2012,19,월요일,974031,1915234,127.2072296,37.23560097
2012,1,1,,,,경기도,용인시,차대차,기타,기타,신호위반,교차로,교차로내,승용차,자전거,야간,6/3/2012,5,화요일,964915,1917683,127.1043438,37.25737721
2012,1,1,,,,경기도,용인시,차량단독,공작물충돌,공작물충돌,안전운전 의무 불이행,단일로,기타단일로,승용차,없음,야간,6/5/2012,2,목요일,990082,1905000,127.3883214,37.14365954
2012,1,1,,,,경기도,용인시,차대사람,기타,기타,기타,단일로,기타단일로,승용차,보행자,야간,6/9/2012,21,월요일,968144,1917544,127.1407627,37.25624036
2012,1,1,,,,경기도,용인시,차대사람,기타,기타,안전운전 의무 불이행,교차로,교차로부근,승용차,보행자,야간,6/12/2012,23,목요일,966208,1917500,127.1189374,37.25577191
2012,1,2,1,,,경기도,용인시,차량단독,기타,기타,안전운전 의무 불이행,단일로,기타단일로,승용차,없음,야간,6/20/2012,3,금요일,967675,1903990,127.1360609,37.13404912
2012,1,2,1,,,경기도,용인시,차대사람,기타,기타,중앙선 침범,교차로,교차로부근,건설기계,보행자,주간,6/19/2012,9,일요일,983895,1915675,127.3184246,37.23979886
2012,1,2,,1,,경기도,용인시,차대차,추돌,진행중 추돌,안전운전 의무 불이행,단일로,기타단일로,화물차,화물차,주간,6/21/2012,14,화요일,963671,1913814,127.0905019,37.22245136
2012,1,1,,,,경기도,용인시,차대차,측면충돌,측면충돌,안전거리 미확보,교차로,교차로부근,승용차,화물차,야간,6/30/2012,5,목요일,980909,1914938,127.2847781,37.23309914
2012,1,1,,,,경기도,용인시,차대사람,횡단중,횡단중,안전운전 의무 불이행,교차로,교차로내,화물차,보행자,주간,7/1/2012,10,금요일,974178,1913477,127.2089488,37.21977113
2012,1,2,1,,,경기도,용인시,차대차,추돌,주정차중 충돌,안전운전 의무 불이행,교차로,교차로부근,화물차,화물차,주간,7/3/2012,6,일요일,990631,1904597,127.3945083,37.14003248
2012,1,1,,,,경기도,용인시,차량단독,전도전복,전도전복,안전운전 의무 불이행,단일로,기타단일로,승용차,없음,야간,7/4/2012,2,월요일,965785,1921476,127.1139801,37.29159895
2012,1,1,,,,경기도,용인시,차대차,추돌,진행중 추돌,안전운전 의무 불이행,단일로,기타단일로,승용차,화물차,야간,7/5/2012,20,화요일,969532,1921085,127.156272,37.28820758
2012,1,4,3,,,경기도,용인시,차대차,추돌,주정차중 충돌,안전운전 의무 불이행,교차로,교차로부근,승용차,화물차,야간,7/6/2012,2,수요일,974139,1915442,127.2084399,37.23747888
2012,1,2,1,,,경기도,용인시,차량단독,공작물충돌,공작물충돌,과속,단일로,기타단일로,승용차,없음,야간,7/21/2012,0,토요일,961332,1928977,127.0633564,37.35903602
2012,1,1,,,,경기도,용인시,차대차,추돌,주정차중 충돌,안전운전 의무 불이행,단일로,기타단일로,승용차,화물차,야간,7/25/2012,2,수요일,966460,1899448,127.122585,37.09306447
2012,1,2,1,,,경기도,용인시,차대차,측면충돌,측면충돌,신호위반,교차로,교차로내,승용차,이륜차,야간,8/7/2012,23,화요일,963079,1923596,127.0833458,37.31060456
2012,1,1,,,,경기도,용인시,차대사람,기타,기타,안전운전 의무 불이행,단일로,기타단일로,화물차,보행자,야간,8/12/2012,3,일요일,972223,1910970,127.1870101,37.19711149
2012,1,1,,,,경기도,용인시,차대사람,횡단중,횡단중,안전운전 의무 불이행,단일로,고가도로위,승용차,보행자,야간,8/20/2012,20,목요일,974417,1914967,127.2115904,37.23320492
2012,1,3,,2,,경기도,용인시,차대차,추돌,진행중 추돌,안전운전 의무 불이행,단일로,기타단일로,화물차,화물차,주간,8/26/2012,17,수요일,979659,1916398,127.2706509,37.24623673
2012,1,1,,,,경기도,용인시,차대차,정면충돌,정면충돌,안전운전 의무 불이행,교차로,교차로부근,승용차,자전거,주간,9/1/2012,10,화요일,970396,1916155,127.1662131,37.24379709
2012,1,1,,,,경기도,용인시,차대사람,횡단중,횡단중,신호위반,교차로,교차로내,건설기계,보행자,주간,9/19/2012,8,토요일,973963,1910208,127.2066384,37.19029478
2012,1,7,5,1,,경기도,용인시,차대차,정면충돌,정면충돌,중앙선 침범,단일로,기타단일로,화물차,승합차,야간,9/19/2012,18,토요일,976155,1908602,127.2313847,37.17587588
2012,1,1,,,,경기도,용인시,차대사람,횡단중,횡단중,안전운전 의무 불이행,교차로,교차로내,승용차,보행자,야간,9/25/2012,21,월요일,975566,1919957,127.2243797,37.27821259
2012,1,2,1,,,경기도,용인시,차대사람,보도통행중,보도통행중,안전운전 의무 불이행,단일로,기타단일로,특수차,보행자,야간,9/29/2012,21,금요일,973950,1910427,127.2064854,37.19226759
2012,1,5,3,1,,경기도,용인시,차대차,측면충돌,측면충돌,신호위반,교차로,교차로내,승용차,화물차,야간,9/30/2012,0,토요일,981009,1914951,127.2859051,37.23321836
2012,1,2,1,,,경기도,용인시,차대차,정면충돌,정면충돌,신호위반,단일로,기타단일로,화물차,건설기계,야간,10/1/2012,19,일요일,967419,1921251,127.1324247,37.28962953
2012,1,1,,,,경기도,용인시,차대차,기타,기타,안전운전 의무 불이행,단일로,기타단일로,승용차,승용차,야간,10/3/2012,1,화요일,974702,1917357,127.2147193,37.25476042
2012,2,2,,,,경기도,용인시,차대차,추돌,진행중 추돌,안전운전 의무 불이행,단일로,기타단일로,승용차,화물차,주간,10/11/2012,15,수요일,974272,1913466,127.2100053,37.21966735
2012,1,1,,,,경기도,용인시,차대사람,횡단중,횡단중,안전운전 의무 불이행,단일로,횡단보도부근,승용차,보행자,주간,10/12/2012,7,목요일,968826,1919685,127.1483637,37.27556211
2012,1,6,,5,,경기도,용인시,차대차,추돌,진행중 추돌,안전운전 의무 불이행,단일로,기타단일로,화물차,승합차,주간,10/20/2012,14,일요일,965181,1921366,127.1071709,37.29058502
2012,1,3,2,,,경기도,용인시,차대차,추돌,진행중 추돌,안전운전 의무 불이행,단일로,기타단일로,승용차,이륜차,야간,10/26/2012,5,토요일,972157,1915378,127.1860973,37.23684487
2012,1,1,,,,경기도,용인시,차대사람,횡단중,횡단중,안전운전 의무 불이행,단일로,기타단일로,승용차,보행자,주간,10/27/2012,13,일요일,967338,1923124,127.1314285,37.30650952
2012,1,1,,,,경기도,용인시,차대사람,횡단중,횡단중,신호위반,교차로,교차로내,승용차,보행자,야간,11/9/2012,18,토요일,964755,1915961,127.102621,37.24184934
2012,1,1,,,,경기도,용인시,차대차,추돌,진행중 추돌,안전운전 의무 불이행,단일로,기타단일로,승용차,화물차,야간,11/13/2012,3,수요일,967528,1896746,127.134724,37.06874867
2012,1,1,,,,경기도,용인시,차대차,기타,기타,안전운전 의무 불이행,교차로,교차로부근,승용차,승용차,주간,11/22/2012,6,월요일,965499,1917425,127.1109414,37.25507346
2012,1,1,,,,경기도,용인시,차대사람,횡단중,횡단중,안전운전 의무 불이행,단일로,기타단일로,승용차,보행자,야간,11/27/2012,20,토요일,972462,1916124,127.1895093,37.24358283
2012,1,1,,,,경기도,용인시,차대사람,횡단중,횡단중,과속,교차로,교차로내,승용차,보행자,야간,11/28/2012,18,일요일,972619,1920103,127.191132,37.27944926
2012,1,1,,,,경기도,용인시,차량단독,전도전복,전도전복,안전운전 의무 불이행,단일로,교량위,농기계,없음,야간,11/29/2012,19,월요일,986867,1907413,127.3520776,37.16537108
2012,1,1,,,,경기도,용인시,차대차,측면충돌,측면충돌,안전운전 의무 불이행,교차로,교차로부근,화물차,자전거,주간,12/3/2012,10,금요일,971478,1901039,127.1789896,37.10757222
2012,1,1,,,,경기도,용인시,차대차,측면충돌,측면충돌,안전운전 의무 불이행,단일로,기타단일로,승용차,화물차,주간,12/8/2012,7,수요일,977191,1924518,127.2425697,37.31936888
2012,1,1,,,,경기도,용인시,차대사람,횡단중,횡단중,안전운전 의무 불이행,단일로,기타단일로,승용차,보행자,야간,12/19/2012,22,화요일,974426,1914943,127.2116972,37.23298614
2012,1,1,,,,경기도,용인시,차대사람,횡단중,횡단중,안전운전 의무 불이행,교차로,교차로내,화물차,보행자,주간,12/20/2012,9,수요일,974167,1914955,127.2087725,37.23308986
2012,1,1,,,,경기도,용인시,차대사람,횡단중,횡단중,안전운전 의무 불이행,단일로,기타단일로,승용차,보행자,야간,12/28/2012,19,목요일,968059,1918226,127.1397772,37.26238671
2012,1,1,,,,경기도,용인시,차대사람,기타,기타,안전운전 의무 불이행,단일로,기타단일로,승용차,보행자,야간,12/29/2012,23,금요일,973937,1912840,127.2062524,37.2140153
2012,1,2,1,,,경기도,용인시,차량단독,기타,기타,안전운전 의무 불이행,단일로,고가도로위,화물차,없음,야간,1/7/2013,3,일요일,962655,1918787,127.0788028,37.26724052
2012,1,1,,,,경기도,용인시,차대사람,기타,기타,안전운전 의무 불이행,단일로,횡단보도부근,승합차,보행자,주간,1/14/2013,17,일요일,967463,1918907,127.1330237,37.26850268
2012,1,1,,,,경기도,의왕시,차대사람,보도통행중,보도통행중,신호위반,단일로,횡단보도상,화물차,보행자,주간,1/27/2012,7,금요일,953735,1927177,126.9776765,37.34246297
2012,1,1,,,,경기도,의왕시,차대사람,횡단중,횡단중,안전운전 의무 불이행,교차로,교차로부근,승용차,보행자,야간,4/4/2012,5,일요일,953305,1928002,126.9727724,37.3498785
2012,1,1,,,,경기도,의왕시,차대사람,차도통행중,차도통행중,안전운전 의무 불이행,단일로,기타단일로,승용차,보행자,야간,4/18/2012,20,일요일,953951,1927249,126.9801128,37.3431236
2012,1,1,,,,경기도,의왕시,차량단독,전도전복,전도전복,안전운전 의무 불이행,교차로,교차로부근,원동기장치자전거,없음,주간,5/31/2012,6,토요일,954633,1932359,126.987499,37.38921622
2012,1,1,,,,경기도,의왕시,차량단독,전도전복,전도전복,안전운전 의무 불이행,단일로,기타단일로,특수차,없음,주간,6/10/2012,14,화요일,951758,1925644,126.9554596,37.32854553
2012,1,5,2,2,,경기도,의왕시,차대차,추돌,진행중 추돌,안전운전 의무 불이행,단일로,기타단일로,화물차,화물차,주간,8/2/2012,17,목요일,953711,1927209,126.9774058,37.34275112
2012,1,9,8,,,경기도,의왕시,차대차,추돌,주정차중 충돌,안전운전 의무 불이행,단일로,기타단일로,승용차,승합차,주간,12/2/2012,16,목요일,955337,1931969,126.9954752,37.38573516
2012,1,6,2,3,,경기도,의왕시,차대차,정면충돌,정면충돌,중앙선 침범,교차로,교차로부근,승용차,화물차,주간,12/4/2012,6,토요일,952782,1929990,126.9667407,37.36777086
2012,1,1,,,,경기도,의정부시,차대사람,기타,기타,안전운전 의무 불이행,단일로,기타단일로,화물차,보행자,주간,1/26/2012,12,목요일,960431,1971579,127.0508773,37.74297952
2012,1,1,,,,경기도,의정부시,차대사람,길가장자리구역통행중,길가장자리구역통행중,안전운전 의무 불이행,교차로,교차로내,승용차,보행자,주간,1/31/2012,12,화요일,959176,1972036,127.0366085,37.74704694
2012,1,1,,,,경기도,의정부시,차대차,측면충돌,측면충돌,안전운전 의무 불이행,단일로,횡단보도상,승용차,자전거,주간,2/4/2012,10,토요일,960768,1971843,127.0546891,37.74537708
2012,1,1,,,,경기도,의정부시,차대차,측면충돌,측면충돌,안전거리 미확보,교차로,교차로부근,승용차,원동기장치자전거,야간,2/11/2012,0,토요일,960121,1971160,127.0473885,37.73919404
2012,1,1,,,,경기도,의정부시,차대사람,횡단중,횡단중,안전운전 의무 불이행,교차로,교차로부근,승용차,보행자,주간,3/3/2012,15,화요일,962216,1972166,127.0711077,37.74834924
2012,1,1,,,,경기도,의정부시,차대사람,횡단중,횡단중,신호위반,단일로,기타단일로,승용차,보행자,주간,3/5/2012,6,목요일,964223,1969750,127.0940079,37.72665435
2012,1,1,,,,경기도,의정부시,차량단독,공작물충돌,공작물충돌,안전운전 의무 불이행,단일로,기타단일로,승용차,없음,야간,3/18/2012,3,수요일,964303,1970868,127.0948608,37.7367341
2012,1,1,,,,경기도,의정부시,차량단독,공작물충돌,공작물충돌,안전운전 의무 불이행,단일로,고가도로위,승용차,없음,야간,5/3/2012,23,목요일,962028,1970788,127.0690424,37.73592057
2012,1,1,,,,경기도,의정부시,차량단독,공작물충돌,공작물충돌,안전운전 의무 불이행,단일로,기타단일로,승용차,없음,야간,5/15/2012,3,화요일,959440,1968035,127.039826,37.71099396
2012,1,1,,,,경기도,의정부시,차대차,측면충돌,측면충돌,안전운전 의무 불이행,단일로,횡단보도상,화물차,자전거,주간,5/22/2012,16,목요일,963430,1971673,127.0849091,37.74395603
2012,1,1,,,,경기도,의정부시,차대사람,횡단중,횡단중,안전운전 의무 불이행,단일로,기타단일로,화물차,보행자,야간,6/18/2012,18,토요일,960153,1967895,127.047925,37.70976704
2012,1,1,,,,경기도,의정부시,차대사람,횡단중,횡단중,안전운전 의무 불이행,단일로,교량위,승용차,보행자,야간,7/13/2012,3,수요일,960667,1971816,127.0535442,37.7451321
2012,1,1,,,,경기도,의정부시,차대사람,횡단중,횡단중,과속,교차로,교차로내,승용차,보행자,야간,7/17/2012,3,일요일,960957,1971310,127.056863,37.74058123
2012,1,1,,,,경기도,의정부시,차대사람,기타,기타,안전운전 의무 불이행,교차로,교차로내,승용차,보행자,야간,7/20/2012,22,금요일,960186,1969671,127.0482022,37.72577565
2012,1,1,,,,경기도,의정부시,차대차,기타,기타,교차로 통행방법 위반,교차로,교차로내,이륜차,자전거,주간,7/29/2012,15,일요일,960091,1967756,127.0472292,37.70851152
2012,1,1,,,,경기도,의정부시,차대사람,횡단중,횡단중,안전운전 의무 불이행,단일로,기타단일로,승용차,보행자,야간,8/6/2012,0,월요일,960493,1966384,127.0518609,37.69616028
2012,1,1,,,,경기도,의정부시,차대사람,횡단중,횡단중,안전운전 의무 불이행,단일로,지하차도(도로)내,승용차,보행자,야간,8/31/2012,21,월요일,961029,1970972,127.0576983,37.73753789
2012,1,1,,,,경기도,의정부시,차량단독,전도전복,전도전복,안전운전 의무 불이행,교차로,교차로부근,승용차,없음,야간,9/7/2012,3,월요일,958628,1972171,127.0303806,37.74823907
2012,1,1,,,,경기도,의정부시,차대사람,횡단중,횡단중,안전운전 의무 불이행,교차로,교차로부근,승용차,보행자,야간,9/12/2012,19,토요일,961289,1969349,127.0607389,37.72292256
2012,1,1,,,,경기도,의정부시,차대사람,횡단중,횡단중,안전운전 의무 불이행,단일로,기타단일로,승용차,보행자,주간,9/22/2012,17,금요일,961959,1970696,127.0682686,37.73509303
2012,1,1,,,,경기도,의정부시,차대차,추돌,진행중 추돌,신호위반,교차로,교차로내,승용차,자전거,야간,10/9/2012,5,월요일,961113,1970534,127.0586782,37.73359715
2012,1,1,,,,경기도,의정부시,차대사람,횡단중,횡단중,안전운전 의무 불이행,교차로,교차로부근,승합차,보행자,야간,10/17/2012,20,목요일,958613,1972136,127.0302124,37.74792294
2012,1,1,,,,경기도,의정부시,차대사람,횡단중,횡단중,보행자 보호의무 위반,교차로,교차로내,자전거,보행자,주간,10/25/2012,16,금요일,960470,1971683,127.0513154,37.74392217
2012,1,1,,,,경기도,의정부시,차대사람,횡단중,횡단중,과속,교차로,교차로부근,승용차,보행자,야간,11/23/2012,0,화요일,960753,1966892,127.0547899,37.70075004
2012,1,1,,,,경기도,의정부시,차대사람,기타,기타,안전운전 의무 불이행,단일로,기타단일로,승용차,보행자,주간,11/29/2012,7,월요일,959764,1970635,127.0433602,37.73444576
2012,1,3,2,,,경기도,의정부시,차대차,정면충돌,정면충돌,중앙선 침범,단일로,기타단일로,승용차,승용차,야간,12/6/2012,23,월요일,956520,1970874,127.0065309,37.7364515
2012,1,1,,,,경기도,의정부시,차대사람,횡단중,횡단중,안전운전 의무 불이행,교차로,교차로내,승용차,보행자,주간,12/28/2012,7,목요일,960373,1969721,127.0503214,37.72623442
2012,1,1,,,,경기도,이천시,차대차,추돌,주정차중 충돌,안전운전 의무 불이행,단일로,기타단일로,승용차,승용차,야간,1/25/2012,1,수요일,994015,1920770,127.4324811,37.28584529
2012,1,1,,,,경기도,이천시,차량단독,도로이탈,도로이탈 추락,안전운전 의무 불이행,단일로,기타단일로,농기계,없음,주간,2/24/2012,14,월요일,998499,1909559,127.4830893,37.18480659
2012,1,1,,,,경기도,이천시,차대사람,차도통행중,차도통행중,안전운전 의무 불이행,교차로,교차로내,승용차,보행자,야간,2/27/2012,19,목요일,1009998,1903243,127.6125548,37.12782253
2012,1,2,1,,,경기도,이천시,차대차,정면충돌,정면충돌,중앙선 침범,단일로,기타단일로,화물차,화물차,주간,2/28/2012,8,금요일,1001179,1906832,127.5132787,37.16022542
2012,1,1,,,,경기도,이천시,차량단독,공작물충돌,공작물충돌,안전운전 의무 불이행,단일로,기타단일로,화물차,없음,야간,3/9/2012,20,월요일,1003359,1899166,127.5377969,37.09111699
2012,1,1,,,,경기도,이천시,차대차,추돌,진행중 추돌,안전운전 의무 불이행,단일로,기타단일로,화물차,승용차,주간,3/13/2012,10,금요일,994771,1908459,127.4410928,37.17487938
2012,1,1,,,,경기도,이천시,차대차,측면충돌,측면충돌,교차로 통행방법 위반,교차로,교차로내,화물차,원동기장치자전거,주간,3/17/2012,8,화요일,1003281,1897750,127.536913,37.07835302
2012,3,7,2,2,,경기도,이천시,차대차,측면충돌,측면충돌,안전운전 의무 불이행,단일로,기타단일로,화물차,승용차,주간,3/24/2012,14,수요일,993772,1915156,127.4297826,37.23523832