사고년도,사망자수,부상자수,중상자수,경상자수,부상신고자수,시도,시군구,사고유형 대분류,사고유형 중분류,사고유형,가해자법규위반,도로형태 대분류,도로형태,가해당사자 종별,피해당사자 종별,주야구분,발생일,발생시간,발생요일,발생위치X좌표 (EPSG 5179),발생위치Y좌표 (EPSG 5179),경도좌표,위도좌표
2012,1,1,,,,강원도,춘천시,차대차,정면충돌,정면충돌,중앙선 침범,단일로,기타단일로,승용차,이륜차,야간,8/26/2012,5,수요일,1021752,1990599,127.7474669,37.91500895
2012,1,3,2,,,강원도,춘천시,차대차,측면충돌,측면충돌,신호위반,교차로,교차로내,승용차,원동기장치자전거,야간,8/27/2012,18,목요일,1021209,1987835,127.7412081,37.89010993
2012,1,1,,,,강원도,춘천시,차대사람,횡단중,횡단중,안전운전 의무 불이행,단일로,기타단일로,승용차,보행자,야간,9/5/2012,22,토요일,1017053,1977985,127.6937113,37.80141569
2012,1,2,1,,,강원도,춘천시,차대차,정면충돌,정면충돌,신호위반,교차로,교차로내,승용차,원동기장치자전거,야간,9/6/2012,20,일요일,1022796,1982138,127.7590769,37.83872441
2012,1,1,,,,강원도,춘천시,차량단독,전도전복,전도전복,안전운전 의무 불이행,단일로,기타단일로,화물차,없음,주간,9/11/2012,9,금요일,1009582,2005315,127.6092076,38.04785084
2012,1,2,1,,,강원도,춘천시,차대차,추돌,진행중 추돌,안전운전 의무 불이행,단일로,기타단일로,승용차,승용차,야간,9/12/2012,2,토요일,1022632,1988188,127.7573981,37.89326085
2012,1,1,,,,강원도,춘천시,차량단독,기타,기타,안전운전 의무 불이행,단일로,기타단일로,자전거,없음,주간,10/16/2012,8,수요일,1017870,1986113,127.7031858,37.87466029
2012,2,2,,,,강원도,춘천시,차대차,측면충돌,측면충돌,중앙선 침범,단일로,기타단일로,건설기계,원동기장치자전거,주간,10/20/2012,14,일요일,1011492,1979758,127.6305728,37.81748207
2012,1,1,,,,강원도,춘천시,차량단독,도로이탈,도로이탈 추락,안전운전 의무 불이행,단일로,기타단일로,승용차,없음,주간,10/26/2012,15,토요일,1019124,1989576,127.7175442,37.90584954
2012,1,1,,,,강원도,춘천시,차대사람,기타,기타,기타,단일로,기타단일로,승용차,보행자,야간,10/31/2012,19,목요일,1024870,1988987,127.7828836,37.90040017
2012,1,1,,,,강원도,춘천시,차대사람,기타,기타,기타,기타/불명,기타/불명,화물차,보행자,야간,12/13/2012,19,월요일,1018977,1986113,127.7157786,37.87463879
2012,1,1,,,,강원도,춘천시,차량단독,기타,기타,안전운전 의무 불이행,단일로,기타단일로,승용차,없음,주간,12/15/2012,6,수요일,1020939,1991393,127.7382431,37.92218791
2012,1,1,,,,강원도,춘천시,차량단독,공작물충돌,공작물충돌,안전운전 의무 불이행,단일로,기타단일로,승용차,없음,주간,12/17/2012,7,금요일,1022360,1981537,127.7540975,37.83331927
2012,1,1,,,,강원도,춘천시,차대사람,차도통행중,차도통행중,안전운전 의무 불이행,단일로,기타단일로,승용차,보행자,야간,1/3/2013,3,수요일,1021121,1986119,127.740157,37.87464566
2012,1,1,,,,강원도,춘천시,차대차,기타,기타,안전운전 의무 불이행,교차로,교차로부근,승합차,자전거,주간,1/5/2013,14,금요일,1020799,1984878,127.73646,37.86346791
2012,1,2,1,,,강원도,태백시,차대차,정면충돌,정면충돌,중앙선 침범,단일로,기타단일로,승용차,승용차,야간,2/10/2012,1,금요일,1133629,1909293,129.0052203,37.17284851
2012,1,1,,,,강원도,태백시,차대사람,보도통행중,보도통행중,안전운전 의무 불이행,단일로,기타단일로,화물차,보행자,야간,4/5/2012,18,월요일,1131181,1910360,128.9778413,37.18281044
2012,1,1,,,,강원도,태백시,차대사람,횡단중,횡단중,중앙선 침범,교차로,교차로내,승용차,보행자,야간,11/27/2012,18,토요일,1128751,1912802,128.950895,37.20515414
2012,1,1,,,,강원도,태백시,차대사람,보도통행중,보도통행중,보행자 보호의무 위반,단일로,기타단일로,승용차,보행자,야간,12/15/2012,4,수요일,1133654,1902500,129.0042889,37.11163256
2012,1,4,2,1,,강원도,평창군,차대차,측면충돌,측면충돌,안전운전 의무 불이행,교차로,교차로내,승용차,화물차,주간,1/28/2012,11,토요일,1105442,1965883,128.6958743,37.68643493
2012,1,1,,,,강원도,평창군,차량단독,도로이탈,도로이탈 추락,안전운전 의무 불이행,단일로,기타단일로,화물차,없음,주간,2/9/2012,14,목요일,1076329,1931515,128.3621593,37.37957636
2012,1,2,1,,,강원도,평창군,차량단독,공작물충돌,공작물충돌,안전운전 의무 불이행,단일로,기타단일로,승용차,없음,주간,3/19/2012,12,금요일,1098096,1974303,128.61371,37.76312812
2012,1,3,,2,,강원도,평창군,차량단독,공작물충돌,공작물충돌,안전운전 의무 불이행,단일로,기타단일로,승용차,없음,주간,6/1/2012,15,일요일,1083362,1956824,128.4444541,37.6070668
2012,1,3,1,1,,강원도,평창군,차량단독,공작물충돌,공작물충돌,안전운전 의무 불이행,단일로,기타단일로,승용차,없음,주간,7/17/2012,8,일요일,1079778,1932983,128.4012673,37.39251666
2012,2,8,6,,,강원도,평창군,차대차,측면충돌,측면충돌,중앙선 침범,단일로,기타단일로,승용차,승용차,주간,8/12/2012,9,일요일,1078230,1954864,128.3861079,37.5898534
2012,1,1,,,,강원도,평창군,차대사람,길가장자리구역통행중,길가장자리구역통행중,안전운전 의무 불이행,단일로,기타단일로,화물차,보행자,야간,8/25/2012,5,화요일,1084037,1947850,128.4510717,37.52612881
2012,1,1,,,,강원도,평창군,차량단독,전도전복,전도전복,안전운전 의무 불이행,단일로,기타단일로,농기계,없음,주간,9/10/2012,6,목요일,1084350,1941857,128.4539262,37.47208883
2012,3,4,1,,,강원도,평창군,차량단독,공작물충돌,공작물충돌,안전운전 의무 불이행,단일로,기타단일로,승용차,없음,주간,9/14/2012,17,월요일,1080340,1954355,128.4099492,37.58508426
2012,1,1,,,,강원도,평창군,차대차,측면충돌,측면충돌,신호위반,교차로,교차로내,원동기장치자전거,화물차,주간,10/11/2012,10,수요일,1094199,1961072,128.5677616,37.64430302
2012,1,1,,,,강원도,평창군,차량단독,전도전복,전도전복,안전운전 의무 불이행,단일로,기타단일로,원동기장치자전거,없음,주간,10/16/2012,15,월요일,1070434,1954898,128.297819,37.59078517
2012,1,1,,,,강원도,평창군,차대차,측면충돌,측면충돌,중앙선 침범,단일로,기타단일로,원동기장치자전거,승용차,주간,11/9/2012,16,토요일,1084521,1944580,128.4561725,37.49661405
2012,1,1,,,,강원도,평창군,차량단독,공작물충돌,공작물충돌,안전운전 의무 불이행,단일로,기타단일로,승용차,없음,야간,11/20/2012,2,토요일,1074278,1953025,128.3411618,37.57360684
2012,1,1,,,,강원도,평창군,차대차,측면충돌,측면충돌,안전운전 의무 불이행,교차로,교차로내,농기계,화물차,주간,11/26/2012,14,금요일,1078795,1930039,128.3898498,37.36606721
2012,1,2,1,,,강원도,홍천군,차대차,기타,기타,안전운전 의무 불이행,단일로,기타단일로,승용차,농기계,주간,3/6/2012,15,금요일,1044459,1980604,128.0051706,37.82410348
2012,1,1,,,,강원도,홍천군,차량단독,공작물충돌,공작물충돌,안전운전 의무 불이행,단일로,기타단일로,화물차,없음,야간,3/19/2012,21,목요일,1009925,1961960,127.6125202,37.657082
2012,1,1,,,,강원도,홍천군,차량단독,전도전복,전도전복,안전운전 의무 불이행,단일로,기타단일로,농기계,없음,주간,4/2/2012,13,금요일,1026520,1967691,127.8008716,37.70841111
2012,1,2,1,,,강원도,홍천군,차량단독,기타,기타,안전운전 의무 불이행,단일로,기타단일로,승용차,없음,야간,4/17/2012,0,토요일,1022659,1956507,127.7567213,37.60770962
2012,1,1,,,,강원도,홍천군,차량단독,공작물충돌,공작물충돌,안전운전 의무 불이행,교차로,교차로내,화물차,없음,야간,4/16/2012,23,월요일,1080690,1981250,128.4168977,37.82743486
2012,1,3,1,1,,강원도,홍천군,차대차,기타,기타,중앙선 침범,단일로,기타단일로,승용차,승용차,주간,4/20/2012,11,금요일,1029015,1954313,127.8286454,37.58775207
2012,1,1,,,,강원도,홍천군,차량단독,도로이탈,도로이탈 기타,안전운전 의무 불이행,단일로,기타단일로,이륜차,없음,야간,5/6/2012,5,일요일,1027108,1960529,127.8072726,37.64384179
2012,4,8,3,1,,강원도,홍천군,차대차,기타,기타,중앙선 침범,단일로,기타단일로,승용차,승합차,주간,5/28/2012,8,수요일,1037859,1969840,127.9296258,37.72737998
2012,1,1,,,,강원도,홍천군,차대사람,보도통행중,보도통행중,기타,단일로,기타단일로,화물차,보행자,주간,5/31/2012,11,토요일,1033747,1965761,127.8827715,37.69077799
2012,1,1,,,,강원도,홍천군,차대사람,기타,기타,안전운전 의무 불이행,단일로,기타단일로,원동기장치자전거,보행자,야간,6/13/2012,20,금요일,1033129,1965567,127.8757532,37.68905198
2012,1,1,,,,강원도,홍천군,차량단독,공작물충돌,공작물충돌,안전운전 의무 불이행,단일로,기타단일로,승용차,없음,야간,6/24/2012,22,금요일,1036422,1967650,127.9132118,37.70769958
2012,1,1,,,,강원도,홍천군,차량단독,도로이탈,도로이탈 기타,안전운전 의무 불이행,교차로,교차로부근,이륜차,없음,야간,7/24/2012,2,화요일,1031637,1964450,127.8587792,37.67903874
2012,1,1,,,,강원도,홍천군,차대사람,기타,기타,안전운전 의무 불이행,단일로,기타단일로,승용차,보행자,주간,8/15/2012,8,수요일,1032961,1965591,127.8738489,37.68927435
2012,1,1,,,,강원도,홍천군,차량단독,기타,기타,안전운전 의무 불이행,단일로,기타단일로,원동기장치자전거,없음,주간,9/27/2012,13,수요일,1035199,1956227,127.8987806,37.60479133
2012,1,1,,,,강원도,홍천군,차량단독,도로이탈,도로이탈 추락,안전운전 의무 불이행,단일로,기타단일로,승용차,없음,주간,10/1/2012,7,일요일,1050380,1980053,128.0724138,37.81882608
2012,1,1,,,,강원도,홍천군,차대차,기타,기타,안전운전 의무 불이행,단일로,기타단일로,원동기장치자전거,화물차,주간,10/12/2012,15,목요일,1033969,1962344,127.8851302,37.65997171
2012,1,1,,,,강원도,홍천군,차대사람,기타,기타,신호위반,교차로,교차로부근,승합차,보행자,야간,10/22/2012,19,화요일,1030303,1962979,127.8435968,37.6658271
2012,1,1,,,,강원도,홍천군,차대사람,횡단중,횡단중,보행자 보호의무 위반,단일로,횡단보도상,화물차,보행자,야간,10/28/2012,18,월요일,1030903,1963293,127.8504097,37.66863365
2012,1,2,1,,,강원도,홍천군,차대차,기타,기타,중앙선 침범,단일로,기타단일로,승용차,이륜차,주간,11/4/2012,9,월요일,1045682,1959819,128.0177641,37.63670269
2012,1,5,3,1,,강원도,홍천군,차대차,기타,기타,중앙선 침범,단일로,기타단일로,승용차,화물차,주간,11/23/2012,12,화요일,1050257,1971927,128.0704532,37.74559496
2012,1,1,,,,강원도,홍천군,차량단독,공작물충돌,공작물충돌,안전운전 의무 불이행,기타/불명,기타/불명,승합차,없음,주간,11/25/2012,17,목요일,1037049,1974146,127.9206505,37.7662251
2012,1,1,,,,강원도,홍천군,차대차,기타,기타,안전운전 의무 불이행,단일로,기타단일로,화물차,자전거,주간,12/4/2012,12,토요일,1035314,1965782,127.9005457,37.69090824
2012,2,6,3,1,,강원도,홍천군,차대차,기타,기타,안전운전 의무 불이행,단일로,기타단일로,승합차,승합차,주간,12/18/2012,12,월요일,1045234,1983908,128.0141876,37.85383549
2012,1,2,,1,,강원도,홍천군,차량단독,전도전복,전도전복,안전운전 의무 불이행,단일로,기타단일로,승용차,없음,야간,1/15/2013,19,월요일,1042571,1976803,127.9835007,37.78993197
2012,1,2,1,,,강원도,화천군,차량단독,도로이탈,도로이탈 추락,안전운전 의무 불이행,단일로,기타단일로,화물차,없음,주간,3/19/2012,11,금요일,1013501,2014612,127.6540548,38.1315904
2012,1,4,2,1,,강원도,화천군,차량단독,도로이탈,도로이탈 기타,안전운전 의무 불이행,교차로,교차로부근,승용차,없음,주간,5/9/2012,7,수요일,1014420,2020506,127.6646557,38.18470017
2012,1,1,,,,강원도,화천군,차량단독,공작물충돌,공작물충돌,안전운전 의무 불이행,단일로,기타단일로,승용차,없음,주간,5/27/2012,14,화요일,1021161,2015422,127.7414788,38.1387498
2012,1,1,,,,강원도,화천군,차량단독,공작물충돌,공작물충돌,안전운전 의무 불이행,단일로,기타단일로,승용차,없음,주간,10/3/2012,9,화요일,1026889,2005878,127.8064853,38.05258256
2012,1,1,,,,강원도,화천군,차량단독,도로이탈,도로이탈 추락,안전운전 의무 불이행,단일로,기타단일로,승용차,없음,주간,11/1/2012,12,금요일,1030761,2023334,127.8513654,38.20978014
2012,1,1,,,,강원도,횡성군,차량단독,전도전복,전도전복,안전운전 의무 불이행,단일로,기타단일로,이륜차,없음,주간,3/13/2012,13,금요일,1053912,1928197,128.1087242,37.35124489
2012,1,1,,,,강원도,횡성군,차량단독,도로이탈,도로이탈 기타,안전운전 의무 불이행,단일로,기타단일로,원동기장치자전거,없음,주간,4/8/2012,17,목요일,1035809,1943299,127.9050603,37.48824294
2012,1,1,,,,강원도,횡성군,차대사람,횡단중,횡단중,안전운전 의무 불이행,단일로,기타단일로,승용차,보행자,야간,4/30/2012,20,월요일,1042954,1952776,127.9864343,37.5733572
2012,1,1,,,,강원도,횡성군,차량단독,전도전복,전도전복,안전운전 의무 불이행,단일로,기타단일로,특수차,없음,주간,5/9/2012,8,수요일,1056626,1945264,128.140676,37.50491175
2012,1,1,,,,강원도,횡성군,차대사람,차도통행중,차도통행중,안전운전 의무 불이행,단일로,기타단일로,승용차,보행자,야간,5/10/2012,0,목요일,1042489,1943998,127.9806605,37.49426006
2012,1,1,,,,강원도,횡성군,차량단독,공작물충돌,공작물충돌,안전운전 의무 불이행,단일로,기타단일로,이륜차,없음,야간,6/23/2012,2,목요일,1044888,1947530,128.0080142,37.52598149
2012,1,2,,1,,강원도,횡성군,차대차,정면충돌,정면충돌,중앙선 침범,단일로,기타단일로,화물차,화물차,야간,7/7/2012,5,목요일,1036360,1953141,127.9117803,37.57693113
2012,1,1,,,,강원도,횡성군,차량단독,공작물충돌,공작물충돌,안전운전 의무 불이행,단일로,기타단일로,화물차,없음,야간,7/14/2012,3,목요일,1064493,1945144,128.2296678,37.50331393
2012,1,1,,,,강원도,횡성군,차량단독,도로이탈,도로이탈 추락,안전운전 의무 불이행,단일로,기타단일로,화물차,없음,야간,7/24/2012,19,화요일,1051156,1926120,128.0774641,37.33267999
2012,1,1,,,,강원도,횡성군,차대사람,횡단중,횡단중,안전운전 의무 불이행,단일로,기타단일로,승용차,보행자,주간,8/7/2012,11,화요일,1042916,1943324,127.9854515,37.4881653
2012,1,2,1,,,강원도,횡성군,차대차,기타,기타,교차로 통행방법 위반,교차로,교차로내,화물차,승용차,주간,8/22/2012,10,토요일,1053288,1945040,128.1028951,37.50309159
2012,1,1,,,,강원도,횡성군,차량단독,기타,기타,안전운전 의무 불이행,단일로,기타단일로,농기계,없음,주간,9/8/2012,14,화요일,1046140,1951163,128.0224103,37.55866565
2012,1,2,1,,,강원도,횡성군,차대차,정면충돌,정면충돌,중앙선 침범,단일로,기타단일로,화물차,건설기계,주간,9/20/2012,13,수요일,1046787,1945017,128.029345,37.50323677
2012,1,3,1,1,,강원도,횡성군,차량단독,공작물충돌,공작물충돌,안전운전 의무 불이행,단일로,기타단일로,승용차,없음,야간,9/20/2012,21,수요일,1042187,1950173,127.9775989,37.54993115
2012,1,1,,,,강원도,횡성군,차량단독,전도전복,전도전복,기타,단일로,기타단일로,농기계,없음,주간,9/30/2012,17,토요일,1049320,1948336,128.0582248,37.53301972
2012,1,2,1,,,강원도,횡성군,차대차,정면충돌,정면충돌,중앙선 침범,단일로,기타단일로,화물차,승용차,야간,10/7/2012,18,토요일,1058366,1935410,128.1595809,37.41598797
2012,1,1,,,,강원도,횡성군,차대사람,횡단중,횡단중,안전운전 의무 불이행,단일로,기타단일로,화물차,보행자,주간,12/7/2012,17,화요일,1034161,1947110,127.8865961,37.52265565
2012,1,2,1,,,강원도,횡성군,차대차,측면충돌,측면충돌,교차로 통행방법 위반,교차로,교차로내,승합차,이륜차,주간,12/28/2012,15,목요일,1045880,1943903,128.0190142,37.49324149
2012,1,2,1,,,강원도,횡성군,차량단독,공작물충돌,공작물충돌,안전운전 의무 불이행,단일로,기타단일로,승용차,없음,야간,1/15/2013,18,월요일,1031715,1935914,127.8584333,37.42182751
2012,1,1,,,,충청남도,계룡시,차대사람,차도통행중,차도통행중,안전운전 의무 불이행,교차로,교차로내,승용차,보행자,주간,3/21/2012,12,일요일,976491,1809861,127.2382113,36.28576057
2012,1,1,,,,충청남도,계룡시,차대사람,기타,기타,기타,단일로,기타단일로,건설기계,보행자,주간,8/8/2012,15,수요일,978622,1807960,127.2619933,36.2686718
2012,1,4,1,2,,충청남도,공주시,차대차,측면충돌,측면충돌,안전운전 의무 불이행,교차로,교차로내,화물차,화물차,주간,4/1/2012,12,목요일,976154,1822605,127.2340683,36.40064365
2012,2,3,1,,,충청남도,공주시,차량단독,도로이탈,도로이탈 추락,안전운전 의무 불이행,단일로,기타단일로,승용차,없음,야간,4/7/2012,4,수요일,974181,1829087,127.2118497,36.45902904
2012,1,4,3,,,충청남도,공주시,차대차,측면충돌,측면충돌,안전운전 의무 불이행,교차로,교차로내,승용차,승용차,주간,6/17/2012,9,화요일,967051,1830363,127.132223,36.47031362
2012,1,1,,,,충청남도,공주시,차대차,추돌,진행중 추돌,안전운전 의무 불이행,교차로,교차로부근,승용차,화물차,야간,6/20/2012,4,금요일,966270,1835057,127.1233008,36.51260288
2012,1,1,,,,충청남도,공주시,차량단독,공작물충돌,공작물충돌,안전운전 의무 불이행,단일로,기타단일로,승용차,없음,주간,6/27/2012,14,월요일,949923,1833203,126.9408631,36.49517335
2012,1,2,,1,,충청남도,공주시,차대차,정면충돌,정면충돌,중앙선 침범,단일로,기타단일로,건설기계,건설기계,주간,7/17/2012,13,화요일,973051,1836417,127.198983,36.52507843
2012,1,1,,,,충청남도,공주시,차대차,측면충돌,측면충돌,교차로 통행방법 위반,교차로,교차로내,원동기장치자전거,화물차,주간,7/19/2012,16,목요일,956015,1815107,127.0099071,36.3323375
2012,1,1,,,,충청남도,공주시,차량단독,도로이탈,도로이탈 추락,안전운전 의무 불이행,교차로,교차로내,이륜차,없음,야간,7/29/2012,18,일요일,966020,1827731,127.1208308,36.44654998
2012,1,1,,,,충청남도,공주시,차대차,추돌,주정차중 충돌,안전운전 의무 불이행,단일로,기타단일로,화물차,자전거,야간,8/7/2012,21,화요일,969454,1818226,127.1595228,36.36097631
2012,1,1,,,,충청남도,공주시,차량단독,기타,기타,안전운전 의무 불이행,단일로,기타단일로,화물차,없음,야간,9/21/2012,0,목요일,960942,1826833,127.064214,36.43826108
2012,1,1,,,,충청남도,공주시,차대차,기타,기타,안전운전 의무 불이행,단일로,기타단일로,화물차,승용차,야간,10/1/2012,4,일요일,960860,1830788,127.0630992,36.47391203
2012,1,1,,,,충청남도,공주시,차대사람,횡단중,횡단중,보행자 보호의무 위반,단일로,횡단보도상,승합차,보행자,주간,10/6/2012,10,금요일,966261,1829893,127.1234257,36.46604905
2012,1,1,,,,충청남도,공주시,차대사람,횡단중,횡단중,안전운전 의무 불이행,단일로,기타단일로,승용차,보행자,야간,10/13/2012,18,금요일,952744,1846228,126.971561,36.61273357
2012,1,1,,,,충청남도,공주시,차량단독,공작물충돌,공작물충돌,안전운전 의무 불이행,단일로,기타단일로,승용차,없음,주간,10/18/2012,14,금요일,964872,1825681,127.1081139,36.42802771
2012,1,1,,,,충청남도,공주시,차량단독,도로이탈,도로이탈 기타,안전운전 의무 불이행,단일로,기타단일로,농기계,없음,주간,11/3/2012,15,일요일,967866,1818158,127.1418255,36.36031152
2012,1,1,,,,충청남도,공주시,차대사람,기타,기타,안전운전 의무 불이행,단일로,기타단일로,불명,보행자,주간,11/28/2012,16,일요일,967091,1832374,127.1325839,36.48844423
2012,1,1,,,,충청남도,공주시,차대사람,횡단중,횡단중,안전운전 의무 불이행,교차로,교차로내,승합차,보행자,주간,11/30/2012,10,화요일,955662,1812358,127.0061304,36.30753873
2012,1,2,1,,,충청남도,공주시,차대차,정면충돌,정면충돌,중앙선 침범,단일로,기타단일로,화물차,건설기계,야간,12/10/2012,18,금요일,959474,1829463,127.0476978,36.46190957
2012,1,1,,,,충청남도,공주시,차량단독,공작물충돌,공작물충돌,안전운전 의무 불이행,단일로,기타단일로,화물차,없음,야간,12/12/2012,22,일요일,978374,1820439,127.2588859,36.38116913
2012,1,1,,,,충청남도,공주시,차대사람,기타,기타,안전운전 의무 불이행,단일로,기타단일로,화물차,보행자,야간,12/19/2012,18,화요일,967832,1817755,127.1414632,36.35667725
2012,1,2,1,,,충청남도,공주시,차대차,추돌,진행중 추돌,안전운전 의무 불이행,단일로,교량위,승용차,승용차,야간,1/4/2013,18,목요일,966068,1845718,127.1205752,36.60870358
2012,1,1,,,,충청남도,공주시,차량단독,공작물충돌,공작물충돌,안전운전 의무 불이행,단일로,기타단일로,승용차,없음,주간,1/9/2013,13,화요일,949657,1832294,126.9379524,36.48696497
2012,1,1,,,,충청남도,금산군,차량단독,공작물충돌,공작물충돌,안전운전 의무 불이행,단일로,기타단일로,원동기장치자전거,없음,주간,4/13/2012,6,화요일,998668,1790066,127.4852008,36.10758147
2012,1,4,,3,,충청남도,금산군,차대차,정면충돌,정면충돌,중앙선 침범,단일로,기타단일로,원동기장치자전거,승용차,야간,4/16/2012,19,금요일,999677,1791417,127.4964108,36.11976264
2012,1,1,,,,충청남도,금산군,차대사람,기타,기타,보행자 보호의무 위반,단일로,횡단보도상,승용차,보행자,야간,5/3/2012,20,목요일,997124,1799046,127.4680134,36.18853929
2012,1,1,,,,충청남도,금산군,차대차,측면충돌,측면충돌,기타,교차로,교차로부근,승용차,승용차,주간,6/8/2012,14,일요일,988859,1802614,127.3760402,36.22064715
2012,1,1,,,,충청남도,금산군,차대사람,횡단중,횡단중,안전운전 의무 불이행,단일로,기타단일로,승용차,보행자,야간,6/18/2012,18,토요일,1004249,1785172,127.5471821,36.0634497
2012,1,1,,,,충청남도,금산군,차량단독,도로이탈,도로이탈 기타,안전운전 의무 불이행,단일로,기타단일로,이륜차,없음,야간,9/22/2012,18,금요일,1002002,1789068,127.5222407,36.09858257
2012,1,1,,,,충청남도,금산군,차량단독,기타,기타,안전운전 의무 불이행,단일로,기타단일로,원동기장치자전거,없음,야간,10/7/2012,23,토요일,999960,1789625,127.4995556,36.10360643
2012,1,1,,,,충청남도,금산군,차대차,추돌,진행중 추돌,안전운전 의무 불이행,단일로,기타단일로,승용차,화물차,주간,10/30/2012,7,수요일,1000801,1791729,127.5089034,36.12257979
2012,1,1,,,,충청남도,금산군,차대차,정면충돌,정면충돌,중앙선 침범,단일로,기타단일로,원동기장치자전거,승용차,주간,11/4/2012,9,월요일,999625,1793535,127.4958319,36.13885798
2012,1,1,,,,충청남도,금산군,차대차,정면충돌,정면충돌,교차로 통행방법 위반,교차로,교차로내,이륜차,화물차,주간,11/6/2012,15,수요일,1000267,1789036,127.5029662,36.09829609
2012,1,1,,,,충청남도,금산군,차대사람,보도통행중,보도통행중,안전운전 의무 불이행,단일로,기타단일로,승용차,보행자,야간,11/30/2012,18,화요일,983960,1796131,127.3216645,36.16213006
2012,1,1,,,,충청남도,금산군,차대차,기타,기타,안전운전 의무 불이행,단일로,기타단일로,화물차,승합차,주간,12/30/2012,7,토요일,1002120,1789080,127.5235483,36.0986878
2012,1,2,1,,,충청남도,논산시,차대차,추돌,주정차중 충돌,안전운전 의무 불이행,교차로,교차로부근,화물차,건설기계,야간,1/25/2012,23,수요일,971104,1801720,127.178525,36.21221962
2012,1,1,,,,충청남도,논산시,차대사람,횡단중,횡단중,안전운전 의무 불이행,교차로,교차로내,승용차,보행자,주간,2/4/2012,14,토요일,972070,1801318,127.1892861,36.20862377
2012,1,1,,,,충청남도,논산시,차대사람,횡단중,횡단중,안전운전 의무 불이행,단일로,횡단보도부근,승용차,보행자,야간,2/5/2012,0,일요일,964196,1794944,127.1019824,36.1508998
2012,1,2,,1,,충청남도,논산시,차량단독,공작물충돌,공작물충돌,안전운전 의무 불이행,교차로,교차로부근,승용차,없음,주간,2/23/2012,11,일요일,963938,1797886,127.0989771,36.17741645
2012,1,1,,,,충청남도,논산시,차대사람,횡단중,횡단중,안전운전 의무 불이행,교차로,교차로내,승용차,보행자,야간,3/10/2012,5,화요일,964324,1792459,127.1035181,36.12850096
2012,1,1,,,,충청남도,논산시,차대차,측면충돌,측면충돌,교차로 통행방법 위반,교차로,교차로내,이륜차,승용차,주간,3/10/2012,12,화요일,964448,1800089,127.1045508,36.19729365
2012,1,2,1,,,충청남도,논산시,차대사람,기타,기타,안전운전 의무 불이행,단일로,기타단일로,이륜차,보행자,야간,4/23/2012,21,월요일,977540,1792035,127.2504067,36.12507261
2012,1,1,,,,충청남도,논산시,차대사람,횡단중,횡단중,안전운전 의무 불이행,단일로,기타단일로,화물차,보행자,야간,4/29/2012,20,일요일,968114,1801761,127.1452594,36.21249527
2012,1,2,,1,,충청남도,논산시,차대차,추돌,주정차중 충돌,안전운전 의무 불이행,단일로,기타단일로,원동기장치자전거,농기계,야간,5/12/2012,20,토요일,959724,1801622,127.0519277,36.21092907
2012,1,1,,,,충청남도,논산시,차대사람,기타,기타,안전운전 의무 불이행,단일로,기타단일로,화물차,보행자,야간,6/15/2012,21,일요일,964354,1796909,127.1036541,36.16861656
2012,1,2,1,,,충청남도,논산시,차대차,측면충돌,측면충돌,교차로 통행방법 위반,교차로,교차로내,화물차,건설기계,주간,6/18/2012,17,수요일,962625,1804310,127.0840724,36.23527886
2012,1,5,2,2,,충청남도,논산시,차대차,정면충돌,정면충돌,중앙선 침범,단일로,고가도로위,승용차,승용차,야간,7/3/2012,21,일요일,956190,1795080,127.0129783,36.15179703
2012,1,3,1,1,,충청남도,논산시,차대차,기타,기타,교차로 통행방법 위반,교차로,교차로내,승용차,승용차,주간,7/13/2012,11,수요일,964349,1796992,127.1035903,36.16936915
2012,1,1,,,,충청남도,논산시,차량단독,도로이탈,도로이탈 기타,안전운전 의무 불이행,단일로,기타단일로,화물차,없음,주간,7/15/2012,8,금요일,961678,1801648,127.0736598,36.21124376
2012,1,1,,,,충청남도,논산시,차량단독,도로이탈,도로이탈 기타,안전운전 의무 불이행,단일로,기타단일로,승용차,없음,야간,7/16/2012,22,토요일,958238,1796697,127.0356586,36.16646537
2012,1,2,,,1,충청남도,논산시,차대차,측면충돌,측면충돌,안전운전 의무 불이행,단일로,기타단일로,승용차,화물차,주간,7/27/2012,14,금요일,959683,1801466,127.0514774,36.20951735
2012,1,2,,1,,충청남도,논산시,차대사람,기타,기타,안전운전 의무 불이행,단일로,기타단일로,승용차,보행자,주간,8/5/2012,10,일요일,962146,1801981,127.0788546,36.21426343
2012,1,1,,,,충청남도,논산시,차대차,정면충돌,정면충돌,기타,교차로,교차로내,이륜차,승합차,야간,8/12/2012,22,일요일,973504,1798613,127.2053313,36.18427983
2012,1,1,,,,충청남도,논산시,차량단독,도로이탈,도로이탈 추락,안전운전 의무 불이행,단일로,기타단일로,이륜차,없음,주간,9/5/2012,14,토요일,978731,1790929,127.2636686,36.11512991
2012,1,6,,5,,충청남도,논산시,차대차,기타,기타,신호위반,교차로,교차로내,화물차,승용차,주간,9/25/2012,7,월요일,962201,1801649,127.079488,36.2112752
2012,1,1,,,,충청남도,논산시,차대사람,횡단중,횡단중,안전운전 의무 불이행,단일로,기타단일로,화물차,보행자,야간,9/30/2012,19,토요일,962563,1801078,127.0835369,36.20613877
2012,1,1,,,,충청남도,논산시,차량단독,공작물충돌,공작물충돌,안전운전 의무 불이행,단일로,기타단일로,승용차,없음,주간,10/3/2012,14,화요일,967198,1791822,127.135484,36.1228595
2012,1,1,,,,충청남도,논산시,차량단독,전도전복,전도전복,안전운전 의무 불이행,기타/불명,기타/불명,농기계,없음,주간,10/9/2012,16,월요일,962843,1795980,127.0868931,36.1601889