사고년도,사망자수,부상자수,중상자수,경상자수,부상신고자수,시도,시군구,사고유형 대분류,사고유형 중분류,사고유형,가해자법규위반,도로형태 대분류,도로형태,가해당사자 종별,피해당사자 종별,주야구분,발생일,발생시간,발생요일,발생위치X좌표 (EPSG 5179),발생위치Y좌표 (EPSG 5179),경도좌표,위도좌표
2012,1,1,,,,충청남도,서산시,차대사람,횡단중,횡단중,신호위반,교차로,교차로부근,승용차,보행자,주간,11/2/2012,6,토요일,905783,1878677,126.4424737,36.90171965
2012,2,2,,,,충청남도,서산시,차대차,추돌,주정차중 충돌,안전운전 의무 불이행,단일로,기타단일로,승용차,승용차,야간,11/19/2012,3,금요일,914094,1858214,126.5380573,36.71807126
2012,1,1,,,,충청남도,서산시,차대사람,횡단중,횡단중,안전운전 의무 불이행,교차로,교차로내,승합차,보행자,야간,11/22/2012,18,월요일,909484,1863044,126.4858708,36.76117771
2012,1,3,2,,,충청남도,서산시,차대차,추돌,진행중 추돌,안전운전 의무 불이행,단일로,기타단일로,화물차,화물차,야간,11/24/2012,19,수요일,898790,1865685,126.3657262,36.7838996
2012,1,1,,,,충청남도,서산시,차대사람,횡단중,횡단중,안전운전 의무 불이행,단일로,기타단일로,승용차,보행자,야간,12/17/2012,4,금요일,907485,1864541,126.463296,36.77447763
2012,1,1,,,,충청남도,서산시,차대사람,기타,기타,신호위반,단일로,기타단일로,승용차,보행자,주간,12/27/2012,17,수요일,908333,1863987,126.4728671,36.7695631
2012,1,1,,,,충청남도,서천군,차대사람,횡단중,횡단중,안전운전 의무 불이행,단일로,기타단일로,화물차,보행자,야간,2/9/2012,18,목요일,928314,1779338,126.7045421,36.00822257
2012,2,2,,,,충청남도,서천군,차대차,기타,기타,중앙선 침범,단일로,기타단일로,이륜차,화물차,주간,3/5/2012,12,목요일,929208,1786886,126.7137853,36.07633339
2012,1,1,,,,충청남도,서천군,차대사람,기타,기타,보행자 보호의무 위반,교차로,교차로내,승용차,보행자,야간,4/11/2012,19,일요일,928582,1779242,126.7075244,36.0073768
2012,1,2,1,,,충청남도,서천군,차대차,기타,기타,교차로 통행방법 위반,교차로,교차로내,이륜차,승합차,주간,4/30/2012,17,월요일,928136,1787346,126.7018399,36.08040609
2012,1,1,,,,충청남도,서천군,차대사람,기타,기타,보행자 보호의무 위반,교차로,교차로부근,화물차,보행자,주간,6/8/2012,8,일요일,927722,1779280,126.6979789,36.00765956
2012,1,1,,,,충청남도,서천군,차량단독,전도전복,전도전복,안전운전 의무 불이행,기타/불명,기타/불명,이륜차,없음,주간,6/22/2012,11,수요일,918905,1794624,126.5985732,36.14528545
2012,1,1,,,,충청남도,서천군,차량단독,기타,기타,안전운전 의무 불이행,단일로,기타단일로,승용차,없음,야간,8/9/2012,20,목요일,934450,1794687,126.7713513,36.14702661
2012,1,1,,,,충청남도,서천군,차대사람,기타,기타,안전운전 의무 불이행,단일로,기타단일로,승용차,보행자,야간,10/16/2012,3,월요일,928447,1779300,126.7060157,36.00789154
2012,1,1,,,,충청남도,서천군,차대차,추돌,진행중 추돌,중앙선 침범,기타/불명,기타/불명,이륜차,승용차,야간,11/1/2012,18,금요일,928810,1779127,126.7100689,36.00635859
2012,1,1,,,,충청남도,서천군,차대사람,기타,기타,안전운전 의무 불이행,단일로,기타단일로,화물차,보행자,주간,12/17/2012,8,일요일,924002,1789313,126.6557347,36.09781555
2012,1,1,,,,충청남도,아산시,차대차,측면충돌,측면충돌,기타,교차로,교차로내,건설기계,승용차,주간,1/26/2012,13,목요일,951403,1857231,126.9558682,36.71185307
2012,1,1,,,,충청남도,아산시,차대차,측면충돌,측면충돌,교차로 통행방법 위반,교차로,교차로내,승용차,자전거,주간,1/31/2012,9,화요일,958843,1881104,127.0378778,36.92740571
2012,1,5,,4,,충청남도,아산시,차대차,추돌,주정차중 충돌,안전거리 미확보,교차로,교차로부근,화물차,화물차,야간,2/21/2012,21,금요일,958497,1879211,127.0340967,36.91032655
2012,1,1,,,,충청남도,아산시,차대사람,횡단중,횡단중,신호위반,교차로,교차로내,화물차,보행자,야간,3/3/2012,18,화요일,956320,1870645,127.0101523,36.83301175
2012,1,1,,,,충청남도,아산시,차대사람,횡단중,횡단중,안전운전 의무 불이행,교차로,교차로내,승용차,보행자,야간,4/6/2012,5,화요일,960262,1864194,127.0546953,36.77503342
2012,1,1,,,,충청남도,아산시,차대차,기타,기타,안전운전 의무 불이행,단일로,기타단일로,승용차,화물차,주간,4/6/2012,11,화요일,963509,1872320,127.0906906,36.84841576
2012,1,1,,,,충청남도,아산시,차대사람,차도통행중,차도통행중,안전운전 의무 불이행,교차로,교차로부근,승용차,보행자,야간,4/16/2012,20,월요일,942969,1875972,126.8600353,36.88031868
2012,1,1,,,,충청남도,아산시,차대차,측면충돌,측면충돌,안전운전 의무 불이행,단일로,기타단일로,승용차,이륜차,주간,4/23/2012,6,월요일,954494,1878034,126.9892322,36.8995321
2012,1,1,,,,충청남도,아산시,차대사람,기타,기타,안전운전 의무 불이행,교차로,교차로내,승용차,보행자,주간,5/14/2012,9,월요일,956695,1860362,127.0149422,36.74033362
2012,1,1,,,,충청남도,아산시,차대사람,기타,기타,안전운전 의무 불이행,단일로,기타단일로,화물차,보행자,야간,5/25/2012,1,일요일,963022,1864654,127.0856008,36.77929185
2012,1,1,,,,충청남도,아산시,차량단독,기타,기타,안전운전 의무 불이행,단일로,기타단일로,농기계,없음,주간,5/25/2012,16,일요일,963201,1867096,127.0874887,36.80131227
2012,1,5,3,1,,충청남도,아산시,차대차,정면충돌,정면충돌,중앙선 침범,단일로,기타단일로,승용차,승용차,야간,5/26/2012,20,월요일,956773,1861095,127.0157743,36.74694481
2012,1,1,,,,충청남도,아산시,차대사람,횡단중,횡단중,신호위반,교차로,교차로내,승합차,보행자,주간,6/1/2012,17,일요일,963966,1870158,127.0959202,36.82894046
2012,1,1,,,,충청남도,아산시,차대차,추돌,주정차중 충돌,안전운전 의무 불이행,기타/불명,기타/불명,이륜차,화물차,야간,6/9/2012,20,월요일,961928,1876643,127.0727404,36.88732254
2012,1,1,,,,충청남도,아산시,차대사람,기타,기타,안전운전 의무 불이행,교차로,교차로부근,승용차,보행자,야간,6/9/2012,20,월요일,958461,1878234,127.0337462,36.90151802
2012,1,1,,,,충청남도,아산시,차대사람,횡단중,횡단중,안전운전 의무 불이행,교차로,교차로내,화물차,보행자,야간,6/12/2012,22,월요일,954300,1865038,126.9878366,36.78237275
2012,1,1,,,,충청남도,아산시,차대사람,횡단중,횡단중,안전운전 의무 불이행,단일로,기타단일로,승용차,보행자,야간,7/3/2012,2,일요일,964940,1866413,127.1070137,36.79522136
2012,2,2,,,,충청남도,아산시,차량단독,공작물충돌,공작물충돌,안전운전 의무 불이행,단일로,기타단일로,이륜차,없음,야간,7/13/2012,4,수요일,953697,1864240,126.9811275,36.77514997
2012,1,1,,,,충청남도,아산시,차량단독,공작물충돌,공작물충돌,안전운전 의무 불이행,기타/불명,기타/불명,승용차,없음,야간,7/16/2012,0,월요일,956278,1869353,127.0097556,36.82136326
2012,1,1,,,,충청남도,아산시,차대차,추돌,진행중 추돌,안전운전 의무 불이행,기타/불명,기타/불명,승용차,이륜차,야간,7/16/2012,4,월요일,950529,1865089,126.9455732,36.78264302
2012,1,1,,,,충청남도,아산시,차량단독,공작물충돌,공작물충돌,안전운전 의무 불이행,교차로,교차로내,화물차,없음,야간,7/30/2012,0,월요일,950829,1865230,126.9489261,36.78392966
2012,1,1,,,,충청남도,아산시,차대사람,횡단중,횡단중,안전운전 의무 불이행,교차로,교차로부근,화물차,보행자,주간,8/2/2012,8,목요일,949184,1866345,126.9304165,36.79389378
2012,1,2,,1,,충청남도,아산시,차대사람,기타,기타,안전운전 의무 불이행,단일로,기타단일로,승용차,보행자,야간,9/1/2012,22,화요일,960275,1881975,127.0539105,36.9353186
2012,1,3,2,,,충청남도,아산시,차대차,측면충돌,측면충돌,신호위반,교차로,교차로내,승용차,화물차,주간,9/28/2012,14,목요일,956242,1870470,127.0092877,36.83143064
2012,1,2,,1,,충청남도,아산시,차대차,정면충돌,정면충돌,중앙선 침범,단일로,기타단일로,원동기장치자전거,승용차,야간,10/7/2012,19,토요일,961093,1882141,127.0630874,36.93684911
2012,1,2,1,,,충청남도,아산시,차대차,정면충돌,정면충돌,중앙선 침범,단일로,기타단일로,승용차,승용차,야간,10/11/2012,1,수요일,958437,1878092,127.0334846,36.90023693
2012,1,2,,1,,충청남도,아산시,차량단독,공작물충돌,공작물충돌,안전운전 의무 불이행,단일로,고가도로위,승용차,없음,야간,10/16/2012,22,수요일,953050,1865610,126.9737931,36.78746783
2012,1,4,3,,,충청남도,아산시,차대차,측면충돌,측면충돌,신호위반,교차로,교차로내,승용차,승용차,야간,10/18/2012,23,금요일,963790,1870250,127.093941,36.82976666
2012,1,1,,,,충청남도,아산시,차량단독,도로이탈,도로이탈 추락,안전운전 의무 불이행,단일로,기타단일로,이륜차,없음,야간,10/20/2012,20,일요일,948557,1875688,126.9227564,36.87807979
2012,1,1,,,,충청남도,아산시,차대차,측면충돌,측면충돌,기타,교차로,교차로내,승용차,원동기장치자전거,주간,10/24/2012,9,목요일,962419,1863472,127.0789016,36.76861295
2012,1,1,,,,충청남도,아산시,차대사람,횡단중,횡단중,안전운전 의무 불이행,교차로,교차로부근,화물차,보행자,주간,10/26/2012,16,토요일,944471,1861298,126.87796,36.74813419
2012,1,1,,,,충청남도,아산시,차대사람,횡단중,횡단중,보행자 보호의무 위반,교차로,교차로부근,승용차,보행자,주간,10/27/2012,9,일요일,955434,1863852,127.0006144,36.77173568
2012,1,1,,,,충청남도,아산시,차대사람,보도통행중,보도통행중,안전운전 의무 불이행,단일로,횡단보도부근,화물차,보행자,주간,11/2/2012,9,토요일,955803,1865091,127.0046772,36.78292184
2012,1,1,,,,충청남도,아산시,차대사람,차도통행중,차도통행중,안전운전 의무 불이행,단일로,기타단일로,승용차,보행자,야간,11/13/2012,19,수요일,948750,1869980,126.9253073,36.82663724
2012,1,1,,,,충청남도,아산시,차대차,정면충돌,정면충돌,중앙선 침범,기타/불명,기타/불명,승용차,이륜차,야간,11/26/2012,22,금요일,965099,1872868,127.1084996,36.85341574
2012,1,1,,,,충청남도,아산시,차대사람,차도통행중,차도통행중,안전운전 의무 불이행,단일로,기타단일로,승합차,보행자,야간,11/26/2012,23,금요일,957880,1865249,127.027945,36.78444077
2012,1,1,,,,충청남도,아산시,차량단독,기타,기타,안전운전 의무 불이행,기타/불명,기타/불명,승용차,없음,야간,12/2/2012,0,목요일,953803,1868284,126.98207,36.81160928
2012,1,2,1,,,충청남도,아산시,차대사람,횡단중,횡단중,안전운전 의무 불이행,단일로,기타단일로,승용차,보행자,야간,12/11/2012,0,토요일,960262,1864203,127.0546948,36.77511455
2012,1,3,,2,,충청남도,아산시,차대차,추돌,진행중 추돌,안전운전 의무 불이행,단일로,터널안,승합차,건설기계,주간,12/11/2012,14,토요일,957436,1872901,127.0225408,36.85339904
2012,1,2,1,,,충청남도,아산시,차대차,기타,기타,안전운전 의무 불이행,단일로,기타단일로,승합차,화물차,야간,12/16/2012,18,목요일,965909,1864458,127.1179625,36.7776333
2012,1,1,,,,충청남도,아산시,차대사람,횡단중,횡단중,안전운전 의무 불이행,단일로,기타단일로,화물차,보행자,야간,12/28/2012,23,목요일,963199,1864735,127.0875804,36.78002892
2012,2,2,,,,충청남도,아산시,차량단독,공작물충돌,공작물충돌,안전운전 의무 불이행,교차로,교차로부근,승용차,없음,야간,12/31/2012,23,일요일,953801,1864205,126.982295,36.77483955
2012,1,1,,,,충청남도,아산시,차량단독,공작물충돌,공작물충돌,안전운전 의무 불이행,단일로,기타단일로,승용차,없음,야간,1/3/2013,0,수요일,960685,1869694,127.0591512,36.82463064
2012,1,1,,,,충청남도,아산시,차량단독,공작물충돌,공작물충돌,안전운전 의무 불이행,기타/불명,기타/불명,승용차,없음,야간,1/5/2013,1,금요일,953792,1868316,126.9819447,36.8118972
2012,1,5,4,,,충청남도,아산시,차대차,기타,기타,안전운전 의무 불이행,교차로,교차로내,승용차,승합차,주간,1/6/2013,6,토요일,956198,1864126,127.0091594,36.77424126
2012,1,1,,,,충청남도,아산시,차량단독,공작물충돌,공작물충돌,안전운전 의무 불이행,단일로,기타단일로,승용차,없음,야간,1/9/2013,4,화요일,964881,1865203,127.1064082,36.78431159
2012,1,2,,1,,충청남도,아산시,차대차,정면충돌,정면충돌,중앙선 침범,단일로,기타단일로,승용차,화물차,야간,1/16/2013,4,화요일,959738,1880675,127.0479496,36.92357726
2012,1,1,,,,충청남도,연기군,차량단독,도로이탈,도로이탈 추락,안전운전 의무 불이행,단일로,기타단일로,승용차,없음,주간,2/3/2012,7,금요일,970902,1854063,127.1743112,36.6840921
2012,1,1,,,,충청남도,연기군,차량단독,공작물충돌,공작물충돌,안전운전 의무 불이행,기타/불명,기타/불명,승용차,없음,주간,2/6/2012,11,월요일,986126,1837637,127.3450031,36.53635783
2012,2,2,,,,충청남도,연기군,차대차,정면충돌,정면충돌,중앙선 침범,단일로,기타단일로,승용차,승용차,야간,3/27/2012,0,토요일,972541,1853545,127.1926801,36.67947302
2012,1,3,1,1,,충청남도,연기군,차대차,측면충돌,측면충돌,신호위반,교차로,교차로내,승용차,특수차,주간,5/9/2012,10,수요일,969024,1858126,127.1531268,36.72065954
2012,1,1,,,,충청남도,연기군,차대차,정면충돌,정면충돌,중앙선 침범,단일로,기타단일로,승용차,원동기장치자전거,주간,6/8/2012,11,일요일,980635,1840754,127.2835857,36.56436044
2012,1,1,,,,충청남도,연기군,차대차,정면충돌,정면충돌,중앙선 침범,단일로,기타단일로,이륜차,승용차,야간,7/3/2012,20,일요일,978365,1834146,127.2584051,36.5047375
2012,1,1,,,,충청남도,예산군,차량단독,기타,기타,안전운전 의무 불이행,교차로,교차로부근,원동기장치자전거,없음,야간,1/28/2012,20,토요일,940370,1854130,126.8325822,36.68327106
2012,1,1,,,,충청남도,예산군,차대차,측면충돌,측면충돌,기타,교차로,교차로내,승용차,이륜차,야간,1/30/2012,18,월요일,928961,1862305,126.7041356,36.75617623
2012,1,1,,,,충청남도,예산군,차대차,측면충돌,측면충돌,기타,단일로,기타단일로,화물차,원동기장치자전거,주간,3/7/2012,9,토요일,935091,1838609,126.7748117,36.54301441
2012,1,2,,1,,충청남도,예산군,차대차,측면충돌,측면충돌,기타,교차로,교차로내,승용차,이륜차,야간,3/10/2012,18,화요일,940520,1853711,126.8342936,36.67950347
2012,1,2,,1,,충청남도,예산군,차대차,정면충돌,정면충돌,중앙선 침범,단일로,기타단일로,승용차,화물차,주간,3/14/2012,15,토요일,925775,1852099,126.6694363,36.66393609
2012,1,5,2,2,,충청남도,예산군,차대차,측면충돌,측면충돌,기타,단일로,횡단보도부근,승용차,승합차,주간,3/28/2012,7,일요일,921924,1854502,126.6261039,36.68528814
2012,1,1,,,,충청남도,예산군,차량단독,기타,기타,안전운전 의무 불이행,단일로,기타단일로,이륜차,없음,주간,4/19/2012,16,목요일,941454,1849626,126.8450584,36.64273781
2012,1,1,,,,충청남도,예산군,차대차,정면충돌,정면충돌,중앙선 침범,단일로,기타단일로,승용차,이륜차,주간,5/5/2012,11,토요일,932105,1838076,126.7415005,36.53800224
2012,1,1,,,,충청남도,예산군,차대차,추돌,진행중 추돌,안전운전 의무 불이행,단일로,기타단일로,승용차,자전거,야간,5/9/2012,19,수요일,940333,1858573,126.8318215,36.72331912
2012,1,3,1,1,,충청남도,예산군,차대차,측면충돌,측면충돌,신호위반,교차로,교차로내,승용차,화물차,야간,5/11/2012,19,금요일,940074,1855847,126.829135,36.69872997
2012,1,2,1,,,충청남도,예산군,차대차,측면충돌,측면충돌,중앙선 침범,단일로,기타단일로,승용차,화물차,야간,5/11/2012,20,금요일,940851,1855917,126.8378275,36.69940966
2012,1,1,,,,충청남도,예산군,차대차,추돌,진행중 추돌,안전운전 의무 불이행,단일로,기타단일로,화물차,자전거,주간,5/27/2012,16,화요일,929737,1861758,126.712879,36.75130343
2012,1,1,,,,충청남도,예산군,차대차,추돌,진행중 추돌,안전거리 미확보,단일로,터널안,화물차,농기계,주간,7/25/2012,8,수요일,944025,1853212,126.8735562,36.67521812
2012,1,2,,1,,충청남도,예산군,차대차,정면충돌,정면충돌,중앙선 침범,단일로,기타단일로,화물차,건설기계,주간,8/7/2012,16,화요일,947803,1843875,126.9164706,36.59126447
2012,1,1,,,,충청남도,예산군,차대사람,횡단중,횡단중,안전운전 의무 불이행,단일로,기타단일로,승용차,보행자,야간,9/12/2012,19,토요일,938734,1856614,126.8140733,36.70555841
2012,1,3,1,1,,충청남도,예산군,차대차,정면충돌,정면충돌,중앙선 침범,단일로,기타단일로,승용차,승용차,주간,9/29/2012,17,금요일,945772,1852002,126.8931924,36.66441191
2012,1,1,,,,충청남도,예산군,차대차,추돌,주정차중 충돌,안전운전 의무 불이행,단일로,기타단일로,이륜차,승용차,주간,10/1/2012,13,일요일,940170,1856366,126.830169,36.70341442
2012,1,2,,1,,충청남도,예산군,차대차,정면충돌,정면충돌,안전운전 의무 불이행,교차로,교차로부근,승용차,화물차,야간,11/14/2012,22,목요일,941266,1857598,126.842344,36.71458841
2012,1,1,,,,충청남도,예산군,차대사람,횡단중,횡단중,안전운전 의무 불이행,교차로,교차로내,승용차,보행자,야간,11/22/2012,18,월요일,931571,1865313,126.7331036,36.78348223
2012,1,3,2,,,충청남도,예산군,차대차,측면충돌,측면충돌,기타,교차로,교차로내,화물차,승용차,주간,12/8/2012,16,수요일,942433,1843218,126.8564898,36.58503294
2012,1,1,,,,충청남도,예산군,차대사람,횡단중,횡단중,신호위반,교차로,교차로부근,화물차,보행자,야간,12/18/2012,5,토요일,930190,1860655,126.7180541,36.74139448
2012,1,13,1,11,,충청남도,예산군,차대차,추돌,주정차중 충돌,안전거리 미확보,교차로,교차로부근,화물차,화물차,야간,12/17/2012,18,일요일,936584,1854842,126.7901507,36.68944414
2012,1,1,,,,충청남도,예산군,차량단독,공작물충돌,공작물충돌,안전운전 의무 불이행,단일로,기타단일로,승용차,없음,주간,1/1/2013,10,월요일,921458,1851076,126.6212397,36.65436824
2012,1,1,,,,충청남도,천안시,차대사람,길가장자리구역통행중,길가장자리구역통행중,안전운전 의무 불이행,단일로,기타단일로,승용차,보행자,주간,1/20/2012,7,금요일,981851,1862244,127.2966662,36.75811427
2012,3,7,2,2,,충청남도,천안시,차대차,측면충돌,측면충돌,교차로 통행방법 위반,교차로,교차로내,화물차,승용차,주간,1/22/2012,14,일요일,966259,1870721,127.1216069,36.83410382
2012,1,1,,,,충청남도,천안시,차대차,추돌,주정차중 충돌,안전운전 의무 불이행,단일로,기타단일로,화물차,화물차,주간,1/27/2012,12,금요일,966331,1857321,127.1230029,36.71331193
2012,1,1,,,,충청남도,천안시,차대사람,횡단중,횡단중,신호위반,단일로,횡단보도상,승합차,보행자,주간,1/27/2012,16,금요일,965987,1867188,127.1187146,36.80224582
2012,1,3,1,1,,충청남도,천안시,차대차,기타,기타,안전운전 의무 불이행,단일로,기타단일로,승합차,승용차,야간,2/12/2012,0,일요일,983098,1858677,127.3107182,36.72598344
2012,1,1,,,,충청남도,천안시,차대사람,횡단중,횡단중,안전운전 의무 불이행,단일로,기타단일로,승용차,보행자,야간,2/14/2012,22,화요일,968741,1864938,127.1496787,36.78205799
2012,1,1,,,,충청남도,천안시,차대사람,횡단중,횡단중,안전운전 의무 불이행,단일로,기타단일로,화물차,보행자,주간,2/15/2012,7,수요일,967280,1868023,127.133173,36.80981855
2012,1,4,3,,,충청남도,천안시,차대차,기타,기타,안전운전 의무 불이행,단일로,기타단일로,승용차,승용차,주간,2/24/2012,6,월요일,979875,1859422,127.2746036,36.73263387
2012,1,2,1,,,충청남도,천안시,차대차,기타,기타,안전운전 의무 불이행,교차로,교차로부근,승용차,승용차,야간,3/3/2012,0,화요일,967320,1883180,127.1329682,36.94645164
2012,1,3,,1,1,충청남도,천안시,차대차,정면충돌,정면충돌,중앙선 침범,단일로,기타단일로,승용차,승용차,야간,3/3/2012,1,화요일,967913,1865814,127.1403626,36.78992707
2012,1,1,,,,충청남도,천안시,차량단독,공작물충돌,공작물충돌,안전운전 의무 불이행,단일로,기타단일로,화물차,없음,야간,3/7/2012,19,토요일,975497,1862677,127.2254699,36.7618729
2012,1,1,,,,충청남도,천안시,차대사람,기타,기타,안전운전 의무 불이행,교차로,교차로부근,승용차,보행자,야간,3/17/2012,20,화요일,967273,1883402,127.1324307,36.94845119
2012,1,1,,,,충청남도,천안시,차대차,추돌,주정차중 충돌,안전운전 의무 불이행,교차로,교차로부근,승용차,승용차,야간,4/18/2012,1,수요일,967994,1869781,127.1411036,36.82569051
2012,1,3,1,1,,충청남도,천안시,차대차,측면충돌,측면충돌,안전운전 의무 불이행,교차로,교차로내,승용차,승용차,야간,5/3/2012,1,목요일,965917,1873996,127.1176246,36.8636139
2012,1,1,,,,충청남도,천안시,차대사람,횡단중,횡단중,보행자 보호의무 위반,단일로,횡단보도상,화물차,보행자,야간,5/11/2012,3,금요일,968603,1865763,127.1480982,36.78949046
2012,1,1,,,,충청남도,천안시,차대사람,기타,기타,안전운전 의무 불이행,교차로,교차로내,승용차,보행자,주간,5/14/2012,6,월요일,969601,1866934,127.159237,36.8000791
2012,1,2,,1,,충청남도,천안시,차대사람,횡단중,횡단중,보행자 보호의무 위반,교차로,교차로내,화물차,보행자,야간,5/15/2012,20,화요일,983119,1861111,127.3108973,36.74792398
2012,1,1,,,,충청남도,천안시,차대사람,횡단중,횡단중,신호위반,단일로,횡단보도상,승용차,보행자,주간,5/23/2012,13,금요일,967446,1868726,127.1350039,36.81616149
2012,1,1,,,,충청남도,천안시,차량단독,전도전복,전도전복,안전운전 의무 불이행,단일로,기타단일로,이륜차,없음,주간,5/25/2012,12,일요일,980032,1878814,127.2758516,36.90744987
2012,1,3,1,1,,충청남도,천안시,차량단독,전도전복,전도전복,안전운전 의무 불이행,단일로,기타단일로,승용차,없음,야간,5/30/2012,19,금요일,962311,1854195,127.0781492,36.68498022
2012,1,1,,,,충청남도,천안시,차대사람,기타,기타,안전운전 의무 불이행,단일로,기타단일로,승용차,보행자,야간,6/1/2012,21,일요일,965038,1869529,127.107969,36.82331419
2012,1,12,8,1,2,충청남도,천안시,차량단독,기타,기타,안전운전 의무 불이행,단일로,기타단일로,승합차,없음,주간,6/2/2012,10,월요일,972283,1880012,127.1888256,36.91805321
2012,1,2,,1,,충청남도,천안시,차대차,정면충돌,정면충돌,교차로 통행방법 위반,교차로,교차로내,화물차,화물차,주간,6/12/2012,15,목요일,984421,1863310,127.3254375,36.76776971
2012,1,1,,,,충청남도,천안시,차대사람,기타,기타,안전운전 의무 불이행,단일로,기타단일로,승용차,보행자,야간,6/12/2012,22,목요일,967837,1865176,127.1395377,36.78417319
2012,1,1,,,,충청남도,천안시,차대사람,보도통행중,보도통행중,안전운전 의무 불이행,교차로,교차로부근,화물차,보행자,주간,6/13/2012,15,금요일,966807,1867597,127.1278888,36.80596188
2012,1,1,,,,충청남도,천안시,차대사람,기타,기타,보행자 보호의무 위반,교차로,교차로부근,승용차,보행자,야간,6/14/2012,0,토요일,965122,1868335,127.1089656,36.81255399
2012,1,1,,,,충청남도,천안시,차량단독,공작물충돌,공작물충돌,안전운전 의무 불이행,단일로,기타단일로,원동기장치자전거,없음,주간,6/16/2012,16,월요일,968003,1882887,127.1406512,36.9438339
2012,1,2,,1,,충청남도,천안시,차량단독,전도전복,전도전복,안전운전 의무 불이행,단일로,기타단일로,승용차,없음,야간,6/18/2012,2,수요일,968812,1853041,127.1509602,36.67481274
2012,1,1,,,,충청남도,천안시,차대사람,횡단중,횡단중,보행자 보호의무 위반,단일로,횡단보도상,승합차,보행자,주간,6/18/2012,7,토요일,968821,1868332,127.1504363,36.81265607
2012,1,1,,,,충청남도,천안시,차량단독,기타,기타,안전운전 의무 불이행,교차로,교차로부근,원동기장치자전거,없음,주간,6/18/2012,10,토요일,970030,1883425,127.1633942,36.94875032
2012,1,1,,,,충청남도,천안시,차량단독,도로이탈,도로이탈 추락,안전운전 의무 불이행,기타/불명,기타/불명,원동기장치자전거,없음,주간,6/19/2012,8,일요일,976342,1876234,127.2345109,36.88410712
2012,1,1,,,,충청남도,천안시,차대사람,횡단중,횡단중,안전운전 의무 불이행,교차로,교차로내,승용차,보행자,야간,6/20/2012,19,월요일,967636,1868465,127.1371452,36.81381521
2012,1,2,,1,,충청남도,천안시,차대차,정면충돌,정면충돌,안전운전 의무 불이행,단일로,터널안,승용차,승용차,야간,6/25/2012,2,토요일,971085,1871616,127.1756939,36.84233175
2012,1,1,,,,충청남도,천안시,차대사람,횡단중,횡단중,안전운전 의무 불이행,단일로,기타단일로,승용차,보행자,주간,7/5/2012,10,화요일,968956,1869059,127.1519201,36.81921409
2012,1,2,1,,,충청남도,천안시,차대차,측면충돌,측면충돌,중앙선 침범,단일로,기타단일로,화물차,화물차,야간,7/14/2012,2,목요일,976230,1879424,127.233154,36.91286051
2012,1,1,,,,충청남도,천안시,차대차,기타,기타,안전운전 의무 불이행,교차로,교차로내,화물차,승용차,야간,7/15/2012,2,금요일,974331,1877292,127.211908,36.89359188
2012,1,9,4,4,,충청남도,천안시,차대차,기타,기타,안전운전 의무 불이행,단일로,기타단일로,승합차,승용차,야간,7/16/2012,2,월요일,972308,1877831,127.1891826,36.89839706
2012,1,1,,,,충청남도,천안시,차대사람,횡단중,횡단중,안전운전 의무 불이행,교차로,교차로부근,승합차,보행자,주간,7/24/2012,9,화요일,966196,1875609,127.1206827,36.8781642
2012,1,1,,,,충청남도,천안시,차대차,기타,기타,중앙선 침범,단일로,지하차도(도로)내,원동기장치자전거,승용차,야간,7/24/2012,19,화요일,967971,1871267,127.140783,36.83908529
2012,1,1,,,,충청남도,천안시,차대차,추돌,주정차중 충돌,안전운전 의무 불이행,단일로,터널안,승용차,건설기계,주간,7/25/2012,6,수요일,969525,1869680,127.1582751,36.82483062
2012,1,2,1,,,충청남도,천안시,차량단독,공작물충돌,공작물충돌,안전운전 의무 불이행,단일로,기타단일로,승용차,없음,주간,8/3/2012,8,금요일,980091,1861698,127.2769623,36.7531569
2012,1,1,,,,충청남도,천안시,차량단독,공작물충돌,공작물충돌,안전운전 의무 불이행,단일로,기타단일로,승합차,없음,야간,8/3/2012,18,금요일,987258,1865119,127.3571957,36.78411978
2012,1,1,,,,충청남도,천안시,차대사람,기타,기타,안전운전 의무 불이행,단일로,기타단일로,승합차,보행자,야간,9/4/2012,2,금요일,982614,1862771,127.3052025,36.76287934
2012,1,1,,,,충청남도,천안시,차대사람,횡단중,횡단중,신호위반,교차로,교차로부근,승용차,보행자,야간,9/25/2012,5,월요일,967061,1866758,127.1307725,36.79840755
2012,1,2,,1,,충청남도,천안시,차대사람,횡단중,횡단중,안전운전 의무 불이행,단일로,기타단일로,승용차,보행자,주간,10/5/2012,15,목요일,967366,1866779,127.1341904,36.79860742
2012,1,2,1,,,충청남도,천안시,차대사람,횡단중,횡단중,안전운전 의무 불이행,단일로,기타단일로,승합차,보행자,야간,10/9/2012,19,월요일,969739,1869560,127.1606794,36.82375575
2012,1,1,,,,충청남도,천안시,차대사람,기타,기타,보행자 보호의무 위반,단일로,기타단일로,불명,보행자,주간,10/13/2012,13,금요일,965612,1882226,127.1138292,36.93779116
2012,1,2,1,,,충청남도,천안시,차대사람,보도통행중,보도통행중,신호위반,단일로,횡단보도상,승용차,보행자,야간,10/30/2012,23,수요일,966883,1866517,127.1287878,36.79622884
2012,1,3,1,1,,충청남도,천안시,차대차,측면충돌,측면충돌,안전운전 의무 불이행,단일로,기타단일로,이륜차,승용차,야간,10/31/2012,2,목요일,968626,1869710,127.1481932,36.82507166