사고년도,사망자수,부상자수,중상자수,경상자수,부상신고자수,시도,시군구,사고유형 대분류,사고유형 중분류,사고유형,가해자법규위반,도로형태 대분류,도로형태,가해당사자 종별,피해당사자 종별,주야구분,발생일,발생시간,발생요일,발생위치X좌표 (EPSG 5179),발생위치Y좌표 (EPSG 5179),경도좌표,위도좌표
2012,1,1,,,,충청남도,천안시,차대사람,차도통행중,차도통행중,안전운전 의무 불이행,단일로,기타단일로,승용차,보행자,야간,11/10/2012,20,일요일,970577,1860643,127.1704203,36.74339892
2012,1,1,,,,충청남도,천안시,차량단독,도로이탈,도로이탈 추락,기타,교차로,교차로부근,승용차,없음,주간,11/25/2012,17,목요일,982325,1861667,127.30199,36.75292172
2012,1,1,,,,충청남도,천안시,차량단독,기타,기타,안전운전 의무 불이행,교차로,교차로내,승용차,없음,야간,12/5/2012,4,일요일,965876,1870880,127.1173047,36.83552337
2012,1,1,,,,충청남도,천안시,차대사람,횡단중,횡단중,안전운전 의무 불이행,단일로,횡단보도상,승합차,보행자,주간,12/5/2012,10,일요일,969153,1869027,127.1541303,36.81893207
2012,1,20,16,3,,충청남도,천안시,차대차,추돌,주정차중 충돌,안전운전 의무 불이행,단일로,기타단일로,승합차,화물차,주간,12/17/2012,6,금요일,967276,1883355,127.1324664,36.94802762
2012,1,1,,,,충청남도,천안시,차대사람,차도통행중,차도통행중,안전운전 의무 불이행,교차로,교차로내,승용차,보행자,야간,12/19/2012,19,화요일,985375,1863601,127.3361214,36.77040821
2012,1,1,,,,충청남도,천안시,차대사람,횡단중,횡단중,안전운전 의무 불이행,단일로,기타단일로,화물차,보행자,야간,12/20/2012,18,수요일,965858,1857451,127.1177044,36.71446606
2012,1,1,,,,충청남도,천안시,차대차,측면충돌,측면충돌,안전운전 의무 불이행,단일로,기타단일로,화물차,화물차,야간,12/27/2012,5,수요일,971068,1871275,127.1755151,36.83925457
2012,1,1,,,,충청남도,천안시,차대차,추돌,진행중 추돌,안전운전 의무 불이행,단일로,기타단일로,승용차,승용차,야간,12/28/2012,21,목요일,974027,1879416,127.2084233,36.91273028
2012,1,1,,,,충청남도,천안시,차대사람,기타,기타,안전운전 의무 불이행,단일로,횡단보도부근,승용차,보행자,주간,12/29/2012,7,금요일,975149,1879676,127.2210104,36.91510428
2012,1,2,1,,,충청남도,천안시,차대차,측면충돌,측면충돌,안전운전 의무 불이행,교차로,교차로부근,승합차,승용차,야간,1/9/2013,4,화요일,967176,1867255,127.1320402,36.80289178
2012,1,1,,,,충청남도,청양군,차량단독,공작물충돌,공작물충돌,안전운전 의무 불이행,단일로,기타단일로,승용차,없음,주간,1/16/2012,8,월요일,940016,1832833,126.830281,36.49126831
2012,1,1,,,,충청남도,청양군,차대차,측면충돌,측면충돌,기타,교차로,교차로내,화물차,원동기장치자전거,주간,3/7/2012,15,토요일,937269,1828149,126.7999926,36.44886803
2012,1,10,4,5,,충청남도,청양군,차대차,추돌,진행중 추돌,안전운전 의무 불이행,단일로,기타단일로,승합차,화물차,야간,4/24/2012,23,화요일,948758,1818512,126.9288301,36.36267459
2012,1,1,,,,충청남도,청양군,차대사람,횡단중,횡단중,안전운전 의무 불이행,단일로,기타단일로,화물차,보행자,야간,4/26/2012,20,목요일,937827,1828332,126.8062042,36.45055405
2012,1,4,,3,,충청남도,청양군,차대차,정면충돌,정면충돌,중앙선 침범,단일로,기타단일로,화물차,건설기계,주간,6/7/2012,8,토요일,937162,1830514,126.7986067,36.47018049
2012,1,1,,,,충청남도,청양군,차량단독,전도전복,전도전복,안전운전 의무 불이행,단일로,기타단일로,건설기계,없음,주간,7/7/2012,10,목요일,940660,1822548,126.8382586,36.39859258
2012,1,1,,,,충청남도,청양군,차대차,측면충돌,측면충돌,안전운전 의무 불이행,단일로,기타단일로,승합차,자전거,주간,7/16/2012,14,토요일,953614,1822885,126.9826915,36.40234365
2012,2,3,1,,,충청남도,청양군,차대차,정면충돌,정면충돌,중앙선 침범,단일로,기타단일로,승용차,화물차,주간,8/24/2012,8,월요일,945320,1826583,126.8899383,36.43524393
2012,1,1,,,,충청남도,청양군,차대차,측면충돌,측면충돌,기타,교차로,교차로내,이륜차,화물차,주간,8/27/2012,9,목요일,951340,1823525,126.9572921,36.40800066
2012,1,1,,,,충청남도,청양군,차대사람,길가장자리구역통행중,길가장자리구역통행중,안전운전 의무 불이행,단일로,기타단일로,화물차,보행자,야간,9/20/2012,20,수요일,936808,1826962,126.7949456,36.43813743
2012,1,1,,,,충청남도,청양군,차대차,추돌,진행중 추돌,안전운전 의무 불이행,단일로,기타단일로,승용차,이륜차,주간,10/29/2012,15,화요일,941569,1837017,126.8473025,36.5290814
2012,1,2,1,,,충청남도,청양군,차량단독,전도전복,전도전복,안전운전 의무 불이행,단일로,기타단일로,농기계,없음,주간,11/26/2012,16,금요일,950424,1818907,126.947371,36.36632281
2012,1,1,,,,충청남도,청양군,차량단독,도로이탈,도로이탈 기타,안전운전 의무 불이행,단일로,기타단일로,화물차,없음,주간,1/5/2013,9,금요일,950676,1815618,126.9503884,36.33668545
2012,1,1,,,,충청남도,태안군,차량단독,공작물충돌,공작물충돌,안전운전 의무 불이행,단일로,기타단일로,승용차,없음,야간,1/18/2012,2,수요일,894123,1846409,126.3160998,36.60965565
2012,1,1,,,,충청남도,태안군,차량단독,기타,기타,안전운전 의무 불이행,기타/불명,기타/불명,화물차,없음,주간,1/20/2012,10,금요일,892164,1863087,126.2918498,36.75975324
2012,1,1,,,,충청남도,태안군,차대사람,횡단중,횡단중,안전운전 의무 불이행,단일로,기타단일로,승용차,보행자,주간,2/2/2012,6,목요일,892009,1863010,126.2901245,36.75904161
2012,1,1,,,,충청남도,태안군,차량단독,전도전복,전도전복,안전운전 의무 불이행,기타/불명,기타/불명,이륜차,없음,주간,2/5/2012,17,일요일,889040,1864392,126.2566673,36.77115425
2012,1,1,,,,충청남도,태안군,차대사람,횡단중,횡단중,보행자 보호의무 위반,단일로,횡단보도상,승용차,보행자,주간,2/14/2012,7,화요일,897553,1839206,126.3554052,36.54510794
2012,1,1,,,,충청남도,태안군,차대사람,길가장자리구역통행중,길가장자리구역통행중,안전운전 의무 불이행,단일로,기타단일로,승용차,보행자,야간,3/12/2012,19,목요일,896689,1837495,126.3459831,36.52959314
2012,1,1,,,,충청남도,태안군,차대사람,횡단중,횡단중,안전운전 의무 불이행,단일로,기타단일로,승합차,보행자,주간,3/26/2012,11,금요일,892522,1862469,126.2959469,36.75422398
2012,1,1,,,,충청남도,태안군,차대사람,횡단중,횡단중,안전운전 의무 불이행,기타/불명,기타/불명,승합차,보행자,주간,4/11/2012,9,일요일,892375,1862417,126.2943078,36.75373864
2012,1,1,,,,충청남도,태안군,차대차,기타,기타,기타,단일로,기타단일로,화물차,이륜차,주간,4/24/2012,14,화요일,879306,1865124,126.1475061,36.77656147
2012,1,1,,,,충청남도,태안군,차량단독,도로이탈,도로이탈 추락,안전운전 의무 불이행,단일로,기타단일로,이륜차,없음,주간,5/1/2012,10,화요일,881647,1855867,126.1751674,36.69342888
2012,1,1,,,,충청남도,태안군,차량단독,공작물충돌,공작물충돌,안전운전 의무 불이행,단일로,기타단일로,이륜차,없음,주간,5/8/2012,16,화요일,888430,1879699,126.2475857,36.90903723
2012,1,1,,,,충청남도,태안군,차대사람,기타,기타,안전운전 의무 불이행,단일로,기타단일로,화물차,보행자,야간,5/8/2012,21,화요일,893897,1851435,126.3128784,36.65493011
2012,1,3,,2,,충청남도,태안군,차대차,측면충돌,측면충돌,중앙선 침범,교차로,교차로부근,승용차,이륜차,야간,5/25/2012,23,일요일,897741,1833322,126.3582848,36.49209344
2012,1,1,,,,충청남도,태안군,차대차,기타,기타,안전운전 의무 불이행,단일로,기타단일로,원동기장치자전거,화물차,주간,7/13/2012,14,수요일,893885,1867645,126.3104926,36.80102786
2012,1,1,,,,충청남도,태안군,차대차,정면충돌,정면충돌,중앙선 침범,단일로,기타단일로,이륜차,승용차,주간,8/23/2012,12,일요일,888529,1863654,126.2510505,36.76444296
2012,1,3,2,,,충청남도,태안군,차대사람,기타,기타,안전운전 의무 불이행,단일로,기타단일로,승용차,보행자,주간,8/28/2012,9,금요일,894974,1843409,126.3260235,36.58270676
2012,1,1,,,,충청남도,태안군,차대사람,차도통행중,차도통행중,안전운전 의무 불이행,단일로,기타단일로,승용차,보행자,야간,9/3/2012,19,목요일,886290,1871151,126.22485,36.83174371
2012,1,1,,,,충청남도,태안군,차대차,측면충돌,측면충돌,안전운전 의무 불이행,단일로,기타단일로,승합차,이륜차,야간,9/17/2012,22,일요일,882134,1856361,126.1805414,36.69794159
2012,1,1,,,,충청남도,태안군,차대차,기타,기타,안전운전 의무 불이행,단일로,기타단일로,승용차,승용차,야간,10/22/2012,18,화요일,898118,1848096,126.3605393,36.62529636
2012,1,1,,,,충청남도,태안군,차대사람,기타,기타,안전운전 의무 불이행,단일로,기타단일로,화물차,보행자,주간,11/9/2012,14,토요일,891574,1863757,126.2851458,36.76572449
2012,1,1,,,,충청남도,태안군,차대차,기타,기타,안전운전 의무 불이행,교차로,교차로내,원동기장치자전거,화물차,주간,11/20/2012,13,토요일,892748,1862048,126.2985374,36.75045517
2012,1,2,1,,,충청남도,태안군,차량단독,공작물충돌,공작물충돌,안전운전 의무 불이행,단일로,기타단일로,승용차,없음,야간,12/5/2012,3,일요일,896396,1835762,126.3429435,36.51394136
2012,1,1,,,,충청남도,태안군,차대사람,횡단중,횡단중,안전운전 의무 불이행,단일로,기타단일로,화물차,보행자,주간,1/6/2013,17,토요일,891872,1854766,126.2897564,36.68472419
2012,1,1,,,,충청남도,홍성군,차량단독,도로이탈,도로이탈 추락,안전운전 의무 불이행,단일로,교량위,원동기장치자전거,없음,야간,1/29/2012,20,일요일,931814,1847704,126.7373966,36.62477087
2012,2,8,5,1,,충청남도,홍성군,차대차,기타,기타,중앙선 침범,단일로,기타단일로,승합차,승용차,야간,3/22/2012,20,월요일,924278,1845594,126.6533286,36.60518205
2012,1,3,1,1,,충청남도,홍성군,차대차,측면충돌,측면충돌,교차로 통행방법 위반,교차로,교차로내,화물차,승합차,주간,3/24/2012,17,수요일,916845,1836053,126.5712575,36.51856096
2012,2,3,,1,,충청남도,홍성군,차대차,추돌,진행중 추돌,기타,단일로,기타단일로,화물차,승용차,주간,3/28/2012,10,일요일,920177,1843539,126.6076923,36.58632381
2012,1,2,1,,,충청남도,홍성군,차대차,측면충돌,측면충돌,기타,교차로,교차로부근,원동기장치자전거,승용차,주간,4/28/2012,9,토요일,923590,1840095,126.6461827,36.55555882
2012,1,1,,,,충청남도,홍성군,차대사람,차도통행중,차도통행중,안전운전 의무 불이행,단일로,기타단일로,승용차,보행자,야간,4/29/2012,1,일요일,920931,1834533,126.6170439,36.50520611
2012,1,2,1,,,충청남도,홍성군,차대사람,횡단중,횡단중,과속,교차로,교차로내,화물차,보행자,야간,5/4/2012,2,금요일,924442,1842913,126.6554256,36.58102835
2012,1,1,,,,충청남도,홍성군,차대차,기타,기타,교차로 통행방법 위반,교차로,교차로내,원동기장치자전거,화물차,주간,5/25/2012,10,일요일,912463,1847472,126.5210237,36.62109807
2012,1,1,,,,충청남도,홍성군,차대차,측면충돌,측면충돌,안전운전 의무 불이행,교차로,교차로내,이륜차,승용차,주간,6/6/2012,9,금요일,932048,1848413,126.7399507,36.63117866
2012,1,1,,,,충청남도,홍성군,차대차,측면충돌,측면충돌,교차로 통행방법 위반,교차로,교차로내,화물차,원동기장치자전거,주간,6/18/2012,15,수요일,925740,1845173,126.6697148,36.60150213
2012,1,1,,,,충청남도,홍성군,차량단독,공작물충돌,공작물충돌,안전운전 의무 불이행,단일로,기타단일로,승합차,없음,주간,7/4/2012,16,월요일,923754,1842234,126.6478033,36.57485307
2012,1,1,,,,충청남도,홍성군,차량단독,전도전복,전도전복,안전운전 의무 불이행,단일로,기타단일로,농기계,없음,주간,7/11/2012,12,월요일,922134,1834174,126.6305124,36.5020687
2012,1,1,,,,충청남도,홍성군,차량단독,기타,기타,안전운전 의무 불이행,단일로,교량위,자전거,없음,야간,7/12/2012,18,화요일,915665,1838591,126.5578024,36.54133496
2012,1,1,,,,충청남도,홍성군,차대사람,기타,기타,안전운전 의무 불이행,단일로,기타단일로,승용차,보행자,야간,8/12/2012,1,일요일,923785,1840801,126.6482916,36.56193836
2012,1,1,,,,충청남도,홍성군,차대사람,기타,기타,안전운전 의무 불이행,단일로,기타단일로,승용차,보행자,야간,9/7/2012,4,월요일,923435,1839846,126.6444756,36.55330189
2012,1,1,,,,충청남도,홍성군,차대차,기타,기타,교차로 통행방법 위반,교차로,교차로내,화물차,이륜차,주간,9/8/2012,9,화요일,924589,1843832,126.6569785,36.58932392
2012,1,1,,,,충청남도,홍성군,차대사람,횡단중,횡단중,과속,교차로,교차로내,특수차,보행자,야간,9/17/2012,18,목요일,924238,1844981,126.6529419,36.59965326
2012,1,1,,,,충청남도,홍성군,차대차,측면충돌,측면충돌,교차로 통행방법 위반,교차로,교차로내,이륜차,화물차,주간,9/21/2012,16,목요일,914587,1836869,126.5459511,36.52571729
2012,1,1,,,,충청남도,홍성군,차대사람,차도통행중,차도통행중,안전운전 의무 불이행,단일로,기타단일로,승용차,보행자,야간,11/2/2012,18,토요일,934368,1836109,126.7669474,36.52042902
2012,1,1,,,,충청남도,홍성군,차대사람,차도통행중,차도통행중,안전운전 의무 불이행,단일로,기타단일로,승용차,보행자,야간,11/19/2012,22,금요일,926567,1844116,126.6790614,36.59203827
2012,1,1,,,,충청남도,홍성군,차대차,측면충돌,측면충돌,신호위반,교차로,교차로내,원동기장치자전거,승용차,주간,12/16/2012,14,목요일,924242,1844820,126.6530024,36.59820232
2012,1,1,,,,충청남도,홍성군,차량단독,전도전복,전도전복,안전운전 의무 불이행,단일로,기타단일로,승용차,없음,야간,12/17/2012,1,금요일,928245,1850918,126.6971832,36.65348001
2012,1,1,,,,충청남도,홍성군,차대사람,길가장자리구역통행중,길가장자리구역통행중,안전운전 의무 불이행,단일로,기타단일로,승용차,보행자,주간,12/30/2012,9,토요일,930640,1843165,126.7246771,36.58377065
2012,1,2,1,,,충청북도,괴산군,차대차,추돌,진행중 추돌,안전운전 의무 불이행,단일로,기타단일로,화물차,화물차,야간,1/28/2012,2,토요일,1062637,1895010,128.2044424,37.05156533
2012,1,1,,,,충청북도,괴산군,차량단독,공작물충돌,공작물충돌,안전운전 의무 불이행,단일로,기타단일로,특수차,없음,주간,2/14/2012,9,화요일,1034410,1874432,127.886066,36.86753503
2012,2,2,,,,충청북도,괴산군,차량단독,도로이탈,도로이탈 기타,안전운전 의무 불이행,단일로,기타단일로,화물차,없음,주간,2/24/2012,11,월요일,1034070,1864887,127.8818203,36.78150581
2012,1,2,1,,,충청북도,괴산군,차대차,정면충돌,정면충돌,중앙선 침범,단일로,기타단일로,화물차,화물차,야간,5/11/2012,21,금요일,1022616,1871111,127.7536432,36.83795111
2012,1,1,,,,충청북도,괴산군,차량단독,전도전복,전도전복,안전운전 의무 불이행,단일로,기타단일로,원동기장치자전거,없음,주간,5/13/2012,12,일요일,1036198,1875223,127.9061604,36.87460038
2012,1,3,1,1,,충청북도,괴산군,차량단독,전도전복,전도전복,안전운전 의무 불이행,단일로,기타단일로,승용차,없음,야간,5/25/2012,21,일요일,1045072,1862069,128.0049512,36.75563809
2012,1,1,,,,충청북도,괴산군,차량단독,도로이탈,도로이탈 추락,안전운전 의무 불이행,단일로,기타단일로,승용차,없음,야간,6/14/2012,18,토요일,1021448,1873835,127.7406209,36.86253405
2012,1,2,1,,,충청북도,괴산군,차대차,정면충돌,정면충돌,중앙선 침범,단일로,기타단일로,승용차,건설기계,주간,7/9/2012,14,토요일,1033616,1868689,127.8769048,36.8157908
2012,1,1,,,,충청북도,괴산군,차량단독,도로이탈,도로이탈 추락,안전운전 의무 불이행,단일로,교량위,승용차,없음,야간,7/13/2012,20,수요일,1031749,1874668,127.8562201,36.86975657
2012,1,1,,,,충청북도,괴산군,차대차,측면충돌,측면충돌,기타,교차로,교차로내,특수차,농기계,주간,7/17/2012,13,일요일,1022135,1848378,127.7475898,36.63303025
2012,1,1,,,,충청북도,괴산군,차대차,정면충돌,정면충돌,중앙선 침범,단일로,기타단일로,화물차,이륜차,주간,7/18/2012,15,수요일,1031534,1870605,127.853638,36.83313433
2012,1,2,1,,,충청북도,괴산군,차대차,측면충돌,측면충돌,안전거리 미확보,단일로,횡단보도부근,승용차,승용차,야간,8/1/2012,18,수요일,1026013,1867381,127.7916088,36.80423754
2012,1,1,,,,충청북도,괴산군,차량단독,도로이탈,도로이탈 추락,안전운전 의무 불이행,단일로,기타단일로,화물차,없음,주간,8/3/2012,10,금요일,1030278,1865621,127.8393578,36.78825042
2012,2,2,,,,충청북도,괴산군,차량단독,전도전복,전도전복,안전운전 의무 불이행,단일로,기타단일로,화물차,없음,주간,8/8/2012,6,수요일,1019110,1859333,127.7140264,36.73185524
2012,1,1,,,,충청북도,괴산군,차대차,정면충돌,정면충돌,안전운전 의무 불이행,단일로,기타단일로,승합차,원동기장치자전거,주간,8/14/2012,13,화요일,1018144,1861195,127.7032528,36.7486579
2012,1,2,1,,,충청북도,괴산군,차대차,추돌,진행중 추돌,안전운전 의무 불이행,단일로,기타단일로,이륜차,자전거,야간,8/21/2012,20,금요일,1040377,1872764,127.9529257,36.85226276
2012,1,5,2,2,,충청북도,괴산군,차대차,측면충돌,측면충돌,안전운전 의무 불이행,단일로,터널안,승용차,승용차,주간,9/23/2012,15,토요일,1042444,1867131,127.975791,36.80139146
2012,1,1,,,,충청북도,괴산군,차량단독,기타,기타,안전운전 의무 불이행,단일로,기타단일로,이륜차,없음,주간,9/27/2012,16,수요일,1040761,1871892,127.9571761,36.84438397
2012,1,1,,,,충청북도,괴산군,차대사람,기타,기타,안전운전 의무 불이행,단일로,기타단일로,화물차,보행자,주간,10/5/2012,12,목요일,1038604,1874072,127.9331,36.8641241
2012,2,3,,,1,충청북도,괴산군,차대차,측면충돌,측면충돌,안전운전 의무 불이행,단일로,기타단일로,승용차,농기계,주간,10/23/2012,7,수요일,1027040,1877652,127.8034941,36.89679968
2012,1,2,,1,,충청북도,괴산군,차대차,추돌,진행중 추돌,안전운전 의무 불이행,단일로,기타단일로,화물차,화물차,주간,10/30/2012,17,수요일,1045132,1861368,128.0055807,36.74931611
2012,1,1,,,,충청북도,괴산군,차대사람,횡단중,횡단중,안전운전 의무 불이행,단일로,기타단일로,승용차,보행자,야간,11/13/2012,18,수요일,1029209,1866733,127.827416,36.79830464
2012,1,1,,,,충청북도,괴산군,차대사람,횡단중,횡단중,안전운전 의무 불이행,단일로,기타단일로,승용차,보행자,야간,12/6/2012,20,월요일,1026080,1867529,127.7923717,36.80556804
2012,1,1,,,,충청북도,괴산군,차대사람,차도통행중,차도통행중,안전운전 의무 불이행,단일로,기타단일로,승용차,보행자,야간,12/6/2012,22,월요일,1013247,1868824,127.6485307,36.81751592
2012,1,1,,,,충청북도,괴산군,차량단독,기타,기타,중앙선 침범,단일로,기타단일로,화물차,없음,야간,12/17/2012,22,금요일,1020730,1856878,127.7321066,36.70969174
2012,1,1,,,,충청북도,단양군,차대사람,횡단중,횡단중,안전운전 의무 불이행,단일로,기타단일로,화물차,보행자,주간,5/22/2012,11,목요일,1078135,1896937,128.3789287,37.06777368
2012,1,1,,,,충청북도,단양군,차대차,정면충돌,정면충돌,교차로 통행방법 위반,교차로,교차로내,특수차,원동기장치자전거,주간,7/5/2012,11,화요일,1087707,1897755,128.4866822,37.07430147
2012,1,2,1,,,충청북도,단양군,차량단독,도로이탈,도로이탈 기타,안전운전 의무 불이행,단일로,기타단일로,승용차,없음,야간,7/25/2012,22,수요일,1081571,1896005,128.4174741,37.05908073
2012,1,1,,,,충청북도,단양군,차대사람,횡단중,횡단중,안전운전 의무 불이행,단일로,기타단일로,승용차,보행자,야간,10/25/2012,23,금요일,1075219,1887293,128.3451668,36.98108778
2012,1,1,,,,충청북도,보은군,차대사람,보도통행중,보도통행중,안전운전 의무 불이행,단일로,교량위,화물차,보행자,야간,4/11/2012,2,일요일,1019974,1831475,127.7229788,36.48069421
2012,1,1,,,,충청북도,보은군,차대사람,기타,기타,안전운전 의무 불이행,단일로,기타단일로,화물차,보행자,주간,4/17/2012,10,토요일,1014577,1842163,127.6629305,36.57715047
2012,1,1,,,,충청북도,보은군,차대차,기타,기타,안전운전 의무 불이행,단일로,기타단일로,화물차,이륜차,주간,4/30/2012,13,월요일,1026256,1829416,127.7930329,36.46197955
2012,1,1,,,,충청북도,보은군,차량단독,전도전복,전도전복,안전운전 의무 불이행,단일로,기타단일로,이륜차,없음,주간,5/14/2012,12,월요일,1017531,1826457,127.695594,36.43550648
2012,1,5,4,,,충청북도,보은군,차량단독,공작물충돌,공작물충돌,안전운전 의무 불이행,단일로,기타단일로,화물차,없음,야간,6/19/2012,18,목요일,1022692,1823343,127.7530895,36.40732666
2012,1,1,,,,충청북도,보은군,차량단독,전도전복,전도전복,안전운전 의무 불이행,단일로,기타단일로,승용차,없음,주간,6/29/2012,13,수요일,1032732,1827815,127.8652494,36.44735337
2012,1,1,,,,충청북도,보은군,차대사람,차도통행중,차도통행중,안전운전 의무 불이행,단일로,기타단일로,승합차,보행자,야간,7/7/2012,23,목요일,1017640,1831494,127.6969294,36.48091313
2012,1,2,1,,,충청북도,보은군,차대사람,보도통행중,보도통행중,안전운전 의무 불이행,단일로,기타단일로,원동기장치자전거,보행자,야간,7/28/2012,5,토요일,1019822,1832812,127.7213196,36.4927497
2012,2,3,1,,,충청북도,보은군,차대차,측면충돌,측면충돌,안전운전 의무 불이행,단일로,기타단일로,화물차,화물차,야간,9/3/2012,23,목요일,1008575,1833414,127.5957444,36.4983482
2012,1,1,,,,충청북도,보은군,차량단독,공작물충돌,공작물충돌,안전운전 의무 불이행,단일로,터널안,승용차,없음,야간,10/13/2012,0,금요일,1018784,1838067,127.7098502,36.54014502
2012,1,1,,,,충청북도,보은군,차대차,추돌,진행중 추돌,안전운전 의무 불이행,단일로,기타단일로,승용차,농기계,주간,12/9/2012,8,목요일,1026651,1835416,127.7976494,36.51606275
2012,1,1,,,,충청북도,보은군,차대사람,차도통행중,차도통행중,안전운전 의무 불이행,단일로,기타단일로,승용차,보행자,야간,12/13/2012,21,월요일,1022714,1834028,127.7536439,36.50365051
2012,1,6,2,3,,충청북도,보은군,차대차,정면충돌,정면충돌,중앙선 침범,단일로,기타단일로,승용차,승용차,주간,1/1/2013,10,월요일,1028374,1836406,127.8169313,36.52493985
2012,1,1,,,,충청북도,영동군,차대사람,기타,기타,안전운전 의무 불이행,교차로,교차로내,화물차,보행자,주간,3/15/2012,14,일요일,1024060,1796520,127.7675145,36.16547113
2012,1,1,,,,충청북도,영동군,차대사람,기타,기타,안전운전 의무 불이행,단일로,기타단일로,화물차,보행자,주간,5/3/2012,17,목요일,1045063,1802409,128.0013736,36.21781555
2012,1,1,,,,충청북도,영동군,차량단독,공작물충돌,공작물충돌,안전운전 의무 불이행,단일로,기타단일로,승용차,없음,야간,5/7/2012,3,월요일,1040606,1801820,127.9517537,36.2127003
2012,1,1,,,,충청북도,영동군,차대차,측면충돌,측면충돌,중앙선 침범,단일로,기타단일로,원동기장치자전거,승용차,주간,6/6/2012,17,금요일,1011848,1796085,127.6317287,36.16177207
2012,1,1,,,,충청북도,영동군,차대차,추돌,진행중 추돌,안전운전 의무 불이행,단일로,기타단일로,승용차,농기계,야간,6/26/2012,22,일요일,1037971,1803344,127.9225087,36.22655131
2012,1,1,,,,충청북도,영동군,차대사람,기타,기타,안전운전 의무 불이행,단일로,기타단일로,화물차,보행자,야간,8/29/2012,20,토요일,1019572,1790703,127.7174718,36.11313077
2012,1,4,3,,,충청북도,영동군,차대차,추돌,진행중 추돌,안전운전 의무 불이행,기타/불명,기타/불명,승용차,농기계,주간,9/20/2012,13,수요일,1035202,1802102,127.8916466,36.21545269
2012,1,1,,,,충청북도,영동군,차대사람,기타,기타,안전운전 의무 불이행,기타/불명,기타/불명,승용차,보행자,야간,11/1/2012,18,금요일,1019880,1803428,127.7212185,36.22784466
2012,1,2,1,,,충청북도,영동군,차대차,정면충돌,정면충돌,중앙선 침범,단일로,기타단일로,승용차,화물차,야간,11/23/2012,18,화요일,1035805,1802428,127.8983713,36.21837136
2012,1,1,,,,충청북도,옥천군,차대차,추돌,주정차중 충돌,안전운전 의무 불이행,단일로,기타단일로,승용차,화물차,주간,1/20/2012,10,금요일,1021321,1808385,127.7373781,36.27250284
2012,1,1,,,,충청북도,옥천군,차대사람,차도통행중,차도통행중,안전운전 의무 불이행,단일로,기타단일로,화물차,보행자,야간,4/16/2012,0,월요일,1011488,1806181,127.6278697,36.2527971
2012,1,1,,,,충청북도,옥천군,차대차,측면충돌,측면충돌,안전운전 의무 불이행,교차로,교차로내,원동기장치자전거,승용차,야간,7/1/2012,20,금요일,1005613,1812334,127.5625226,36.3083261
2012,1,2,1,,,충청북도,옥천군,차대차,측면충돌,측면충돌,교차로 통행방법 위반,교차로,교차로내,승용차,화물차,주간,7/18/2012,11,수요일,1026284,1816309,127.792905,36.34381722
2012,1,1,,,,충청북도,옥천군,차대사람,기타,기타,안전운전 의무 불이행,단일로,기타단일로,화물차,보행자,주간,10/12/2012,15,목요일,1002744,1815253,127.530571,36.33465196
2012,1,2,1,,,충청북도,옥천군,차대차,추돌,진행중 추돌,안전운전 의무 불이행,단일로,기타단일로,승용차,농기계,야간,10/28/2012,18,월요일,1014418,1805099,127.6604624,36.2430111
2012,1,1,,,,충청북도,옥천군,차대차,추돌,주정차중 충돌,안전운전 의무 불이행,단일로,기타단일로,이륜차,화물차,야간,11/11/2012,21,월요일,1006466,1811613,127.5720159,36.30181699
2012,1,2,1,,,충청북도,옥천군,차량단독,기타,기타,안전운전 의무 불이행,교차로,교차로내,승용차,없음,주간,11/21/2012,10,일요일,1009414,1820896,127.6049617,36.38548907
2012,1,1,,,,충청북도,옥천군,차대차,측면충돌,측면충돌,안전운전 의무 불이행,교차로,교차로부근,화물차,이륜차,주간,12/7/2012,7,화요일,1006023,1810994,127.5670792,36.29624288
2012,1,1,,,,충청북도,옥천군,차대사람,길가장자리구역통행중,길가장자리구역통행중,안전운전 의무 불이행,단일로,기타단일로,농기계,보행자,주간,12/10/2012,15,금요일,1005041,1813649,127.5561552,36.3201837
2012,1,1,,,,충청북도,옥천군,차대사람,길가장자리구역통행중,길가장자리구역통행중,안전운전 의무 불이행,단일로,기타단일로,화물차,보행자,주간,1/13/2013,9,토요일,1011251,1810594,127.6252941,36.29258715
2012,1,3,2,,,충청북도,음성군,차대차,측면충돌,측면충돌,신호위반,교차로,교차로내,승용차,화물차,주간,1/18/2012,10,수요일,1009034,1887981,127.60152,36.9902539
2012,1,4,3,,,충청북도,음성군,차대차,측면충돌,측면충돌,안전운전 의무 불이행,단일로,기타단일로,화물차,승용차,주간,1/29/2012,17,일요일,999985,1885335,127.4998337,36.96644414
2012,1,2,,1,,충청북도,음성군,차대차,추돌,진행중 추돌,안전운전 의무 불이행,단일로,기타단일로,화물차,화물차,야간,2/4/2012,2,토요일,1013901,1904022,127.6565074,37.13479653
2012,1,1,,,,충청북도,음성군,차량단독,도로이탈,도로이탈 추락,안전운전 의무 불이행,단일로,기타단일로,승용차,없음,야간,2/7/2012,5,화요일,1016119,1877888,127.6809224,36.89917247
2012,1,1,,,,충청북도,음성군,차량단독,공작물충돌,공작물충돌,안전운전 의무 불이행,단일로,기타단일로,승용차,없음,야간,2/26/2012,23,수요일,995946,1887476,127.4544457,36.98573627
2012,1,1,,,,충청북도,음성군,차대사람,횡단중,횡단중,안전운전 의무 불이행,단일로,기타단일로,화물차,보행자,야간,2/28/2012,21,금요일,999856,1885301,127.4983823,36.96613853
2012,1,1,,,,충청북도,음성군,차대사람,횡단중,횡단중,안전운전 의무 불이행,단일로,기타단일로,화물차,보행자,야간,2/29/2012,19,토요일,1012467,1884494,127.6400351,36.95877948