사고년도,사망자수,부상자수,중상자수,경상자수,부상신고자수,시도,시군구,사고유형 대분류,사고유형 중분류,사고유형,가해자법규위반,도로형태 대분류,도로형태,가해당사자 종별,피해당사자 종별,주야구분,발생일,발생시간,발생요일,발생위치X좌표 (EPSG 5179),발생위치Y좌표 (EPSG 5179),경도좌표,위도좌표
2012,1,12,10,1,,충청북도,음성군,차대차,추돌,진행중 추돌,안전운전 의무 불이행,단일로,기타단일로,승합차,화물차,야간,3/5/2012,5,목요일,1013634,1904506,127.6535146,37.13915612
2012,1,2,1,,,충청북도,음성군,차대차,추돌,진행중 추돌,안전운전 의무 불이행,단일로,기타단일로,이륜차,이륜차,주간,3/28/2012,16,일요일,1013322,1902209,127.6499586,37.1184586
2012,1,1,,,,충청북도,음성군,차대사람,기타,기타,안전운전 의무 불이행,단일로,기타단일로,승용차,보행자,야간,3/30/2012,21,화요일,1008889,1891186,127.599925,37.01914917
2012,1,3,2,,,충청북도,음성군,차량단독,공작물충돌,공작물충돌,안전운전 의무 불이행,단일로,기타단일로,승용차,없음,야간,4/10/2012,5,토요일,1013196,1901992,127.6485319,37.11650611
2012,1,2,,1,,충청북도,음성군,차량단독,공작물충돌,공작물충돌,안전운전 의무 불이행,단일로,기타단일로,화물차,없음,주간,5/1/2012,16,화요일,1018837,1875646,127.7113783,36.8789133
2012,1,5,3,1,,충청북도,음성군,차량단독,공작물충돌,공작물충돌,안전운전 의무 불이행,단일로,기타단일로,승용차,없음,야간,5/2/2012,18,수요일,1009111,1894351,127.6024646,37.0476784
2012,1,1,,,,충청북도,음성군,차대차,추돌,진행중 추돌,교차로 통행방법 위반,교차로,교차로내,화물차,승용차,야간,5/5/2012,19,토요일,1005329,1885924,127.5598647,36.97173677
2012,1,4,,3,,충청북도,음성군,차대차,정면충돌,정면충돌,중앙선 침범,단일로,기타단일로,화물차,화물차,야간,5/24/2012,20,토요일,1003248,1883313,127.5364795,36.94821213
2012,1,1,,,,충청북도,음성군,차대사람,기타,기타,안전운전 의무 불이행,단일로,기타단일로,승용차,보행자,야간,5/28/2012,23,수요일,1016142,1902034,127.681699,37.11683671
2012,1,1,,,,충청북도,음성군,차량단독,전도전복,전도전복,안전운전 의무 불이행,단일로,기타단일로,화물차,없음,야간,5/30/2012,22,금요일,1012642,1873663,127.6418245,36.86114428
2012,1,1,,,,충청북도,음성군,차대차,추돌,진행중 추돌,안전운전 의무 불이행,단일로,기타단일로,화물차,원동기장치자전거,주간,7/6/2012,6,수요일,1005679,1887072,127.5638112,36.98208963
2012,1,2,1,,,충청북도,음성군,차량단독,공작물충돌,공작물충돌,안전운전 의무 불이행,단일로,기타단일로,이륜차,없음,야간,7/12/2012,3,화요일,1016569,1881322,127.6860473,36.93012141
2012,1,1,,,,충청북도,음성군,차량단독,도로이탈,도로이탈 추락,안전운전 의무 불이행,단일로,기타단일로,이륜차,없음,주간,7/16/2012,13,월요일,1013343,1902244,127.6501956,37.1187738
2012,1,1,,,,충청북도,음성군,차대차,측면충돌,측면충돌,교차로 통행방법 위반,교차로,교차로내,화물차,원동기장치자전거,주간,7/31/2012,11,화요일,1019723,1881049,127.7214586,36.9275979
2012,1,1,,,,충청북도,음성군,차대사람,기타,기타,안전운전 의무 불이행,교차로,교차로부근,승용차,보행자,야간,8/1/2012,20,수요일,1001327,1886055,127.5149111,36.97293452
2012,1,1,,,,충청북도,음성군,차대차,기타,기타,기타,교차로,교차로내,승용차,이륜차,주간,8/24/2012,13,월요일,999829,1891240,127.498081,37.01967169
2012,1,5,1,3,,충청북도,음성군,차대차,기타,기타,안전운전 의무 불이행,단일로,기타단일로,승용차,승용차,주간,8/31/2012,12,월요일,1000920,1891874,127.5103444,37.02539179
2012,1,1,,,,충청북도,음성군,차대사람,기타,기타,안전운전 의무 불이행,단일로,기타단일로,승합차,보행자,주간,9/2/2012,16,수요일,999696,1891157,127.4965836,37.01892887
2012,1,1,,,,충청북도,음성군,차대차,추돌,진행중 추돌,안전운전 의무 불이행,단일로,기타단일로,화물차,자전거,주간,9/10/2012,15,목요일,1010854,1898256,127.6221227,37.08285983
2012,1,7,2,4,,충청북도,음성군,차대차,측면충돌,측면충돌,신호위반,교차로,교차로내,승용차,화물차,주간,9/17/2012,8,일요일,1008048,1887640,127.5904361,36.98718893
2012,1,3,,2,,충청북도,음성군,차량단독,공작물충돌,공작물충돌,안전운전 의무 불이행,교차로,교차로내,승용차,없음,야간,10/2/2012,22,월요일,1005755,1887059,127.564665,36.98196837
2012,2,3,1,,,충청북도,음성군,차대차,정면충돌,정면충돌,안전운전 의무 불이행,단일로,기타단일로,승용차,화물차,야간,10/3/2012,18,화요일,1020143,1880995,127.7261663,36.92710585
2012,1,1,,,,충청북도,음성군,차대차,추돌,진행중 추돌,안전운전 의무 불이행,단일로,기타단일로,특수차,이륜차,야간,10/12/2012,19,목요일,1006564,1882260,127.5737124,36.93870167
2012,1,1,,,,충청북도,음성군,차대차,기타,기타,기타,단일로,기타단일로,원동기장치자전거,승용차,주간,10/15/2012,17,일요일,1012598,1901701,127.6418004,37.1138876
2012,1,4,3,,,충청북도,음성군,차량단독,공작물충돌,공작물충돌,안전운전 의무 불이행,단일로,횡단보도부근,화물차,없음,주간,10/15/2012,6,화요일,1008676,1888887,127.5975073,36.99842434
2012,1,1,,,,충청북도,음성군,차량단독,공작물충돌,공작물충돌,중앙선 침범,단일로,기타단일로,화물차,없음,주간,10/24/2012,8,목요일,997791,1886218,127.4751769,36.97440313
2012,1,1,,,,충청북도,음성군,차대사람,보도통행중,보도통행중,안전운전 의무 불이행,단일로,기타단일로,화물차,보행자,야간,10/24/2012,19,목요일,1003439,1893729,127.5386677,37.04210581
2012,1,1,,,,충청북도,음성군,차량단독,도로이탈,도로이탈 추락,안전운전 의무 불이행,단일로,기타단일로,이륜차,없음,주간,10/28/2012,17,월요일,998060,1886959,127.4782052,36.98108524
2012,1,1,,,,충청북도,음성군,차대차,기타,기타,중앙선 침범,단일로,기타단일로,원동기장치자전거,화물차,주간,11/1/2012,14,금요일,1000058,1887394,127.5006574,36.98501033
2012,1,1,,,,충청북도,음성군,차대사람,횡단중,횡단중,보행자 보호의무 위반,교차로,교차로내,화물차,보행자,주간,11/9/2012,16,토요일,1008782,1887983,127.598687,36.99027251
2012,1,1,,,,충청북도,음성군,차대차,추돌,진행중 추돌,안전운전 의무 불이행,단일로,기타단일로,화물차,화물차,주간,12/2/2012,10,목요일,997491,1883015,127.4718193,36.94552536
2012,1,1,,,,충청북도,음성군,차량단독,공작물충돌,공작물충돌,안전운전 의무 불이행,단일로,기타단일로,승용차,없음,주간,12/20/2012,10,수요일,1010955,1872801,127.6228931,36.85339474
2012,1,1,,,,충청북도,음성군,차대사람,횡단중,횡단중,안전운전 의무 불이행,교차로,교차로내,승합차,보행자,주간,12/29/2012,10,금요일,1012711,1901701,127.6430723,37.11388787
2012,1,2,,1,,충청북도,음성군,차량단독,전도전복,전도전복,안전운전 의무 불이행,단일로,기타단일로,승용차,없음,야간,1/15/2013,2,월요일,1012432,1884764,127.6396554,36.96122015
2012,1,1,,,,충청북도,제천시,차대사람,기타,기타,안전운전 의무 불이행,단일로,기타단일로,화물차,보행자,야간,2/2/2012,22,목요일,1062154,1905311,128.1998643,37.14445384
2012,1,2,1,,,충청북도,제천시,차량단독,전도전복,전도전복,안전운전 의무 불이행,단일로,기타단일로,승용차,없음,주간,2/15/2012,17,수요일,1068801,1909965,128.2751413,37.18593368
2012,1,1,,,,충청북도,제천시,차량단독,공작물충돌,공작물충돌,안전운전 의무 불이행,단일로,기타단일로,승용차,없음,야간,3/12/2012,2,목요일,1056658,1904819,128.1379433,37.14036567
2012,1,2,,1,,충청북도,제천시,차대차,측면충돌,측면충돌,기타,교차로,교차로내,승용차,화물차,주간,3/28/2012,10,일요일,1062666,1898308,128.2050515,37.08129306
2012,1,1,,,,충청북도,제천시,차대사람,기타,기타,안전운전 의무 불이행,교차로,교차로내,화물차,보행자,주간,4/12/2012,16,월요일,1045792,1904839,128.0156034,37.14114036
2012,1,1,,,,충청북도,제천시,차대사람,횡단중,횡단중,안전운전 의무 불이행,단일로,기타단일로,화물차,보행자,야간,5/21/2012,21,수요일,1054038,1904087,128.1083929,37.13391822
2012,1,1,,,,충청북도,제천시,차대사람,횡단중,횡단중,안전운전 의무 불이행,단일로,기타단일로,화물차,보행자,주간,5/27/2012,11,화요일,1064649,1902168,128.2276864,37.11595068
2012,2,4,1,1,,충청북도,제천시,차대차,정면충돌,정면충돌,중앙선 침범,단일로,기타단일로,승합차,화물차,주간,6/3/2012,14,화요일,1053974,1904093,128.1076807,37.13397776
2012,1,4,3,,,충청북도,제천시,차대차,측면충돌,측면충돌,중앙선 침범,단일로,기타단일로,승용차,화물차,주간,6/25/2012,12,토요일,1058438,1882440,128.1562504,36.93853591
2012,1,1,,,,충청북도,제천시,차대차,측면충돌,측면충돌,안전운전 의무 불이행,교차로,교차로내,승합차,자전거,야간,6/25/2012,22,토요일,1062208,1901367,128.2001459,37.10889625
2012,1,1,,,,충청북도,제천시,차대사람,기타,기타,안전운전 의무 불이행,단일로,기타단일로,화물차,보행자,주간,7/1/2012,13,일요일,1062223,1903842,128.2005191,37.13120835
2012,1,1,,,,충청북도,제천시,차대차,추돌,주정차중 충돌,안전운전 의무 불이행,단일로,기타단일로,승용차,화물차,야간,7/9/2012,22,토요일,1061390,1906570,128.1913688,37.15585235
2012,1,6,2,3,,충청북도,제천시,차대차,측면충돌,측면충돌,기타,교차로,교차로내,화물차,승용차,주간,7/11/2012,14,월요일,1058275,1905287,128.1561923,37.14447832
2012,1,1,,,,충청북도,제천시,차대사람,기타,기타,안전운전 의무 불이행,단일로,기타단일로,승용차,보행자,주간,8/15/2012,12,수요일,1064135,1903534,128.2220237,37.12829669
2012,1,3,,2,,충청북도,제천시,차대차,측면충돌,측면충돌,안전운전 의무 불이행,교차로,교차로부근,승용차,화물차,야간,9/13/2012,4,일요일,1062735,1903705,128.206276,37.12993476
2012,1,1,,,,충청북도,제천시,차대차,측면충돌,측면충돌,기타,교차로,교차로내,승용차,원동기장치자전거,야간,10/20/2012,21,일요일,1062669,1904419,128.2055905,37.13637577
2012,1,1,,,,충청북도,제천시,차대차,측면충돌,측면충돌,안전운전 의무 불이행,단일로,기타단일로,승합차,자전거,주간,10/22/2012,12,화요일,1062853,1905100,128.2077237,37.14250161
2012,1,1,,,,충청북도,제천시,차대차,기타,기타,중앙선 침범,단일로,기타단일로,화물차,원동기장치자전거,야간,11/1/2012,18,금요일,1062572,1904200,128.204488,37.13441096
2012,1,1,,,,충청북도,제천시,차대사람,횡단중,횡단중,보행자 보호의무 위반,교차로,교차로부근,승용차,보행자,야간,12/10/2012,5,금요일,1063376,1904611,128.2135686,37.1380578
2012,1,1,,,,충청북도,제천시,차대사람,길가장자리구역통행중,길가장자리구역통행중,안전운전 의무 불이행,단일로,기타단일로,불명,보행자,주간,12/12/2012,11,일요일,1059780,1878931,128.1710393,36.90682364
2012,1,1,,,,충청북도,제천시,차량단독,전도전복,전도전복,안전운전 의무 불이행,단일로,기타단일로,승용차,없음,야간,12/14/2012,19,화요일,1065083,1883130,128.230927,36.94431517
2012,1,1,,,,충청북도,증평군,차대차,측면충돌,측면충돌,기타,교차로,교차로내,화물차,화물차,야간,3/5/2012,5,목요일,1005512,1865300,127.561773,36.78582022
2012,1,1,,,,충청북도,증평군,차대차,측면충돌,측면충돌,안전운전 의무 불이행,교차로,교차로부근,화물차,승용차,야간,3/18/2012,18,수요일,1008859,1866795,127.5993012,36.79927185
2012,1,2,,1,,충청북도,증평군,차대차,측면충돌,측면충돌,안전운전 의무 불이행,교차로,교차로내,원동기장치자전거,승용차,주간,5/3/2012,7,목요일,1007504,1866411,127.5841152,36.79582731
2012,1,2,,1,,충청북도,증평군,차대차,측면충돌,측면충돌,신호위반,교차로,교차로내,원동기장치자전거,승용차,주간,6/2/2012,9,월요일,1010086,1866936,127.6130617,36.80053155
2012,1,2,,1,,충청북도,증평군,차대차,측면충돌,측면충돌,신호위반,교차로,교차로내,원동기장치자전거,승용차,주간,10/23/2012,8,수요일,1007124,1865589,127.5798458,36.78841563
2012,1,2,,1,,충청북도,증평군,차대차,측면충돌,측면충돌,신호위반,교차로,교차로내,승용차,화물차,주간,12/17/2012,6,금요일,1010227,1870221,127.6146864,36.8301433
2012,1,1,,,,충청북도,진천군,차대사람,횡단중,횡단중,안전운전 의무 불이행,단일로,기타단일로,승용차,보행자,야간,1/25/2012,19,수요일,991878,1869662,127.4089241,36.82512542
2012,1,1,,,,충청북도,진천군,차대차,측면충돌,측면충돌,중앙선 침범,단일로,기타단일로,자전거,승용차,야간,1/29/2012,18,일요일,992493,1874386,127.4157747,36.86771753
2012,1,1,,,,충청북도,진천군,차대사람,기타,기타,안전운전 의무 불이행,교차로,교차로내,화물차,보행자,야간,3/24/2012,0,수요일,994517,1873630,127.4384886,36.86091368
2012,1,1,,,,충청북도,진천군,차대차,추돌,진행중 추돌,안전운전 의무 불이행,단일로,기타단일로,승용차,이륜차,야간,4/9/2012,20,금요일,994524,1878616,127.4385266,36.90586503
2012,1,1,,,,충청북도,진천군,차대사람,기타,기타,안전운전 의무 불이행,기타/불명,기타/불명,승용차,보행자,주간,5/11/2012,10,금요일,994374,1888471,127.436775,36.99469664
2012,1,1,,,,충청북도,진천군,차대차,측면충돌,측면충돌,안전운전 의무 불이행,교차로,교차로내,이륜차,건설기계,주간,7/5/2012,9,화요일,989109,1875981,127.3777893,36.88206285
2012,1,2,1,,,충청북도,진천군,차대차,추돌,진행중 추돌,안전운전 의무 불이행,단일로,기타단일로,화물차,화물차,야간,8/4/2012,3,토요일,998125,1873703,127.478965,36.86158491
2012,2,2,,,,충청북도,진천군,차대차,측면충돌,측면충돌,중앙선 침범,단일로,기타단일로,이륜차,이륜차,주간,9/14/2012,11,월요일,1000974,1876041,127.5109255,36.88266516
2012,1,1,,,,충청북도,진천군,차대사람,길가장자리구역통행중,길가장자리구역통행중,안전운전 의무 불이행,단일로,기타단일로,화물차,보행자,야간,9/21/2012,5,목요일,1000252,1879162,127.5028267,36.91079475
2012,1,1,,,,충청북도,진천군,차대차,추돌,주정차중 충돌,안전거리 미확보,단일로,기타단일로,화물차,화물차,주간,9/26/2012,10,화요일,994008,1868476,127.4328212,36.81444718
2012,1,1,,,,충청북도,진천군,차대사람,횡단중,횡단중,안전운전 의무 불이행,단일로,기타단일로,승용차,보행자,야간,11/28/2012,18,일요일,987409,1876128,127.3587034,36.88336774
2012,1,2,,1,,충청북도,진천군,차대차,정면충돌,정면충돌,중앙선 침범,단일로,기타단일로,승용차,승합차,주간,1/13/2013,8,토요일,984729,1876979,127.3286151,36.89099326
2012,1,2,,1,,충청북도,청원군,차량단독,도로이탈,도로이탈 추락,기타,단일로,기타단일로,승용차,없음,주간,1/22/2012,15,일요일,1009540,1855513,127.6067983,36.6975621
2012,1,1,,,,충청북도,청원군,차대차,측면충돌,측면충돌,신호위반,교차로,교차로내,화물차,화물차,주간,1/25/2012,7,수요일,996248,1859950,127.4579753,36.73760061
2012,1,1,,,,충청북도,청원군,차대차,추돌,진행중 추돌,안전운전 의무 불이행,단일로,기타단일로,화물차,화물차,주간,2/1/2012,13,수요일,993395,1831212,127.4262704,36.47850875
2012,1,1,,,,충청북도,청원군,차량단독,공작물충돌,공작물충돌,안전운전 의무 불이행,교차로,교차로부근,화물차,없음,야간,2/3/2012,18,금요일,1001201,1838493,127.5134161,36.54417475
2012,1,4,3,,,충청북도,청원군,차량단독,도로이탈,도로이탈 추락,안전운전 의무 불이행,단일로,기타단일로,승용차,없음,주간,2/4/2012,8,토요일,1011874,1847069,127.6327972,36.62141559
2012,1,5,1,3,,충청북도,청원군,차대차,정면충돌,정면충돌,중앙선 침범,교차로,교차로부근,승용차,화물차,주간,2/15/2012,10,수요일,993077,1857404,127.4224813,36.71463099
2012,1,1,,,,충청북도,청원군,차대사람,횡단중,횡단중,보행자 보호의무 위반,단일로,기타단일로,승용차,보행자,주간,2/27/2012,6,목요일,984976,1847653,127.3319682,36.62663586
2012,1,2,1,,,충청북도,청원군,차대차,추돌,주정차중 충돌,안전운전 의무 불이행,단일로,기타단일로,승용차,승용차,야간,3/11/2012,1,수요일,984738,1858125,127.3290909,36.72103685
2012,1,1,,,,충청북도,청원군,차대사람,기타,기타,안전운전 의무 불이행,교차로,교차로내,승합차,보행자,주간,4/6/2012,6,화요일,1008859,1847686,127.5990865,36.62700884
2012,1,1,,,,충청북도,청원군,차대차,추돌,진행중 추돌,안전운전 의무 불이행,단일로,기타단일로,화물차,자전거,야간,4/7/2012,19,수요일,988690,1850528,127.3734639,36.65259799
2012,1,1,,,,충청북도,청원군,차대차,정면충돌,정면충돌,신호위반,교차로,교차로내,승용차,이륜차,야간,4/8/2012,20,목요일,1010379,1844554,127.6160469,36.59876121
2012,1,1,,,,충청북도,청원군,차대사람,길가장자리구역통행중,길가장자리구역통행중,안전운전 의무 불이행,단일로,횡단보도상,화물차,보행자,주간,4/11/2012,6,일요일,994634,1840547,127.4400333,36.56267565
2012,1,1,,,,충청북도,청원군,차대사람,횡단중,횡단중,보행자 보호의무 위반,단일로,기타단일로,승용차,보행자,주간,4/16/2012,9,월요일,986755,1845733,127.3518996,36.6093508
2012,1,1,,,,충청북도,청원군,차대사람,횡단중,횡단중,보행자 보호의무 위반,단일로,횡단보도상,화물차,보행자,주간,5/10/2012,8,목요일,1002541,1857872,127.5284494,36.71887358
2012,1,1,,,,충청북도,청원군,차대차,추돌,진행중 추돌,안전운전 의무 불이행,단일로,기타단일로,화물차,승용차,주간,5/21/2012,16,수요일,993520,1841801,127.4275735,36.57397365
2012,1,2,1,,,충청북도,청원군,차대차,추돌,진행중 추돌,안전운전 의무 불이행,교차로,교차로내,승용차,승용차,야간,5/30/2012,23,금요일,1003756,1858556,127.5420626,36.72503391
2012,1,4,2,1,,충청북도,청원군,차대차,측면충돌,측면충돌,중앙선 침범,단일로,기타단일로,승용차,승용차,주간,6/1/2012,17,일요일,994867,1856484,127.4425272,36.70635138
2012,1,2,1,,,충청북도,청원군,차대차,추돌,진행중 추돌,안전운전 의무 불이행,단일로,기타단일로,화물차,농기계,주간,6/5/2012,16,목요일,1008883,1842928,127.5992988,36.58411607
2012,1,1,,,,충청북도,청원군,차대차,기타,기타,신호위반,교차로,교차로내,이륜차,승용차,주간,6/20/2012,14,월요일,998582,1862336,127.4841131,36.75911631
2012,1,1,,,,충청북도,청원군,차량단독,공작물충돌,공작물충돌,안전운전 의무 불이행,단일로,기타단일로,승용차,없음,야간,6/22/2012,1,수요일,985154,1846339,127.3339833,36.61479118
2012,1,1,,,,충청북도,청원군,차량단독,전도전복,전도전복,안전운전 의무 불이행,단일로,기타단일로,승용차,없음,주간,6/26/2012,9,일요일,992605,1855029,127.4172225,36.69321531
2012,1,3,1,1,,충청북도,청원군,차량단독,전도전복,전도전복,안전운전 의무 불이행,단일로,기타단일로,승용차,없음,주간,7/9/2012,15,토요일,984613,1853363,127.3277914,36.67810704
2012,1,1,,,,충청북도,청원군,차대차,추돌,주정차중 충돌,안전운전 의무 불이행,단일로,기타단일로,자전거,화물차,주간,7/15/2012,12,금요일,998985,1857817,127.4886376,36.71837522
2012,1,1,,,,충청북도,청원군,차대사람,길가장자리구역통행중,길가장자리구역통행중,안전운전 의무 불이행,단일로,기타단일로,승용차,보행자,주간,8/3/2012,17,금요일,1004183,1859792,127.5468535,36.73617085
2012,1,5,2,2,,충청북도,청원군,차대차,정면충돌,정면충돌,중앙선 침범,단일로,기타단일로,승용차,승용차,야간,8/20/2012,23,목요일,996676,1844701,127.4628331,36.60013712
2012,1,2,1,,,충청북도,청원군,차량단독,공작물충돌,공작물충돌,안전운전 의무 불이행,단일로,터널안,승용차,없음,주간,8/21/2012,6,금요일,1005337,1834905,127.5596013,36.51180976
2012,1,1,,,,충청북도,청원군,차대차,기타,기타,안전운전 의무 불이행,단일로,기타단일로,승용차,이륜차,주간,8/22/2012,8,토요일,1005835,1863948,127.5653828,36.77363484
2012,1,1,,,,충청북도,청원군,차대차,기타,기타,안전운전 의무 불이행,단일로,기타단일로,농기계,승용차,야간,8/23/2012,19,일요일,1004351,1839355,127.5486159,36.55193392
2012,2,4,1,1,,충청북도,청원군,차대차,정면충돌,정면충돌,신호위반,교차로,교차로내,승용차,승용차,야간,9/18/2012,2,금요일,993742,1856996,127.4299308,36.71095754
2012,1,1,,,,충청북도,청원군,차대차,기타,기타,교차로 통행방법 위반,교차로,교차로내,이륜차,승용차,주간,9/18/2012,11,월요일,996339,1860325,127.4589883,36.74097972
2012,1,1,,,,충청북도,청원군,차대차,추돌,진행중 추돌,안전운전 의무 불이행,단일로,교량위,화물차,화물차,야간,9/21/2012,22,목요일,986562,1847248,127.3497083,36.62300128
2012,1,2,,1,,충청북도,청원군,차대차,기타,기타,안전운전 의무 불이행,단일로,기타단일로,원동기장치자전거,화물차,주간,9/24/2012,14,일요일,1007187,1859976,127.5805035,36.73781609
2012,1,1,,,,충청북도,청원군,차대차,측면충돌,측면충돌,안전운전 의무 불이행,교차로,교차로내,이륜차,화물차,주간,9/27/2012,7,수요일,983179,1844775,127.3119294,36.60065533
2012,1,1,,,,충청북도,청원군,차대사람,기타,기타,안전운전 의무 불이행,단일로,기타단일로,승용차,보행자,야간,10/13/2012,5,금요일,993527,1837675,127.4276853,36.5367765
2012,1,3,,2,,충청북도,청원군,차대차,추돌,진행중 추돌,안전운전 의무 불이행,단일로,기타단일로,승용차,화물차,야간,10/13/2012,21,금요일,997074,1860681,127.4672287,36.74418974
2012,1,1,,,,충청북도,청원군,차대사람,횡단중,횡단중,안전운전 의무 불이행,교차로,교차로내,승용차,보행자,야간,10/14/2012,20,토요일,984560,1845898,127.3273462,36.61080523
2012,1,2,,1,,충청북도,청원군,차대차,측면충돌,측면충돌,교차로 통행방법 위반,교차로,교차로내,승용차,승용차,야간,10/15/2012,0,일요일,989419,1851311,127.381606,36.65966957
2012,1,1,,,,충청북도,청원군,차대사람,횡단중,횡단중,신호위반,단일로,기타단일로,승용차,보행자,야간,11/22/2012,20,월요일,995748,1841409,127.4524812,36.57044866
2012,1,1,,,,충청북도,청원군,차량단독,전도전복,전도전복,안전운전 의무 불이행,단일로,기타단일로,승용차,없음,주간,11/26/2012,11,금요일,1002608,1856735,127.529198,36.7086217
2012,1,1,,,,충청북도,청원군,차대사람,횡단중,횡단중,안전운전 의무 불이행,단일로,기타단일로,승용차,보행자,야간,12/1/2012,22,수요일,1000714,1843409,127.5079818,36.5884916
2012,1,1,,,,충청북도,청원군,차량단독,기타,기타,안전운전 의무 불이행,단일로,기타단일로,자전거,없음,주간,12/14/2012,8,화요일,983579,1844945,127.3163969,36.60219756
2012,1,1,,,,충청북도,청원군,차대사람,횡단중,횡단중,신호위반,교차로,교차로부근,승용차,보행자,야간,12/17/2012,22,일요일,993224,1831865,127.424358,36.4844008
2012,1,1,,,,충청북도,청원군,차대사람,횡단중,횡단중,안전운전 의무 불이행,단일로,기타단일로,승용차,보행자,야간,12/19/2012,19,화요일,996949,1843082,127.4658975,36.58553907
2012,1,1,,,,충청북도,청원군,차량단독,공작물충돌,공작물충돌,안전운전 의무 불이행,단일로,기타단일로,승용차,없음,야간,1/12/2013,22,금요일,1013706,1848126,127.6533036,36.63091711
2012,1,1,,,,충청북도,청원군,차대차,추돌,진행중 추돌,안전운전 의무 불이행,단일로,기타단일로,승합차,자전거,야간,1/16/2013,18,화요일,996865,1860542,127.4648882,36.74294233
2012,1,1,,,,충청북도,청주시,차대사람,횡단중,횡단중,신호위반,교차로,교차로내,승용차,보행자,야간,1/20/2012,20,금요일,993298,1848391,127.4250348,36.63338112
2012,1,3,2,,,충청북도,청주시,차대차,기타,기타,안전운전 의무 불이행,단일로,기타단일로,승합차,승용차,야간,1/24/2012,3,화요일,995768,1845208,127.4526771,36.60469693
2012,1,2,1,,,충청북도,청주시,차대사람,횡단중,횡단중,신호위반,교차로,교차로부근,화물차,보행자,주간,2/4/2012,7,토요일,996839,1848577,127.4646419,36.63507625
2012,2,2,,,,충청북도,청주시,차대사람,보도통행중,보도통행중,안전운전 의무 불이행,교차로,교차로부근,승용차,보행자,야간,2/10/2012,22,금요일,997745,1849857,127.4747757,36.64661619
2012,1,2,,1,,충청북도,청주시,차대사람,횡단중,횡단중,안전운전 의무 불이행,단일로,기타단일로,승합차,보행자,주간,2/12/2012,6,일요일,998339,1848702,127.4814202,36.63620511
2012,1,1,,,,충청북도,청주시,차대사람,기타,기타,안전운전 의무 불이행,단일로,기타단일로,승용차,보행자,야간,2/13/2012,18,월요일,1000003,1845966,127.5000336,36.61154332
2012,1,1,,,,충청북도,청주시,차대차,측면충돌,측면충돌,안전운전 의무 불이행,단일로,기타단일로,승용차,자전거,야간,3/8/2012,19,일요일,995873,1849843,127.4538352,36.6464828
2012,1,1,,,,충청북도,청주시,차량단독,기타,기타,안전운전 의무 불이행,단일로,기타단일로,승용차,없음,주간,3/19/2012,10,목요일,999540,1847222,127.4948576,36.62286426
2012,1,2,1,,,충청북도,청주시,차대차,추돌,주정차중 충돌,안전운전 의무 불이행,교차로,교차로부근,승용차,승용차,야간,3/23/2012,22,화요일,995527,1845355,127.4499894,36.60602555
2012,1,1,,,,충청북도,청주시,차대사람,차도통행중,차도통행중,안전운전 의무 불이행,단일로,기타단일로,승합차,보행자,주간,4/11/2012,10,일요일,995799,1848484,127.4530092,36.63423383
2012,1,1,,,,충청북도,청주시,차대사람,기타,기타,안전운전 의무 불이행,단일로,기타단일로,화물차,보행자,주간,4/17/2012,16,토요일,994124,1847779,127.4342787,36.62786941
2012,1,1,,,,충청북도,청주시,차대사람,횡단중,횡단중,안전운전 의무 불이행,교차로,교차로내,승용차,보행자,야간,4/19/2012,5,목요일,998509,1852612,127.4833142,36.67145568
2012,1,1,,,,충청북도,청주시,차대차,정면충돌,정면충돌,신호위반,교차로,교차로내,승용차,이륜차,야간,4/21/2012,2,토요일,997407,1846402,127.4710027,36.61547034
2012,1,1,,,,충청북도,청주시,차대차,추돌,진행중 추돌,안전운전 의무 불이행,단일로,기타단일로,이륜차,승용차,야간,4/30/2012,20,월요일,998634,1847678,127.4847263,36.62697243
2012,1,1,,,,충청북도,청주시,차대사람,횡단중,횡단중,안전운전 의무 불이행,교차로,교차로내,승용차,보행자,야간,5/12/2012,22,토요일,996212,1849487,127.4576239,36.64327759
2012,1,1,,,,충청북도,청주시,차대차,기타,기타,안전운전 의무 불이행,단일로,횡단보도상,승합차,자전거,주간,5/27/2012,7,화요일,994747,1847675,127.4412519,36.62693369
2012,1,1,,,,충청북도,청주시,차대차,측면충돌,측면충돌,안전운전 의무 불이행,교차로,교차로부근,승용차,자전거,주간,5/31/2012,13,토요일,998387,1845488,127.4819639,36.60723278
2012,1,1,,,,충청북도,청주시,차대차,기타,기타,안전운전 의무 불이행,교차로,교차로내,승용차,자전거,주간,6/12/2012,6,목요일,999597,1847112,127.4954929,36.62187444
2012,1,5,4,,,충청북도,청주시,차대차,기타,기타,중앙선 침범,교차로,교차로부근,특수차,승용차,주간,6/28/2012,14,화요일,1001164,1849201,127.5130212,36.64070613
2012,1,1,,,,충청북도,청주시,차대사람,횡단중,횡단중,보행자 보호의무 위반,단일로,횡단보도상,건설기계,보행자,주간,7/6/2012,17,수요일,995693,1846787,127.451833,36.61893492
2012,1,1,,,,충청북도,청주시,차대사람,횡단중,횡단중,안전운전 의무 불이행,단일로,기타단일로,원동기장치자전거,보행자,주간,7/14/2012,9,목요일,998888,1848228,127.4875575,36.63193552