사고년도,사망자수,부상자수,중상자수,경상자수,부상신고자수,시도,시군구,사고유형 대분류,사고유형 중분류,사고유형,가해자법규위반,도로형태 대분류,도로형태,가해당사자 종별,피해당사자 종별,주야구분,발생일,발생시간,발생요일,발생위치X좌표 (EPSG 5179),발생위치Y좌표 (EPSG 5179),경도좌표,위도좌표
2012,1,1,,,,충청북도,청주시,차대차,측면충돌,측면충돌,기타,교차로,교차로내,화물차,자전거,주간,7/24/2012,17,화요일,999202,1844468,127.491078,36.59803847
2012,1,1,,,,충청북도,청주시,차대차,측면충돌,측면충돌,기타,단일로,기타단일로,승용차,승용차,야간,8/3/2012,22,금요일,997521,1850817,127.4722689,36.65526729
2012,1,1,,,,충청북도,청주시,차대사람,기타,기타,안전운전 의무 불이행,교차로,교차로내,승용차,보행자,야간,8/13/2012,2,월요일,998597,1848131,127.4843128,36.63105527
2012,1,1,,,,충청북도,청주시,차대사람,횡단중,횡단중,안전운전 의무 불이행,교차로,교차로부근,승용차,보행자,야간,9/4/2012,19,금요일,1000862,1846192,127.5096383,36.61357943
2012,1,1,,,,충청북도,청주시,차대사람,횡단중,횡단중,신호위반,단일로,횡단보도상,승용차,보행자,주간,9/7/2012,14,월요일,999037,1850138,127.4892206,36.64915158
2012,1,2,1,,,충청북도,청주시,차대차,기타,기타,신호위반,교차로,교차로내,이륜차,승용차,야간,9/10/2012,3,목요일,997976,1845816,127.4773673,36.61018892
2012,1,5,1,3,,충청북도,청주시,차대차,측면충돌,측면충돌,신호위반,교차로,교차로내,승용차,이륜차,야간,9/14/2012,21,월요일,999464,1852202,127.4940019,36.66776057
2012,1,1,,,,충청북도,청주시,차대사람,횡단중,횡단중,보행자 보호의무 위반,교차로,교차로내,승용차,보행자,야간,9/23/2012,4,토요일,1001154,1849173,127.5129093,36.64045372
2012,1,1,,,,충청북도,청주시,차대사람,횡단중,횡단중,안전운전 의무 불이행,교차로,교차로내,승용차,보행자,야간,9/25/2012,4,월요일,999679,1848258,127.4964095,36.63220566
2012,1,2,,1,,충청북도,청주시,차대차,기타,기타,안전운전 의무 불이행,교차로,교차로부근,승용차,특수차,주간,10/21/2012,6,월요일,997965,1845818,127.4772443,36.61020693
2012,1,1,,,,충청북도,청주시,차대사람,기타,기타,안전운전 의무 불이행,단일로,기타단일로,승용차,보행자,야간,10/24/2012,19,목요일,998628,1847845,127.4846489,36.62848243
2012,1,2,1,,,충청북도,청주시,차량단독,공작물충돌,공작물충돌,안전운전 의무 불이행,단일로,기타단일로,승용차,없음,야간,10/27/2012,4,일요일,991207,1846968,127.4016633,36.62053309
2012,1,1,,,,충청북도,청주시,차량단독,도로이탈,도로이탈 기타,안전운전 의무 불이행,단일로,기타단일로,승용차,없음,야간,10/30/2012,4,수요일,1004419,1847532,127.5494249,36.62565418
2012,1,1,,,,충청북도,청주시,차대사람,횡단중,횡단중,안전운전 의무 불이행,교차로,교차로내,승용차,보행자,주간,11/20/2012,15,토요일,999975,1847719,127.4997215,36.62734663
2012,1,1,,,,충청북도,청주시,차대사람,횡단중,횡단중,안전운전 의무 불이행,교차로,교차로부근,화물차,보행자,주간,11/23/2012,7,화요일,999568,1847169,127.495163,36.62238648
2012,3,5,2,,,충청북도,청주시,차량단독,공작물충돌,공작물충돌,중앙선 침범,단일로,기타단일로,승용차,없음,야간,11/28/2012,2,일요일,993798,1847504,127.4306347,36.62538822
2012,1,1,,,,충청북도,청주시,차대차,기타,기타,기타,단일로,기타단일로,승용차,화물차,야간,12/11/2012,19,토요일,993259,1852847,127.4245593,36.67355146
2012,1,1,,,,충청북도,청주시,차대차,정면충돌,정면충돌,교차로 통행방법 위반,단일로,기타단일로,승용차,이륜차,주간,12/18/2012,15,월요일,991367,1846853,127.403454,36.61950053
2012,1,1,,,,충청북도,청주시,차대사람,횡단중,횡단중,안전운전 의무 불이행,단일로,교량위,승용차,보행자,야간,12/19/2012,18,화요일,999779,1845350,127.4975289,36.60599004
2012,1,1,,,,충청북도,청주시,차대사람,횡단중,횡단중,안전운전 의무 불이행,교차로,교차로부근,화물차,보행자,야간,12/29/2012,22,금요일,996344,1849469,127.4590995,36.64311403
2012,1,7,,6,,충청북도,청주시,차대차,기타,기타,안전운전 의무 불이행,교차로,교차로부근,승용차,승용차,야간,1/1/2013,0,월요일,1000972,1847425,127.5108711,36.62470023
2012,1,2,1,,,충청북도,청주시,차대차,추돌,주정차중 충돌,안전운전 의무 불이행,단일로,기타단일로,승용차,화물차,야간,1/1/2013,1,월요일,998461,1849851,127.4827837,36.64656713
2012,1,1,,,,충청북도,청주시,차대차,측면충돌,측면충돌,보행자 보호의무 위반,교차로,교차로내,건설기계,자전거,주간,1/2/2013,15,화요일,997696,1848635,127.4742279,36.63560157
2012,1,4,3,,,충청북도,청주시,차대차,기타,기타,안전운전 의무 불이행,단일로,기타단일로,승합차,승용차,야간,1/7/2013,22,일요일,992434,1844892,127.4153994,36.60183206
2012,1,1,,,,충청북도,청주시,차대사람,기타,기타,기타,단일로,기타단일로,승용차,보행자,야간,1/8/2013,20,월요일,994310,1848067,127.4363524,36.63046955
2012,1,1,,,,충청북도,충주시,차대사람,횡단중,횡단중,안전운전 의무 불이행,단일로,기타단일로,승용차,보행자,주간,1/18/2012,17,수요일,1037907,1886273,127.9258906,36.97413676
2012,1,1,,,,충청북도,충주시,차대사람,길가장자리구역통행중,길가장자리구역통행중,안전운전 의무 불이행,단일로,기타단일로,승용차,보행자,야간,2/2/2012,18,목요일,1028420,1886210,127.8193033,36.97390425
2012,1,1,,,,충청북도,충주시,차량단독,공작물충돌,공작물충돌,안전운전 의무 불이행,단일로,기타단일로,승용차,없음,주간,2/25/2012,8,화요일,1020770,1887814,127.7333973,36.98855795
2012,1,1,,,,충청북도,충주시,차대차,측면충돌,측면충돌,신호위반,교차로,교차로내,특수차,자전거,주간,3/8/2012,14,일요일,1038200,1889389,127.9293403,37.00221313
2012,1,1,,,,충청북도,충주시,차대사람,횡단중,횡단중,안전운전 의무 불이행,단일로,기타단일로,승용차,보행자,야간,3/13/2012,19,금요일,1037689,1887193,127.923493,36.98243767
2012,2,2,,,,충청북도,충주시,차대사람,기타,기타,안전운전 의무 불이행,단일로,기타단일로,승용차,보행자,야간,4/4/2012,19,일요일,1038205,1895830,127.9297223,37.06027654
2012,1,1,,,,충청북도,충주시,차대차,추돌,진행중 추돌,안전운전 의무 불이행,단일로,기타단일로,승용차,화물차,야간,4/5/2012,3,월요일,1029900,1891801,127.8361472,37.0242599
2012,1,2,,1,,충청북도,충주시,차대차,측면충돌,측면충돌,안전운전 의무 불이행,교차로,교차로내,화물차,화물차,주간,4/14/2012,9,수요일,1037405,1884085,127.9201423,36.9544337
2012,1,1,,,,충청북도,충주시,차대차,추돌,진행중 추돌,안전운전 의무 불이행,단일로,기타단일로,승합차,자전거,주간,5/11/2012,7,금요일,1039798,1885381,127.9470842,36.9660162
2012,1,3,,1,1,충청북도,충주시,차대차,정면충돌,정면충돌,중앙선 침범,단일로,기타단일로,승용차,화물차,주간,5/22/2012,13,목요일,1042081,1901767,127.9736494,37.11362035
2012,1,2,,1,,충청북도,충주시,차대차,추돌,진행중 추돌,안전운전 의무 불이행,단일로,교량위,화물차,화물차,야간,5/24/2012,18,토요일,1034399,1896812,127.8869601,37.06927215
2012,1,1,,,,충청북도,충주시,차대차,정면충돌,정면충돌,안전운전 의무 불이행,단일로,기타단일로,특수차,화물차,주간,6/11/2012,15,수요일,1035463,1881555,127.8982133,36.93170268
2012,1,2,1,,,충청북도,충주시,차대차,기타,기타,안전운전 의무 불이행,단일로,기타단일로,승용차,농기계,야간,6/18/2012,18,수요일,1038320,1896678,127.9310658,37.06791215
2012,1,1,,,,충청북도,충주시,차대차,추돌,진행중 추돌,안전운전 의무 불이행,단일로,기타단일로,승합차,이륜차,주간,6/29/2012,10,수요일,1036229,1885387,127.906996,36.96621626
2012,1,1,,,,충청북도,충주시,차대차,추돌,진행중 추돌,안전운전 의무 불이행,단일로,기타단일로,승용차,자전거,주간,7/6/2012,10,수요일,1039310,1885681,127.9416256,36.96874004
2012,1,1,,,,충청북도,충주시,차대사람,기타,기타,안전운전 의무 불이행,단일로,횡단보도상,승용차,보행자,주간,7/16/2012,7,토요일,1039693,1886603,127.9459711,36.97703417
2012,1,4,3,,,충청북도,충주시,차대차,측면충돌,측면충돌,신호위반,교차로,교차로내,화물차,승용차,주간,7/17/2012,8,일요일,1037871,1892851,127.9258167,37.03343345
2012,1,1,,,,충청북도,충주시,차대사람,횡단중,횡단중,안전운전 의무 불이행,단일로,기타단일로,승용차,보행자,야간,7/20/2012,23,금요일,1038814,1885734,127.9360496,36.96924292
2012,1,1,,,,충청북도,충주시,차대사람,기타,기타,안전운전 의무 불이행,단일로,기타단일로,화물차,보행자,야간,8/1/2012,21,수요일,1038120,1886138,127.9282768,36.97291123
2012,1,1,,,,충청북도,충주시,차대사람,기타,기타,안전운전 의무 불이행,단일로,기타단일로,승용차,보행자,야간,8/4/2012,20,토요일,1038306,1885807,127.9303542,36.96991905
2012,1,1,,,,충청북도,충주시,차대차,측면충돌,측면충돌,안전운전 의무 불이행,교차로,교차로내,승용차,이륜차,주간,8/13/2012,8,월요일,1038056,1893930,127.9279514,37.0431522
2012,1,1,,,,충청북도,충주시,차량단독,공작물충돌,공작물충돌,안전운전 의무 불이행,단일로,기타단일로,승용차,없음,야간,8/30/2012,21,일요일,1033310,1885397,127.8742017,36.96641699
2012,1,1,,,,충청북도,충주시,차량단독,공작물충돌,공작물충돌,안전운전 의무 불이행,단일로,기타단일로,원동기장치자전거,없음,주간,9/21/2012,17,목요일,1037649,1884497,127.9229046,36.95814234
2012,1,1,,,,충청북도,충주시,차대사람,횡단중,횡단중,안전운전 의무 불이행,단일로,기타단일로,화물차,보행자,야간,9/27/2012,19,수요일,1039764,1885747,127.946726,36.96931862
2012,1,1,,,,충청북도,충주시,차대차,기타,기타,안전운전 의무 불이행,단일로,기타단일로,화물차,자전거,주간,10/7/2012,17,토요일,1038004,1886211,127.9269773,36.97357396
2012,1,1,,,,충청북도,충주시,차대차,측면충돌,측면충돌,안전운전 의무 불이행,단일로,기타단일로,승용차,자전거,주간,10/8/2012,11,일요일,1036680,1882789,127.9119396,36.94277881
2012,1,1,,,,충청북도,충주시,차대사람,횡단중,횡단중,안전운전 의무 불이행,단일로,기타단일로,이륜차,보행자,야간,10/14/2012,22,토요일,1038199,1887183,127.9292173,36.98232697
2012,1,1,,,,충청북도,충주시,차량단독,공작물충돌,공작물충돌,안전운전 의무 불이행,단일로,기타단일로,화물차,없음,야간,11/5/2012,1,화요일,1043163,1876230,127.9843631,36.88337781
2012,1,1,,,,충청북도,충주시,차대사람,길가장자리구역통행중,길가장자리구역통행중,안전운전 의무 불이행,단일로,기타단일로,화물차,보행자,야간,11/20/2012,2,토요일,1037157,1890823,127.9176887,37.01518128
2012,1,3,1,1,,충청북도,충주시,차대차,추돌,진행중 추돌,안전운전 의무 불이행,단일로,기타단일로,승용차,화물차,야간,11/24/2012,3,수요일,1019655,1898409,127.7211469,37.0840912
2012,1,1,,,,충청북도,충주시,차대차,기타,기타,안전운전 의무 불이행,단일로,기타단일로,승용차,자전거,야간,11/24/2012,18,수요일,1023106,1894166,127.7598456,37.04576684
2012,1,2,1,,,충청북도,충주시,차대차,측면충돌,측면충돌,신호위반,교차로,교차로내,승용차,승용차,주간,12/3/2012,16,금요일,1040629,1878699,127.9560648,36.90574931
2012,1,1,,,,충청북도,충주시,차대사람,횡단중,횡단중,안전운전 의무 불이행,단일로,기타단일로,승용차,보행자,주간,12/10/2012,6,금요일,1033482,1884984,127.8761145,36.96268438
2012,1,1,,,,충청북도,충주시,차대사람,횡단중,횡단중,안전운전 의무 불이행,단일로,기타단일로,승용차,보행자,야간,12/19/2012,20,화요일,1033831,1883060,127.8799566,36.94533106
2012,1,1,,,,충청북도,충주시,차량단독,공작물충돌,공작물충돌,안전운전 의무 불이행,단일로,기타단일로,승용차,없음,야간,1/14/2013,0,일요일,1016316,1889263,127.6833825,37.00170765
2012,1,1,,,,전라남도,강진군,차대사람,횡단중,횡단중,과속,단일로,횡단보도상,승용차,보행자,주간,1/25/2012,17,수요일,928833,1618714,126.7242396,34.56004691
2012,1,1,,,,전라남도,강진군,차대차,추돌,진행중 추돌,안전운전 의무 불이행,단일로,기타단일로,화물차,원동기장치자전거,야간,3/5/2012,21,목요일,934826,1624608,126.7891118,34.61358925
2012,1,1,,,,전라남도,강진군,차량단독,도로이탈,도로이탈 추락,안전운전 의무 불이행,단일로,교량위,승용차,없음,주간,3/19/2012,9,금요일,933831,1627604,126.7780233,34.64054488
2012,1,1,,,,전라남도,강진군,차대사람,횡단중,횡단중,안전운전 의무 불이행,교차로,교차로내,화물차,보행자,주간,7/24/2012,8,화요일,935046,1622354,126.7916817,34.59328172
2012,1,1,,,,전라남도,강진군,차량단독,전도전복,전도전복,안전운전 의무 불이행,단일로,기타단일로,농기계,없음,주간,10/12/2012,15,목요일,932954,1640974,126.7673963,34.76104625
2012,1,1,,,,전라남도,강진군,차량단독,도로이탈,도로이탈 기타,안전운전 의무 불이행,단일로,기타단일로,원동기장치자전거,없음,야간,10/19/2012,5,토요일,937109,1635969,126.8131672,34.71618175
2012,1,1,,,,전라남도,강진군,차대사람,횡단중,횡단중,과속,단일로,기타단일로,화물차,보행자,주간,11/12/2012,9,월요일,928514,1614664,126.7210985,34.52350564
2012,1,1,,,,전라남도,강진군,차대차,추돌,진행중 추돌,안전운전 의무 불이행,단일로,기타단일로,승용차,농기계,주간,12/6/2012,16,월요일,935422,1634256,126.7948714,34.70062552
2012,1,1,,,,전라남도,강진군,차대사람,횡단중,횡단중,안전운전 의무 불이행,교차로,교차로내,승용차,보행자,야간,1/10/2013,18,수요일,933020,1627057,126.7692183,34.63555975
2012,1,1,,,,전라남도,고흥군,차대차,추돌,진행중 추돌,안전운전 의무 불이행,단일로,기타단일로,화물차,자전거,주간,4/8/2012,9,목요일,984911,1641959,127.3351013,34.77202552
2012,1,1,,,,전라남도,고흥군,차량단독,도로이탈,도로이탈 기타,안전운전 의무 불이행,단일로,기타단일로,화물차,없음,야간,4/21/2012,19,토요일,971798,1620258,127.1925206,34.5760483
2012,1,1,,,,전라남도,고흥군,차대사람,기타,기타,안전운전 의무 불이행,단일로,기타단일로,승용차,보행자,주간,5/30/2012,13,금요일,979465,1627859,127.275924,34.64477659
2012,1,3,2,,,전라남도,고흥군,차대차,정면충돌,정면충돌,중앙선 침범,단일로,기타단일로,승합차,승용차,주간,6/3/2012,16,화요일,983242,1613970,127.3174126,34.51959504
2012,1,1,,,,전라남도,고흥군,차대차,측면충돌,측면충돌,과속,교차로,교차로내,화물차,이륜차,야간,6/18/2012,20,토요일,977996,1638319,127.2596255,34.73907159
2012,1,1,,,,전라남도,고흥군,차량단독,공작물충돌,공작물충돌,안전운전 의무 불이행,단일로,기타단일로,화물차,없음,야간,7/17/2012,1,일요일,996621,1612714,127.4631893,34.50839734
2012,1,1,,,,전라남도,고흥군,차량단독,공작물충돌,공작물충돌,안전운전 의무 불이행,단일로,기타단일로,이륜차,없음,야간,9/19/2012,23,토요일,965956,1609076,127.1292803,34.47503337
2012,1,1,,,,전라남도,고흥군,차대차,기타,기타,교차로 통행방법 위반,교차로,교차로내,화물차,원동기장치자전거,주간,9/20/2012,10,수요일,967825,1614645,127.149417,34.52531381
2012,1,1,,,,전라남도,고흥군,차량단독,기타,기타,안전운전 의무 불이행,단일로,기타단일로,이륜차,없음,야간,9/20/2012,22,수요일,986554,1629948,127.3532428,34.66372813
2012,1,1,,,,전라남도,고흥군,차량단독,기타,기타,안전운전 의무 불이행,단일로,기타단일로,농기계,없음,주간,9/22/2012,15,금요일,977203,1626003,127.251295,34.62799063
2012,1,2,1,,,전라남도,고흥군,차량단독,전도전복,전도전복,안전운전 의무 불이행,단일로,기타단일로,승용차,없음,야간,9/29/2012,23,금요일,973493,1620685,127.2109872,34.57994412
2012,1,2,,1,,전라남도,고흥군,차대차,기타,기타,안전운전 의무 불이행,단일로,기타단일로,화물차,농기계,주간,10/30/2012,15,수요일,987808,1630151,127.3669328,34.66557898
2012,1,2,1,,,전라남도,고흥군,차대사람,기타,기타,기타,단일로,기타단일로,승용차,보행자,야간,11/20/2012,19,토요일,973913,1620755,127.2155611,34.58058793
2012,1,1,,,,전라남도,고흥군,차대차,측면충돌,측면충돌,중앙선 침범,단일로,기타단일로,화물차,원동기장치자전거,주간,11/27/2012,12,토요일,968993,1615198,127.1621233,34.53033662
2012,1,1,,,,전라남도,고흥군,차대사람,횡단중,횡단중,안전운전 의무 불이행,단일로,기타단일로,화물차,보행자,야간,12/9/2012,18,목요일,969985,1609874,127.1731203,34.48235407
2012,1,1,,,,전라남도,고흥군,차대사람,횡단중,횡단중,안전운전 의무 불이행,단일로,기타단일로,승용차,보행자,야간,1/7/2013,18,일요일,973841,1615010,127.2149572,34.52877595
2012,1,1,,,,전라남도,곡성군,차대사람,횡단중,횡단중,안전운전 의무 불이행,단일로,기타단일로,화물차,보행자,야간,4/9/2012,18,금요일,981790,1698391,127.2997555,35.28083788
2012,1,1,,,,전라남도,곡성군,차량단독,전도전복,전도전복,안전운전 의무 불이행,단일로,기타단일로,건설기계,없음,주간,4/18/2012,14,일요일,986775,1702243,127.3545092,35.31565316
2012,1,1,,,,전라남도,곡성군,차대사람,횡단중,횡단중,안전운전 의무 불이행,교차로,교차로내,승용차,보행자,주간,5/12/2012,6,토요일,981256,1698110,127.2938899,35.27829425
2012,1,2,1,,,전라남도,곡성군,차량단독,전도전복,전도전복,안전운전 의무 불이행,기타/불명,기타/불명,화물차,없음,주간,6/20/2012,9,금요일,988144,1700528,127.3695945,35.30020716
2012,1,1,,,,전라남도,곡성군,차대차,기타,기타,안전운전 의무 불이행,단일로,기타단일로,화물차,자전거,주간,6/29/2012,8,수요일,983177,1683011,127.3153218,35.14217948
2012,1,1,,,,전라남도,곡성군,차대차,측면충돌,측면충돌,교차로 통행방법 위반,교차로,교차로내,화물차,원동기장치자전거,주간,6/29/2012,11,수요일,980118,1697074,127.2814016,35.2689307
2012,1,1,,,,전라남도,곡성군,차대사람,길가장자리구역통행중,길가장자리구역통행중,안전운전 의무 불이행,교차로,교차로부근,화물차,보행자,야간,10/26/2012,5,토요일,983007,1697557,127.3131576,35.27333823
2012,1,1,,,,전라남도,곡성군,차량단독,전도전복,전도전복,안전운전 의무 불이행,기타/불명,기타/불명,농기계,없음,주간,12/1/2012,9,수요일,970121,1699343,127.1714054,35.28914149
2012,1,1,,,,전라남도,곡성군,차대사람,차도통행중,차도통행중,안전운전 의무 불이행,기타/불명,기타/불명,승용차,보행자,주간,12/4/2012,17,토요일,980639,1697964,127.2871088,35.27696602
2012,1,1,,,,전라남도,광양시,차대차,추돌,주정차중 충돌,안전운전 의무 불이행,단일로,기타단일로,승용차,화물차,야간,2/12/2012,0,일요일,1017289,1659582,127.6893059,34.93090437
2012,1,2,1,,,전라남도,광양시,차량단독,공작물충돌,공작물충돌,안전운전 의무 불이행,단일로,기타단일로,화물차,없음,야간,3/11/2012,1,수요일,1010814,1668443,127.618522,35.01090062
2012,1,1,,,,전라남도,광양시,차대차,측면충돌,측면충돌,교차로 통행방법 위반,교차로,교차로내,화물차,자전거,주간,3/23/2012,9,화요일,1008044,1663971,127.5881203,34.97059775
2012,1,2,1,,,전라남도,광양시,차대차,측면충돌,측면충돌,기타,단일로,기타단일로,화물차,특수차,주간,4/1/2012,16,목요일,1023092,1659681,127.752846,34.93167879
2012,1,1,,,,전라남도,광양시,차대사람,보도통행중,보도통행중,안전운전 의무 불이행,단일로,교량위,승용차,보행자,야간,4/14/2012,20,수요일,1007565,1663386,127.5828677,34.96532622
2012,1,4,2,1,,전라남도,광양시,차량단독,공작물충돌,공작물충돌,안전운전 의무 불이행,단일로,기타단일로,승합차,없음,야간,4/17/2012,18,화요일,1014247,1663004,127.6560518,34.96180865
2012,1,3,1,1,,전라남도,광양시,차대차,추돌,진행중 추돌,기타,단일로,기타단일로,화물차,화물차,주간,4/18/2012,12,수요일,1025087,1665875,127.7748788,34.98748783
2012,1,1,,,,전라남도,광양시,차대차,추돌,진행중 추돌,안전운전 의무 불이행,단일로,기타단일로,승용차,건설기계,야간,4/20/2012,22,금요일,1011019,1662832,127.6206902,34.96030244
2012,1,2,1,,,전라남도,광양시,차대사람,횡단중,횡단중,보행자 보호의무 위반,단일로,횡단보도상,승용차,보행자,야간,4/29/2012,0,일요일,1016149,1661438,127.6768595,34.94765964
2012,1,5,4,,,전라남도,광양시,차량단독,도로이탈,도로이탈 추락,안전운전 의무 불이행,단일로,기타단일로,화물차,없음,주간,5/12/2012,17,토요일,1022521,1666256,127.7467737,34.99098385
2012,1,1,,,,전라남도,광양시,차대차,기타,기타,과속,교차로,교차로내,승용차,이륜차,주간,5/15/2012,17,화요일,1020093,1669796,127.7202491,35.02295559
2012,1,4,1,2,,전라남도,광양시,차대차,측면충돌,측면충돌,안전운전 의무 불이행,단일로,교량위,승용차,화물차,주간,6/15/2012,17,일요일,1007080,1658309,127.5775118,34.91954778
2012,1,1,,,,전라남도,광양시,차대차,추돌,주정차중 충돌,안전운전 의무 불이행,교차로,교차로부근,승용차,화물차,야간,6/21/2012,20,화요일,1023839,1660767,127.7610585,34.94145714
2012,1,1,,,,전라남도,광양시,차대차,추돌,진행중 추돌,안전운전 의무 불이행,기타/불명,기타/불명,화물차,화물차,야간,7/5/2012,4,화요일,1013547,1663287,127.6483932,34.9643711
2012,1,1,,,,전라남도,광양시,차대차,기타,기타,안전운전 의무 불이행,단일로,기타단일로,승용차,승용차,야간,7/8/2012,0,금요일,1010813,1662798,127.6184388,34.95999445
2012,1,1,,,,전라남도,광양시,차대차,측면충돌,측면충돌,안전운전 의무 불이행,단일로,기타단일로,자전거,승용차,야간,7/11/2012,21,월요일,1009263,1663410,127.6014679,34.96552852
2012,1,5,,4,,전라남도,광양시,차량단독,전도전복,전도전복,안전운전 의무 불이행,단일로,교량위,승합차,없음,주간,7/30/2012,8,월요일,1020733,1665830,127.7271734,34.98718248
2012,1,1,,,,전라남도,광양시,차대차,측면충돌,측면충돌,중앙선 침범,교차로,교차로부근,화물차,화물차,주간,9/11/2012,13,금요일,1023561,1660799,127.7580151,34.9417522
2012,1,1,,,,전라남도,광양시,차량단독,공작물충돌,공작물충돌,안전운전 의무 불이행,단일로,기타단일로,승용차,없음,주간,9/12/2012,6,토요일,1005448,1663378,127.5596789,34.96526949
2012,1,4,2,1,,전라남도,광양시,차대차,추돌,주정차중 충돌,안전운전 의무 불이행,단일로,기타단일로,승용차,승용차,야간,9/19/2012,1,토요일,1010190,1663132,127.611619,34.96301275
2012,1,1,,,,전라남도,광양시,차량단독,공작물충돌,공작물충돌,안전운전 의무 불이행,단일로,기타단일로,화물차,없음,주간,9/19/2012,16,화요일,1011763,1663077,127.6288485,34.96249974
2012,1,3,1,1,,전라남도,광양시,차대차,기타,기타,안전운전 의무 불이행,교차로,교차로부근,승용차,승용차,주간,10/11/2012,17,수요일,1007823,1664891,127.5857079,34.97889555
2012,1,1,,,,전라남도,광양시,차대사람,기타,기타,안전운전 의무 불이행,교차로,교차로부근,승용차,보행자,야간,10/20/2012,19,일요일,1017006,1661068,127.6862419,34.94430914
2012,1,1,,,,전라남도,광양시,차대사람,기타,기타,안전운전 의무 불이행,단일로,기타단일로,승용차,보행자,야간,11/9/2012,21,토요일,1020353,1663089,127.7229406,34.96247168
2012,1,1,,,,전라남도,광양시,차량단독,전도전복,전도전복,안전운전 의무 불이행,단일로,기타단일로,농기계,없음,주간,11/28/2012,15,일요일,1010194,1668328,127.6117319,35.00986555
2012,1,2,,1,,전라남도,광양시,차대차,측면충돌,측면충돌,신호위반,교차로,교차로내,승용차,화물차,주간,12/20/2012,17,수요일,1016044,1657873,127.6756443,34.91551842
2012,1,1,,,,전라남도,광양시,차대차,추돌,진행중 추돌,안전운전 의무 불이행,교차로,교차로부근,화물차,원동기장치자전거,야간,12/21/2012,21,목요일,1019632,1659719,127.7149637,34.93209709
2012,1,1,,,,전라남도,광양시,차량단독,공작물충돌,공작물충돌,안전운전 의무 불이행,단일로,기타단일로,화물차,없음,주간,12/22/2012,9,금요일,1016901,1658541,127.6850365,34.9215237
2012,2,4,2,,,전라남도,광양시,차량단독,공작물충돌,공작물충돌,안전운전 의무 불이행,단일로,교량위,승용차,없음,야간,12/24/2012,3,일요일,1013950,1663076,127.6528085,34.96246744
2012,1,1,,,,전라남도,광양시,차량단독,도로이탈,도로이탈 추락,안전운전 의무 불이행,단일로,기타단일로,승용차,없음,야간,1/13/2013,21,토요일,1017084,1666166,127.6872007,34.99027694
2012,1,2,,1,,전라남도,광양시,차대사람,기타,기타,안전운전 의무 불이행,단일로,교량위,승용차,보행자,주간,1/14/2013,9,일요일,1007104,1660446,127.5777906,34.9388217
2012,1,1,,,,전라남도,구례군,차대사람,횡단중,횡단중,안전운전 의무 불이행,단일로,기타단일로,화물차,보행자,주간,7/29/2012,11,일요일,996093,1686133,127.4570952,35.17046433
2012,1,1,,,,전라남도,구례군,차대사람,횡단중,횡단중,안전운전 의무 불이행,단일로,기타단일로,화물차,보행자,주간,8/3/2012,10,금요일,997067,1690248,127.4677765,35.20757326
2012,1,1,,,,전라남도,구례군,차대차,기타,기타,안전운전 의무 불이행,교차로,교차로부근,승용차,자전거,야간,10/8/2012,19,일요일,1001327,1689635,127.5145781,35.20204916
2012,1,1,,,,전라남도,구례군,차대사람,길가장자리구역통행중,길가장자리구역통행중,안전운전 의무 불이행,교차로,교차로부근,승용차,보행자,주간,12/22/2012,14,금요일,996913,1690393,127.4660841,35.20888028
2012,2,2,,,,전라남도,나주시,차대사람,기타,기타,안전운전 의무 불이행,단일로,기타단일로,승용차,보행자,야간,1/18/2012,5,수요일,941623,1675956,126.8596644,35.07701554
2012,1,1,,,,전라남도,나주시,차대사람,기타,기타,안전운전 의무 불이행,교차로,교차로내,승용차,보행자,야간,2/9/2012,18,목요일,932650,1669284,126.7617919,35.01629437
2012,1,1,,,,전라남도,나주시,차대사람,길가장자리구역통행중,길가장자리구역통행중,안전운전 의무 불이행,단일로,기타단일로,화물차,보행자,야간,2/25/2012,18,화요일,914781,1661341,126.5667674,34.94332892
2012,1,1,,,,전라남도,나주시,차대사람,기타,기타,안전운전 의무 불이행,단일로,기타단일로,화물차,보행자,주간,3/12/2012,17,목요일,930233,1674961,126.7348213,35.06732012
2012,1,1,,,,전라남도,나주시,차량단독,공작물충돌,공작물충돌,안전운전 의무 불이행,단일로,기타단일로,승용차,없음,주간,3/20/2012,13,토요일,918332,1661029,126.6056817,34.9408065
2012,1,2,1,,,전라남도,나주시,차대사람,기타,기타,안전운전 의무 불이행,단일로,기타단일로,화물차,보행자,야간,4/7/2012,3,수요일,927981,1671295,126.7104459,35.0341046
2012,1,3,1,1,,전라남도,나주시,차대차,측면충돌,측면충돌,신호위반,교차로,교차로내,승용차,특수차,주간,4/13/2012,12,화요일,928198,1671435,126.7128125,35.03538237
2012,1,14,2,11,,전라남도,나주시,차대차,측면충돌,측면충돌,기타,교차로,교차로내,승용차,승합차,야간,4/18/2012,22,일요일,934155,1671459,126.7781143,35.03600577
2012,1,3,,2,,전라남도,나주시,차대차,기타,기타,기타,교차로,교차로내,승용차,화물차,주간,4/22/2012,14,일요일,917160,1663074,126.5926424,34.95915523
2012,1,1,,,,전라남도,나주시,차대차,측면충돌,측면충돌,안전운전 의무 불이행,단일로,기타단일로,화물차,원동기장치자전거,주간,5/11/2012,16,금요일,927969,1668207,126.710582,35.00626063
2012,1,1,,,,전라남도,나주시,차량단독,공작물충돌,공작물충돌,안전운전 의무 불이행,기타/불명,기타/불명,화물차,없음,야간,5/11/2012,21,금요일,938405,1664480,126.8252205,34.97334031