사고년도,사망자수,부상자수,중상자수,경상자수,부상신고자수,시도,시군구,사고유형 대분류,사고유형 중분류,사고유형,가해자법규위반,도로형태 대분류,도로형태,가해당사자 종별,피해당사자 종별,주야구분,발생일,발생시간,발생요일,발생위치X좌표 (EPSG 5179),발생위치Y좌표 (EPSG 5179),경도좌표,위도좌표
2012,1,1,,,,전라남도,나주시,차대차,측면충돌,측면충돌,신호위반,단일로,횡단보도상,원동기장치자전거,화물차,주간,5/24/2012,10,토요일,928217,1667517,126.7133603,35.00005684
2012,1,1,,,,전라남도,나주시,차량단독,공작물충돌,공작물충돌,안전운전 의무 불이행,단일로,기타단일로,승용차,없음,야간,6/7/2012,18,토요일,941700,1657760,126.8617873,34.91294603
2012,1,1,,,,전라남도,나주시,차대사람,기타,기타,기타,기타/불명,기타/불명,농기계,보행자,주간,6/20/2012,10,월요일,917858,1670076,126.5995958,35.02234
2012,2,4,,1,1,전라남도,나주시,차대차,정면충돌,정면충돌,안전운전 의무 불이행,단일로,기타단일로,승용차,농기계,주간,6/20/2012,13,월요일,927610,1663133,126.7070891,34.96048475
2012,1,1,,,,전라남도,나주시,차대사람,횡단중,횡단중,신호위반,교차로,교차로부근,승용차,보행자,야간,6/29/2012,23,수요일,931927,1671404,126.7536941,35.03536118
2012,1,1,,,,전라남도,나주시,차량단독,전도전복,전도전복,안전운전 의무 불이행,단일로,기타단일로,이륜차,없음,주간,7/2/2012,10,토요일,926150,1667847,126.6906805,35.0028834
2012,1,1,,,,전라남도,나주시,차량단독,공작물충돌,공작물충돌,안전운전 의무 불이행,단일로,기타단일로,승용차,없음,야간,7/3/2012,1,일요일,931631,1659786,126.7514077,34.93058255
2012,1,1,,,,전라남도,나주시,차대사람,횡단중,횡단중,안전운전 의무 불이행,교차로,교차로내,승용차,보행자,야간,7/6/2012,18,수요일,928460,1671218,126.7157012,35.03344617
2012,1,1,,,,전라남도,나주시,차대사람,횡단중,횡단중,신호위반,단일로,횡단보도상,특수차,보행자,주간,7/7/2012,6,목요일,931126,1671417,126.7449121,35.03542407
2012,2,3,1,,,전라남도,나주시,차대차,정면충돌,정면충돌,중앙선 침범,교차로,교차로부근,승용차,화물차,주간,7/14/2012,10,목요일,932622,1671217,126.7613282,35.03372169
2012,1,4,,3,,전라남도,나주시,차대차,기타,기타,기타,교차로,교차로내,승용차,화물차,주간,7/30/2012,17,월요일,919831,1660899,126.6221119,34.93975592
2012,1,1,,,,전라남도,나주시,차량단독,기타,기타,안전운전 의무 불이행,단일로,기타단일로,농기계,없음,주간,8/21/2012,11,금요일,914636,1661536,126.5651597,34.94507489
2012,1,1,,,,전라남도,나주시,차량단독,기타,기타,안전운전 의무 불이행,단일로,기타단일로,농기계,없음,주간,8/28/2012,14,금요일,914376,1660497,126.5624238,34.93568142
2012,1,1,,,,전라남도,나주시,차량단독,도로이탈,도로이탈 기타,안전운전 의무 불이행,단일로,기타단일로,승용차,없음,주간,8/29/2012,9,토요일,927896,1668291,126.7097747,35.00701282
2012,1,1,,,,전라남도,나주시,차량단독,도로이탈,도로이탈 기타,안전운전 의무 불이행,단일로,기타단일로,승용차,없음,야간,8/31/2012,5,월요일,937306,1671951,126.8126205,35.0406417
2012,1,1,,,,전라남도,나주시,차대차,측면충돌,측면충돌,교차로 통행방법 위반,교차로,교차로내,승용차,원동기장치자전거,주간,9/17/2012,14,목요일,928777,1671273,126.7191737,35.0339627
2012,1,1,,,,전라남도,나주시,차대사람,횡단중,횡단중,안전운전 의무 불이행,교차로,교차로내,승합차,보행자,야간,9/29/2012,19,금요일,928990,1671470,126.7214929,35.03575488
2012,1,1,,,,전라남도,나주시,차량단독,전도전복,전도전복,안전운전 의무 불이행,단일로,기타단일로,자전거,없음,주간,9/30/2012,17,토요일,929397,1670872,126.726,35.03038787
2012,1,1,,,,전라남도,나주시,차대사람,기타,기타,안전운전 의무 불이행,단일로,횡단보도상,승용차,보행자,야간,10/20/2012,18,일요일,922027,1669535,126.6453394,35.01779796
2012,1,1,,,,전라남도,나주시,차대차,추돌,진행중 추돌,안전운전 의무 불이행,기타/불명,기타/불명,화물차,농기계,주간,11/9/2012,14,토요일,919268,1670682,126.6149965,35.02791491
2012,1,1,,,,전라남도,나주시,차대사람,기타,기타,안전운전 의무 불이행,단일로,기타단일로,승용차,보행자,야간,11/11/2012,19,월요일,937864,1672408,126.8187017,35.04479865
2012,1,1,,,,전라남도,나주시,차대차,추돌,주정차중 충돌,안전운전 의무 불이행,단일로,기타단일로,이륜차,특수차,주간,11/12/2012,6,화요일,927701,1666751,126.7077761,34.99310888
2012,1,1,,,,전라남도,나주시,차량단독,공작물충돌,공작물충돌,안전운전 의무 불이행,교차로,교차로부근,승용차,없음,야간,11/13/2012,5,수요일,927374,1665842,126.7042681,34.98489385
2012,1,1,,,,전라남도,나주시,차대사람,기타,기타,안전운전 의무 불이행,단일로,기타단일로,승합차,보행자,야간,11/28/2012,18,일요일,940373,1672972,126.8461719,35.05003368
2012,1,1,,,,전라남도,나주시,차대사람,차도통행중,차도통행중,안전운전 의무 불이행,교차로,교차로내,승용차,보행자,주간,12/17/2012,6,금요일,924952,1669714,126.6773887,35.01963169
2012,1,1,,,,전라남도,나주시,차량단독,전도전복,전도전복,안전운전 의무 불이행,단일로,교량위,승용차,없음,주간,12/20/2012,7,수요일,927537,1666351,126.7060096,34.98949498
2012,1,1,,,,전라남도,나주시,차대사람,횡단중,횡단중,신호위반,교차로,교차로내,승용차,보행자,주간,12/30/2012,6,토요일,931795,1671410,126.7522466,35.03540637
2012,1,1,,,,전라남도,나주시,차대차,측면충돌,측면충돌,안전운전 의무 불이행,단일로,기타단일로,화물차,원동기장치자전거,주간,1/4/2013,10,목요일,930962,1658397,126.7441881,34.91802006
2012,1,1,,,,전라남도,담양군,차대사람,횡단중,횡단중,안전운전 의무 불이행,단일로,기타단일로,승용차,보행자,주간,1/25/2012,7,수요일,953619,1705430,126.989585,35.34339649
2012,1,1,,,,전라남도,담양군,차량단독,기타,기타,안전운전 의무 불이행,단일로,기타단일로,화물차,없음,야간,2/21/2012,3,금요일,954185,1688368,126.9967657,35.18957978
2012,1,1,,,,전라남도,담양군,차대차,기타,기타,안전운전 의무 불이행,단일로,기타단일로,화물차,자전거,주간,2/21/2012,17,금요일,957295,1705793,127.0300163,35.34683626
2012,1,2,1,,,전라남도,담양군,차대차,기타,기타,안전운전 의무 불이행,기타/불명,기타/불명,화물차,승용차,야간,3/31/2012,5,수요일,951885,1696293,126.9710431,35.2609315
2012,1,1,,,,전라남도,담양군,차대사람,차도통행중,차도통행중,안전운전 의무 불이행,단일로,기타단일로,승용차,보행자,주간,4/4/2012,6,일요일,951412,1704358,126.9653597,35.33362756
2012,1,1,,,,전라남도,담양군,차대차,추돌,진행중 추돌,안전운전 의무 불이행,단일로,기타단일로,화물차,농기계,주간,5/24/2012,16,토요일,951015,1702526,126.9611033,35.31708803
2012,1,1,,,,전라남도,담양군,차량단독,공작물충돌,공작물충돌,안전운전 의무 불이행,단일로,기타단일로,승용차,없음,야간,6/21/2012,20,화요일,947290,1700362,126.9202647,35.29738671
2012,1,1,,,,전라남도,담양군,차대차,기타,기타,안전운전 의무 불이행,단일로,기타단일로,승용차,승용차,야간,7/19/2012,23,목요일,944468,1696876,126.8894642,35.26580242
2012,1,1,,,,전라남도,담양군,차대사람,길가장자리구역통행중,길가장자리구역통행중,안전운전 의무 불이행,단일로,기타단일로,승용차,보행자,주간,8/25/2012,10,화요일,952551,1699436,126.9781751,35.28930171
2012,1,3,1,1,,전라남도,담양군,차대차,기타,기타,안전운전 의무 불이행,단일로,기타단일로,화물차,승용차,주간,9/16/2012,17,수요일,958910,1706216,127.0477681,35.350719
2012,1,1,,,,전라남도,담양군,차대사람,기타,기타,안전운전 의무 불이행,단일로,기타단일로,화물차,보행자,주간,9/29/2012,7,금요일,949101,1695517,126.9404839,35.25379242
2012,1,1,,,,전라남도,담양군,차대차,기타,기타,안전운전 의무 불이행,단일로,기타단일로,승용차,자전거,야간,10/31/2012,18,목요일,952517,1703827,126.9775468,35.3288884
2012,1,1,,,,전라남도,담양군,차량단독,기타,기타,안전운전 의무 불이행,단일로,기타단일로,자전거,없음,야간,11/8/2012,18,금요일,946170,1697765,126.9081173,35.27391111
2012,1,1,,,,전라남도,담양군,차대차,기타,기타,안전운전 의무 불이행,교차로,교차로내,원동기장치자전거,승용차,주간,11/20/2012,17,토요일,944989,1698143,126.895107,35.27725513
2012,1,1,,,,전라남도,담양군,차대차,추돌,진행중 추돌,안전운전 의무 불이행,단일로,기타단일로,화물차,자전거,주간,11/28/2012,13,일요일,952372,1691537,126.976669,35.21806951
2012,1,1,,,,전라남도,담양군,차량단독,도로이탈,도로이탈 추락,안전운전 의무 불이행,기타/불명,기타/불명,농기계,없음,주간,12/11/2012,11,토요일,953479,1697342,126.9885036,35.27046352
2012,1,1,,,,전라남도,담양군,차량단독,공작물충돌,공작물충돌,안전운전 의무 불이행,단일로,기타단일로,화물차,없음,주간,12/19/2012,10,화요일,960008,1705966,127.0598666,35.34850585
2012,1,1,,,,전라남도,목포시,차대차,측면충돌,측면충돌,중앙선 침범,단일로,기타단일로,자전거,화물차,야간,1/26/2012,19,목요일,898740,1645131,126.3930899,34.79570408
2012,1,1,,,,전라남도,목포시,차대사람,횡단중,횡단중,보행자 보호의무 위반,단일로,횡단보도상,화물차,보행자,야간,2/26/2012,0,수요일,898540,1645463,126.3908639,34.79867751
2012,1,1,,,,전라남도,목포시,차대사람,차도통행중,차도통행중,안전운전 의무 불이행,단일로,기타단일로,승용차,보행자,야간,4/21/2012,19,토요일,898325,1645332,126.3885298,34.79747497
2012,1,1,,,,전라남도,목포시,차대사람,횡단중,횡단중,안전운전 의무 불이행,단일로,기타단일로,승용차,보행자,주간,5/9/2012,6,수요일,900628,1647442,126.4134505,34.81672442
2012,1,1,,,,전라남도,목포시,차대사람,횡단중,횡단중,보행자 보호의무 위반,단일로,횡단보도상,화물차,보행자,야간,6/12/2012,22,목요일,897299,1645952,126.3772401,34.80296195
2012,1,1,,,,전라남도,목포시,차대사람,기타,기타,안전운전 의무 불이행,단일로,기타단일로,화물차,보행자,야간,7/3/2012,21,일요일,898728,1644816,126.3929967,34.79286283
2012,1,1,,,,전라남도,목포시,차대사람,차도통행중,차도통행중,안전운전 의무 불이행,단일로,기타단일로,화물차,보행자,야간,7/21/2012,2,토요일,896623,1646324,126.3698031,34.80625198
2012,1,1,,,,전라남도,목포시,차대차,기타,기타,안전운전 의무 불이행,단일로,기타단일로,원동기장치자전거,승용차,주간,8/6/2012,7,월요일,898068,1644608,126.3858087,34.79092167
2012,1,2,1,,,전라남도,목포시,차량단독,도로이탈,도로이탈 추락,안전운전 의무 불이행,단일로,기타단일로,승용차,없음,야간,8/29/2012,2,토요일,902944,1645407,126.4390063,34.7986018
2012,1,1,,,,전라남도,목포시,차대사람,횡단중,횡단중,보행자 보호의무 위반,단일로,횡단보도상,승용차,보행자,야간,9/1/2012,5,화요일,898738,1645127,126.3930685,34.79566782
2012,1,1,,,,전라남도,목포시,차대사람,횡단중,횡단중,안전운전 의무 불이행,교차로,교차로내,승용차,보행자,야간,9/15/2012,19,화요일,900588,1647248,126.4130372,34.81497321
2012,1,1,,,,전라남도,목포시,차대사람,보도통행중,보도통행중,기타,단일로,기타단일로,승용차,보행자,주간,9/17/2012,6,일요일,898391,1645440,126.3892348,34.79845435
2012,1,1,,,,전라남도,목포시,차량단독,공작물충돌,공작물충돌,안전운전 의무 불이행,교차로,교차로내,승용차,없음,야간,9/27/2012,1,수요일,901828,1648108,126.4264926,34.82284743
2012,1,2,,1,,전라남도,목포시,차대차,기타,기타,신호위반,교차로,교차로내,이륜차,승용차,야간,10/18/2012,21,금요일,901659,1646229,126.424865,34.80588981
2012,1,1,,,,전라남도,목포시,차대사람,횡단중,횡단중,안전운전 의무 불이행,단일로,기타단일로,승용차,보행자,주간,10/24/2012,10,목요일,901567,1645836,126.4239054,34.80233758
2012,1,1,,,,전라남도,목포시,차대차,측면충돌,측면충돌,교차로 통행방법 위반,교차로,교차로내,화물차,이륜차,주간,10/26/2012,10,토요일,898245,1644072,126.387808,34.78610676
2012,1,1,,,,전라남도,목포시,차대사람,기타,기타,안전운전 의무 불이행,교차로,교차로부근,승용차,보행자,야간,11/28/2012,22,일요일,899629,1646416,126.4026516,34.80737862
2012,1,1,,,,전라남도,목포시,차대사람,횡단중,횡단중,안전운전 의무 불이행,단일로,기타단일로,승용차,보행자,야간,11/29/2012,5,월요일,898535,1645465,126.390809,34.79869504
2012,1,1,,,,전라남도,목포시,차대사람,횡단중,횡단중,안전운전 의무 불이행,단일로,기타단일로,승용차,보행자,주간,12/19/2012,14,화요일,901501,1648229,126.4229032,34.82390677
2012,1,1,,,,전라남도,목포시,차대차,측면충돌,측면충돌,안전운전 의무 불이행,교차로,교차로부근,화물차,자전거,주간,12/20/2012,9,수요일,898195,1646043,126.3870228,34.80387238
2012,1,1,,,,전라남도,무안군,차량단독,공작물충돌,공작물충돌,안전운전 의무 불이행,단일로,기타단일로,승용차,없음,야간,1/27/2012,23,금요일,895166,1675192,126.3502536,35.06636077
2012,1,1,,,,전라남도,무안군,차량단독,공작물충돌,공작물충돌,안전운전 의무 불이행,교차로,교차로부근,화물차,없음,야간,2/7/2012,2,화요일,908613,1658599,126.4995263,34.91807162
2012,1,1,,,,전라남도,무안군,차대차,추돌,진행중 추돌,안전운전 의무 불이행,단일로,기타단일로,화물차,이륜차,주간,2/25/2012,9,화요일,894805,1663695,126.3477533,34.96267369
2012,1,2,,1,,전라남도,무안군,차대차,정면충돌,정면충돌,중앙선 침범,단일로,기타단일로,승용차,원동기장치자전거,야간,3/31/2012,18,수요일,899273,1671049,126.3957905,35.02943094
2012,1,1,,,,전라남도,무안군,차대사람,횡단중,횡단중,안전운전 의무 불이행,교차로,교차로부근,화물차,보행자,야간,5/2/2012,19,수요일,896734,1668270,126.3683103,35.00412003
2012,1,1,,,,전라남도,무안군,차대사람,횡단중,횡단중,안전운전 의무 불이행,단일로,기타단일로,승용차,보행자,야간,5/4/2012,21,금요일,902476,1656155,126.4326404,34.89546216
2012,1,4,3,,,전라남도,무안군,차량단독,공작물충돌,공작물충돌,과속,단일로,기타단일로,승용차,없음,야간,5/11/2012,0,금요일,890155,1676639,126.2951085,35.07888065
2012,1,6,,4,1,전라남도,무안군,차대차,측면충돌,측면충돌,교차로 통행방법 위반,교차로,교차로내,승용차,승합차,야간,5/13/2012,18,일요일,894694,1675806,126.3449988,35.07185071
2012,1,1,,,,전라남도,무안군,차대사람,기타,기타,기타,교차로,교차로부근,승합차,보행자,주간,7/29/2012,13,일요일,903880,1648271,126.4489102,34.82450937
2012,2,4,1,1,,전라남도,무안군,차량단독,공작물충돌,공작물충돌,과속,단일로,기타단일로,승용차,없음,야간,11/4/2012,2,월요일,902592,1669232,126.432382,35.01337476
2012,1,3,,1,1,전라남도,무안군,차대차,기타,기타,중앙선 침범,단일로,기타단일로,승용차,승용차,주간,11/22/2012,15,월요일,901768,1653983,126.4251446,34.87581375
2012,1,4,1,2,,전라남도,무안군,차량단독,공작물충돌,공작물충돌,안전운전 의무 불이행,단일로,기타단일로,승용차,없음,주간,12/6/2012,13,월요일,908191,1666261,126.4940678,34.98711234
2012,1,1,,,,전라남도,무안군,차대차,기타,기타,안전거리 미확보,단일로,기타단일로,이륜차,화물차,주간,12/7/2012,10,화요일,901749,1653001,126.4250553,34.86695549
2012,1,1,,,,전라남도,무안군,차대차,기타,기타,안전운전 의무 불이행,교차로,교차로내,원동기장치자전거,건설기계,주간,12/17/2012,11,일요일,907417,1650998,126.4872803,34.84942832
2012,1,1,,,,전라남도,무안군,차대사람,횡단중,횡단중,안전운전 의무 불이행,교차로,교차로내,화물차,보행자,야간,12/27/2012,18,수요일,906256,1665817,126.4729194,34.98293173
2012,1,1,,,,전라남도,보성군,차량단독,도로이탈,도로이탈 기타,안전운전 의무 불이행,단일로,기타단일로,승용차,없음,주간,2/25/2012,7,화요일,986800,1648314,127.3556442,34.82935566
2012,1,1,,,,전라남도,보성군,차대사람,기타,기타,안전운전 의무 불이행,단일로,기타단일로,승용차,보행자,야간,5/10/2012,20,목요일,960714,1640526,127.0707353,34.75845447
2012,1,1,,,,전라남도,보성군,차대차,측면충돌,측면충돌,교차로 통행방법 위반,교차로,교차로내,승용차,원동기장치자전거,주간,5/15/2012,15,화요일,962395,1641252,127.0890702,34.76506458
2012,1,1,,,,전라남도,보성군,차대사람,보도통행중,보도통행중,안전운전 의무 불이행,교차로,교차로부근,승용차,보행자,야간,6/1/2012,20,일요일,991459,1649342,127.4065847,34.83867562
2012,1,1,,,,전라남도,보성군,차량단독,전도전복,전도전복,안전운전 의무 불이행,단일로,기타단일로,승용차,없음,야간,6/26/2012,0,일요일,961102,1641248,127.0749414,34.76498001
2012,1,1,,,,전라남도,보성군,차량단독,공작물충돌,공작물충돌,안전운전 의무 불이행,단일로,기타단일로,승용차,없음,야간,6/27/2012,3,월요일,984441,1647676,127.3298547,34.82356544
2012,1,1,,,,전라남도,보성군,차대사람,횡단중,횡단중,보행자 보호의무 위반,교차로,교차로내,승용차,보행자,야간,7/12/2012,20,화요일,981259,1649572,127.2950197,34.84061285
2012,1,1,,,,전라남도,보성군,차량단독,전도전복,전도전복,안전운전 의무 불이행,단일로,기타단일로,승용차,없음,주간,8/1/2012,11,수요일,977346,1648288,127.2522595,34.82895461
2012,1,1,,,,전라남도,보성군,차량단독,공작물충돌,공작물충돌,안전운전 의무 불이행,단일로,기타단일로,농기계,없음,야간,8/6/2012,18,월요일,964493,1647598,127.1117242,34.8223669
2012,1,2,1,,,전라남도,보성군,차량단독,전도전복,전도전복,안전운전 의무 불이행,단일로,기타단일로,승용차,없음,야간,9/1/2012,23,화요일,963060,1643613,127.0962364,34.78637934
2012,1,1,,,,전라남도,보성군,차대사람,기타,기타,안전운전 의무 불이행,단일로,기타단일로,화물차,보행자,주간,10/18/2012,14,금요일,975181,1643883,127.2287091,34.78917784
2012,1,3,,2,,전라남도,보성군,차대차,추돌,주정차중 충돌,안전운전 의무 불이행,단일로,기타단일로,화물차,화물차,야간,11/4/2012,21,월요일,968574,1642443,127.1565457,34.77601372
2012,1,1,,,,전라남도,보성군,차량단독,도로이탈,도로이탈 기타,안전운전 의무 불이행,단일로,기타단일로,원동기장치자전거,없음,주간,11/22/2012,13,월요일,979198,1645580,127.2725722,34.80457527
2012,1,2,1,,,전라남도,보성군,차대차,기타,기타,기타,단일로,기타단일로,화물차,화물차,주간,12/8/2012,7,수요일,962808,1648555,127.0932566,34.83093913
2012,1,4,,3,,전라남도,보성군,차량단독,공작물충돌,공작물충돌,안전운전 의무 불이행,단일로,기타단일로,승용차,없음,주간,12/22/2012,10,금요일,988371,1650340,127.3727966,34.84764191
2012,1,1,,,,전라남도,보성군,차대사람,기타,기타,안전운전 의무 불이행,단일로,기타단일로,화물차,보행자,주간,12/24/2012,13,일요일,984324,1649275,127.3285476,34.83798738
2012,1,2,1,,,전라남도,보성군,차량단독,전도전복,전도전복,안전운전 의무 불이행,단일로,기타단일로,화물차,없음,야간,1/6/2013,5,토요일,959497,1645320,127.0572015,34.80164034
2012,1,1,,,,전라남도,순천시,차대사람,기타,기타,안전운전 의무 불이행,단일로,기타단일로,승용차,보행자,주간,1/20/2012,12,금요일,998487,1656910,127.4834371,34.90695309
2012,1,1,,,,전라남도,순천시,차대사람,기타,기타,안전운전 의무 불이행,단일로,기타단일로,승용차,보행자,야간,1/27/2012,22,금요일,1001954,1662091,127.5214013,34.95367494
2012,1,1,,,,전라남도,순천시,차대사람,횡단중,횡단중,안전운전 의무 불이행,교차로,교차로부근,승용차,보행자,야간,2/28/2012,20,금요일,1003414,1657833,127.5373745,34.91527439
2012,1,1,,,,전라남도,순천시,차량단독,공작물충돌,공작물충돌,안전운전 의무 불이행,단일로,기타단일로,승용차,없음,야간,3/25/2012,0,목요일,1006047,1654931,127.5661781,34.88909309
2012,1,1,,,,전라남도,순천시,차대사람,횡단중,횡단중,안전운전 의무 불이행,단일로,기타단일로,승용차,보행자,야간,4/29/2012,19,일요일,973342,1676869,127.2075549,35.08658349
2012,1,3,,2,,전라남도,순천시,차대차,측면충돌,측면충돌,안전운전 의무 불이행,교차로,교차로내,승용차,화물차,주간,5/1/2012,16,화요일,998655,1657237,127.4852767,34.90990478
2012,1,1,,,,전라남도,순천시,차대사람,횡단중,횡단중,안전운전 의무 불이행,교차로,교차로내,승용차,보행자,야간,5/2/2012,21,수요일,1000227,1660580,127.5024858,34.94005132
2012,1,1,,,,전라남도,순천시,차대차,추돌,주정차중 충돌,안전운전 의무 불이행,단일로,기타단일로,승용차,특수차,주간,5/7/2012,11,월요일,1002131,1658677,127.5233279,34.92288782
2012,1,2,,1,,전라남도,순천시,차대차,추돌,진행중 추돌,안전운전 의무 불이행,단일로,기타단일로,승용차,농기계,야간,5/7/2012,19,월요일,978909,1673426,127.2687145,35.05566626
2012,1,1,,,,전라남도,순천시,차대차,추돌,진행중 추돌,안전운전 의무 불이행,단일로,기타단일로,원동기장치자전거,건설기계,주간,5/25/2012,10,일요일,1000119,1662509,127.5013034,34.95744523
2012,1,1,,,,전라남도,순천시,차대차,측면충돌,측면충돌,기타,교차로,교차로내,승용차,이륜차,주간,5/28/2012,7,수요일,1001841,1661131,127.5201615,34.94501833
2012,1,1,,,,전라남도,순천시,차량단독,기타,기타,안전운전 의무 불이행,교차로,교차로내,원동기장치자전거,없음,주간,6/1/2012,16,일요일,982354,1670490,127.3065594,35.02925754
2012,1,2,,1,,전라남도,순천시,차대차,정면충돌,정면충돌,중앙선 침범,단일로,기타단일로,승용차,특수차,주간,6/5/2012,8,목요일,1006167,1655871,127.567495,34.89757161
2012,1,1,,,,전라남도,순천시,차대차,측면충돌,측면충돌,신호위반,교차로,교차로내,이륜차,승용차,주간,6/9/2012,9,월요일,1003082,1657954,127.5337426,34.91636298
2012,1,1,,,,전라남도,순천시,차량단독,도로이탈,도로이탈 추락,안전운전 의무 불이행,교차로,교차로부근,승용차,없음,야간,6/10/2012,5,화요일,999941,1660493,127.4993495,34.93927043
2012,1,1,,,,전라남도,순천시,차대차,기타,기타,안전운전 의무 불이행,단일로,기타단일로,승용차,원동기장치자전거,주간,7/12/2012,16,화요일,1000814,1655080,127.5089118,34.89045079
2012,1,1,,,,전라남도,순천시,차대사람,횡단중,횡단중,과속,교차로,교차로내,승용차,보행자,야간,8/6/2012,23,월요일,1000465,1661595,127.5050872,34.94920042
2012,1,1,,,,전라남도,순천시,차대차,측면충돌,측면충돌,안전운전 의무 불이행,교차로,교차로부근,화물차,자전거,야간,8/10/2012,19,금요일,1000036,1660185,127.5003898,34.93649303
2012,1,1,,,,전라남도,순천시,차대차,측면충돌,측면충돌,안전운전 의무 불이행,단일로,기타단일로,화물차,이륜차,주간,8/13/2012,17,월요일,978767,1674311,127.2671358,35.06364989
2012,1,1,,,,전라남도,순천시,차대사람,횡단중,횡단중,신호위반,단일로,횡단보도상,승합차,보행자,주간,8/22/2012,15,토요일,999067,1661322,127.4897821,34.94674192
2012,1,1,,,,전라남도,순천시,차대사람,횡단중,횡단중,안전운전 의무 불이행,단일로,기타단일로,승용차,보행자,야간,8/26/2012,20,수요일,1001253,1661021,127.5137186,34.9440255
2012,1,2,,1,,전라남도,순천시,차량단독,공작물충돌,공작물충돌,안전운전 의무 불이행,단일로,기타단일로,승용차,없음,야간,8/27/2012,2,목요일,999670,1658698,127.496387,34.92308028
2012,1,2,,1,,전라남도,순천시,차대차,추돌,주정차중 충돌,안전운전 의무 불이행,단일로,기타단일로,화물차,승합차,야간,9/11/2012,23,금요일,1002079,1662217,127.5227717,34.9548136
2012,1,2,1,,,전라남도,순천시,차량단독,전도전복,전도전복,안전운전 의무 불이행,단일로,기타단일로,화물차,없음,주간,9/20/2012,11,수요일,976661,1667914,127.2442134,35.00591787
2012,1,4,,3,,전라남도,순천시,차대차,추돌,주정차중 충돌,안전운전 의무 불이행,교차로,교차로내,승용차,승용차,야간,9/24/2012,4,일요일,1002081,1661121,127.5227898,34.94492769
2012,1,1,,,,전라남도,순천시,차대사람,보도통행중,보도통행중,보행자 보호의무 위반,단일로,횡단보도상,화물차,보행자,야간,10/1/2012,5,일요일,1001825,1660909,127.5199814,34.94301287
2012,1,1,,,,전라남도,순천시,차대사람,횡단중,횡단중,안전운전 의무 불이행,단일로,횡단보도상,승용차,보행자,주간,10/3/2012,8,화요일,998589,1663005,127.4845444,34.96191784
2012,1,1,,,,전라남도,순천시,차대차,측면충돌,측면충돌,신호위반,교차로,교차로내,화물차,이륜차,야간,10/8/2012,0,일요일,1001954,1662860,127.5214031,34.9606094
2012,1,2,,1,,전라남도,순천시,차대차,측면충돌,측면충돌,기타,교차로,교차로내,건설기계,승용차,주간,10/19/2012,17,토요일,1005194,1659613,127.5568731,34.93131537
2012,1,1,,,,전라남도,순천시,차대차,기타,기타,안전운전 의무 불이행,교차로,교차로내,승용차,원동기장치자전거,주간,11/1/2012,8,금요일,998434,1664111,127.4828434,34.97189186
2012,1,1,,,,전라남도,순천시,차대사람,기타,기타,보행자 보호의무 위반,단일로,기타단일로,승용차,보행자,야간,11/1/2012,19,금요일,996492,1654218,127.4616083,34.88267278
2012,1,1,,,,전라남도,순천시,차대사람,기타,기타,안전운전 의무 불이행,단일로,기타단일로,승용차,보행자,야간,11/2/2012,18,토요일,995037,1658512,127.4456671,34.92139363
2012,1,1,,,,전라남도,순천시,차대사람,횡단중,횡단중,안전운전 의무 불이행,단일로,기타단일로,화물차,보행자,주간,11/24/2012,12,수요일,1001068,1660684,127.5116955,34.94098861
2012,1,1,,,,전라남도,순천시,차량단독,기타,기타,안전운전 의무 불이행,단일로,기타단일로,원동기장치자전거,없음,주간,11/26/2012,11,금요일,978808,1672958,127.2676167,35.05144585
2012,1,1,,,,전라남도,순천시,차대사람,차도통행중,차도통행중,안전운전 의무 불이행,단일로,기타단일로,승용차,보행자,야간,12/17/2012,18,일요일,997814,1655014,127.4760785,34.88985451
2012,1,3,,2,,전라남도,신안군,차량단독,공작물충돌,공작물충돌,안전운전 의무 불이행,단일로,기타단일로,화물차,없음,주간,1/21/2012,14,토요일,869000,1658489,126.0659848,34.91273122
2012,1,1,,,,전라남도,신안군,차대사람,길가장자리구역통행중,길가장자리구역통행중,안전운전 의무 불이행,단일로,기타단일로,불명,보행자,주간,2/3/2012,9,금요일,873296,1649251,126.1143964,34.82999654
2012,1,4,2,1,,전라남도,신안군,차량단독,공작물충돌,공작물충돌,안전운전 의무 불이행,단일로,기타단일로,승용차,없음,주간,2/5/2012,10,일요일,882058,1674449,126.2066326,35.05821667
2012,1,1,,,,전라남도,신안군,차대사람,차도통행중,차도통행중,안전운전 의무 불이행,단일로,기타단일로,화물차,보행자,야간,2/13/2012,4,월요일,860412,1642874,125.9746006,34.77083017
2012,2,5,3,,,전라남도,신안군,차대차,정면충돌,정면충돌,중앙선 침범,단일로,기타단일로,승용차,화물차,야간,3/4/2012,18,수요일,895197,1648371,126.3539668,34.82455822
2012,1,1,,,,전라남도,신안군,차대차,측면충돌,측면충돌,기타,교차로,교차로내,화물차,원동기장치자전거,주간,4/1/2012,8,수요일,866963,1655464,126.0441718,34.88519937
2012,1,4,,3,,전라남도,신안군,차대차,측면충돌,측면충돌,중앙선 침범,단일로,기타단일로,승용차,농기계,주간,7/15/2012,9,금요일,876370,1627485,126.1511957,34.63414982