사고년도,사망자수,부상자수,중상자수,경상자수,부상신고자수,시도,시군구,사고유형 대분류,사고유형 중분류,사고유형,가해자법규위반,도로형태 대분류,도로형태,가해당사자 종별,피해당사자 종별,주야구분,발생일,발생시간,발생요일,발생위치X좌표 (EPSG 5179),발생위치Y좌표 (EPSG 5179),경도좌표,위도좌표
2012,1,1,,,,전라남도,신안군,차대사람,횡단중,횡단중,안전운전 의무 불이행,기타/불명,기타/불명,이륜차,보행자,주간,8/3/2012,13,금요일,874277,1642215,126.1261734,34.76668771
2012,1,2,1,,,전라남도,신안군,차대차,측면충돌,측면충돌,기타,교차로,교차로내,승용차,승용차,주간,9/20/2012,15,수요일,866999,1655365,126.0445869,34.8843099
2012,1,1,,,,전라남도,신안군,차량단독,도로이탈,도로이탈 추락,안전운전 의무 불이행,단일로,기타단일로,농기계,없음,주간,10/3/2012,15,화요일,857041,1633731,125.939324,34.68794185
2012,1,1,,,,전라남도,신안군,차량단독,공작물충돌,공작물충돌,안전운전 의무 불이행,단일로,기타단일로,화물차,없음,주간,10/31/2012,17,목요일,874806,1639168,126.1324055,34.73928609
2012,1,2,1,,,전라남도,신안군,차량단독,도로이탈,도로이탈 기타,안전운전 의무 불이행,단일로,기타단일로,화물차,없음,야간,11/2/2012,18,토요일,861569,1642537,125.9872957,34.76794727
2012,1,1,,,,전라남도,신안군,차량단독,도로이탈,도로이탈 기타,안전운전 의무 불이행,단일로,기타단일로,화물차,없음,주간,12/16/2012,16,목요일,856337,1633899,125.9316136,34.68935495
2012,1,1,,,,전라남도,신안군,차량단독,도로이탈,도로이탈 추락,안전운전 의무 불이행,단일로,기타단일로,승용차,없음,야간,12/23/2012,23,토요일,872835,1648776,126.1094315,34.82565963
2012,1,1,,,,전라남도,여수시,차대사람,횡단중,횡단중,과속,교차로,교차로내,승용차,보행자,야간,1/18/2012,20,수요일,1019917,1637435,127.7175552,34.73114274
2012,1,1,,,,전라남도,여수시,차대사람,횡단중,횡단중,안전운전 의무 불이행,단일로,기타단일로,승용차,보행자,주간,2/4/2012,6,토요일,1020495,1627196,127.7236192,34.63879492
2012,1,1,,,,전라남도,여수시,차대사람,횡단중,횡단중,안전운전 의무 불이행,단일로,기타단일로,승용차,보행자,야간,3/15/2012,23,일요일,1012903,1636915,127.6409329,34.72656621
2012,1,1,,,,전라남도,여수시,차량단독,전도전복,전도전복,안전운전 의무 불이행,단일로,기타단일로,승용차,없음,야간,3/19/2012,22,목요일,1025764,1627772,127.7811239,34.64387747
2012,1,1,,,,전라남도,여수시,차대사람,횡단중,횡단중,안전운전 의무 불이행,교차로,교차로부근,화물차,보행자,야간,3/25/2012,5,목요일,1019212,1639986,127.7099126,34.75416056
2012,1,2,,1,,전라남도,여수시,차대차,기타,기타,안전운전 의무 불이행,교차로,교차로내,화물차,승합차,주간,3/27/2012,8,토요일,1010862,1649871,127.6188098,34.84342382
2012,1,7,,6,,전라남도,여수시,차대차,정면충돌,정면충돌,신호위반,교차로,교차로내,승용차,승합차,야간,3/30/2012,22,화요일,1016369,1639490,127.6788402,34.74973733
2012,1,1,,,,전라남도,여수시,차대사람,횡단중,횡단중,안전운전 의무 불이행,단일로,기타단일로,승용차,보행자,야간,4/8/2012,5,목요일,1022421,1636993,127.7448946,34.72710226
2012,1,1,,,,전라남도,여수시,차대사람,기타,기타,안전운전 의무 불이행,교차로,교차로내,승용차,보행자,야간,4/8/2012,5,목요일,1020940,1639151,127.728772,34.74659674
2012,1,1,,,,전라남도,여수시,차대사람,횡단중,횡단중,보행자 보호의무 위반,교차로,교차로내,화물차,보행자,주간,4/8/2012,17,목요일,1019504,1644300,127.7131998,34.79306106
2012,1,1,,,,전라남도,여수시,차대사람,횡단중,횡단중,안전운전 의무 불이행,단일로,기타단일로,화물차,보행자,야간,4/8/2012,23,목요일,1010218,1649598,127.6117548,34.84097319
2012,1,1,,,,전라남도,여수시,차대사람,횡단중,횡단중,안전운전 의무 불이행,단일로,기타단일로,승용차,보행자,야간,4/16/2012,3,금요일,1018137,1641555,127.6982009,34.76832908
2012,1,1,,,,전라남도,여수시,차량단독,기타,기타,안전운전 의무 불이행,단일로,기타단일로,화물차,없음,주간,4/23/2012,14,월요일,1015972,1641153,127.6745343,34.76474016
2012,1,1,,,,전라남도,여수시,차대사람,횡단중,횡단중,안전운전 의무 불이행,교차로,교차로내,승용차,보행자,주간,4/27/2012,10,금요일,1005208,1646544,127.556944,34.81346664
2012,1,1,,,,전라남도,여수시,차대사람,횡단중,횡단중,안전운전 의무 불이행,단일로,기타단일로,승용차,보행자,야간,4/28/2012,21,토요일,1020837,1638494,127.7276305,34.74067418
2012,1,1,,,,전라남도,여수시,차대사람,횡단중,횡단중,안전운전 의무 불이행,단일로,기타단일로,승용차,보행자,주간,5/6/2012,14,일요일,1016360,1641096,127.678773,34.76422
2012,1,1,,,,전라남도,여수시,차대사람,기타,기타,안전운전 의무 불이행,단일로,기타단일로,화물차,보행자,주간,5/30/2012,13,금요일,1027723,1603921,127.8017214,34.42873521
2012,1,1,,,,전라남도,여수시,차량단독,공작물충돌,공작물충돌,안전운전 의무 불이행,단일로,기타단일로,화물차,없음,야간,6/1/2012,0,일요일,1024168,1635228,127.7639212,34.71115057
2012,1,1,,,,전라남도,여수시,차대사람,기타,기타,안전운전 의무 불이행,단일로,기타단일로,승용차,보행자,야간,6/4/2012,19,수요일,1008101,1641907,127.5885312,34.77163247
2012,1,1,,,,전라남도,여수시,차대사람,기타,기타,신호위반,교차로,교차로내,승합차,보행자,야간,6/28/2012,20,화요일,1022436,1638407,127.7450961,34.73985574
2012,1,1,,,,전라남도,여수시,차량단독,공작물충돌,공작물충돌,안전운전 의무 불이행,단일로,기타단일로,승용차,없음,야간,6/30/2012,4,목요일,1020055,1640251,127.7191318,34.75653493
2012,1,1,,,,전라남도,여수시,차량단독,전도전복,전도전복,안전운전 의무 불이행,단일로,기타단일로,승용차,없음,야간,7/14/2012,1,목요일,1014893,1645030,127.66281,34.79972003
2012,1,1,,,,전라남도,여수시,차대사람,횡단중,횡단중,보행자 보호의무 위반,단일로,횡단보도상,승용차,보행자,주간,7/18/2012,16,수요일,1015599,1640444,127.6704452,34.75835234
2012,1,8,,7,,전라남도,여수시,차대차,측면충돌,측면충돌,안전운전 의무 불이행,단일로,기타단일로,승용차,승합차,주간,7/22/2012,10,일요일,1009299,1648782,127.6017007,34.83362268
2012,1,1,,,,전라남도,여수시,차량단독,기타,기타,안전운전 의무 불이행,단일로,기타단일로,화물차,없음,야간,7/28/2012,5,토요일,1024364,1631889,127.765974,34.68103277
2012,1,1,,,,전라남도,여수시,차대사람,횡단중,횡단중,안전운전 의무 불이행,교차로,교차로부근,승용차,보행자,야간,7/29/2012,0,일요일,1017813,1641567,127.6946605,34.768443
2012,1,1,,,,전라남도,여수시,차대사람,횡단중,횡단중,보행자 보호의무 위반,단일로,횡단보도상,승합차,보행자,주간,7/29/2012,9,일요일,1021392,1638436,127.7336942,34.74013877
2012,1,1,,,,전라남도,여수시,차대사람,횡단중,횡단중,안전운전 의무 불이행,교차로,교차로내,화물차,보행자,야간,8/9/2012,2,목요일,1018909,1640999,127.7066248,34.76330119
2012,1,1,,,,전라남도,여수시,차대사람,횡단중,횡단중,신호위반,단일로,횡단보도상,화물차,보행자,주간,8/10/2012,13,금요일,1014885,1641954,127.6626703,34.77197982
2012,1,4,1,2,,전라남도,여수시,차대차,측면충돌,측면충돌,교차로 통행방법 위반,교차로,교차로내,건설기계,승용차,주간,8/22/2012,13,토요일,1022149,1650743,127.7422915,34.85110121
2012,1,5,3,1,,전라남도,여수시,차대차,측면충돌,측면충돌,안전거리 미확보,단일로,기타단일로,승용차,승용차,야간,8/22/2012,20,토요일,1018078,1636969,127.6974577,34.72697466
2012,1,1,,,,전라남도,여수시,차대사람,횡단중,횡단중,안전운전 의무 불이행,단일로,횡단보도상,승용차,보행자,야간,9/3/2012,23,목요일,1022044,1638745,127.7408227,34.74291228
2012,1,1,,,,전라남도,여수시,차대사람,보도통행중,보도통행중,신호위반,교차로,교차로내,화물차,보행자,주간,9/4/2012,10,금요일,1022587,1639878,127.7467851,34.7531184
2012,1,1,,,,전라남도,여수시,차대차,기타,기타,안전거리 미확보,단일로,기타단일로,승합차,농기계,주간,9/19/2012,6,토요일,1009902,1633099,127.6081065,34.69218307
2012,1,2,,1,,전라남도,여수시,차대차,측면충돌,측면충돌,중앙선 침범,단일로,기타단일로,승용차,승용차,주간,9/20/2012,8,수요일,1020845,1646504,127.7279164,34.81290581
2012,1,1,,,,전라남도,여수시,차대사람,횡단중,횡단중,안전운전 의무 불이행,단일로,기타단일로,승용차,보행자,야간,9/27/2012,22,수요일,1014959,1643680,127.6635097,34.78754335
2012,1,1,,,,전라남도,여수시,차량단독,공작물충돌,공작물충돌,안전운전 의무 불이행,교차로,교차로내,승용차,없음,야간,10/1/2012,21,일요일,1010323,1633230,127.6127068,34.69336385
2012,1,1,,,,전라남도,여수시,차대차,정면충돌,정면충돌,안전운전 의무 불이행,단일로,기타단일로,화물차,원동기장치자전거,주간,10/13/2012,11,금요일,1022857,1640754,127.7497621,34.76100829
2012,1,1,,,,전라남도,여수시,차대사람,기타,기타,안전운전 의무 불이행,단일로,기타단일로,승용차,보행자,야간,10/19/2012,20,토요일,1007322,1653694,127.5801208,34.87792992
2012,1,7,6,,,전라남도,여수시,차대사람,횡단중,횡단중,안전운전 의무 불이행,단일로,기타단일로,승용차,보행자,야간,10/20/2012,23,일요일,1020105,1637751,127.7196162,34.73398867
2012,1,1,,,,전라남도,여수시,차대사람,횡단중,횡단중,안전운전 의무 불이행,교차로,교차로부근,승용차,보행자,야간,10/25/2012,5,금요일,1019349,1636871,127.7113379,34.72606763
2012,1,15,11,3,,전라남도,여수시,차대차,측면충돌,측면충돌,신호위반,교차로,교차로내,승합차,화물차,주간,10/25/2012,7,금요일,1014423,1645062,127.6576747,34.80001355
2012,1,5,3,1,,전라남도,여수시,차대차,측면충돌,측면충돌,중앙선 침범,교차로,교차로부근,화물차,승용차,주간,11/5/2012,13,화요일,1015382,1643101,127.668126,34.78231849
2012,1,1,,,,전라남도,여수시,차대차,측면충돌,측면충돌,안전거리 미확보,단일로,기타단일로,원동기장치자전거,승합차,주간,11/23/2012,16,화요일,1020687,1640063,127.7260304,34.75482608
2012,1,2,1,,,전라남도,여수시,차대차,측면충돌,측면충돌,중앙선 침범,교차로,교차로내,승용차,이륜차,주간,12/1/2012,17,수요일,1020114,1637768,127.7197149,34.73414179
2012,1,1,,,,전라남도,여수시,차대차,추돌,주정차중 충돌,안전운전 의무 불이행,단일로,기타단일로,화물차,승합차,주간,12/14/2012,7,화요일,1018916,1640980,127.7067008,34.76312973
2012,1,1,,,,전라남도,여수시,차대사람,횡단중,횡단중,안전운전 의무 불이행,단일로,기타단일로,승합차,보행자,야간,12/16/2012,5,목요일,1020824,1639897,127.7275221,34.75332996
2012,1,1,,,,전라남도,여수시,차대사람,기타,기타,안전운전 의무 불이행,교차로,교차로내,화물차,보행자,주간,12/16/2012,9,목요일,1017685,1641589,127.6932622,34.76864092
2012,1,1,,,,전라남도,여수시,차대사람,기타,기타,안전운전 의무 불이행,단일로,기타단일로,승용차,보행자,야간,1/12/2013,23,금요일,1014906,1641613,127.6628937,34.76890446
2012,1,1,,,,전라남도,영광군,차량단독,도로이탈,도로이탈 기타,안전운전 의무 불이행,단일로,기타단일로,승용차,없음,주간,1/18/2012,16,수요일,908908,1689785,126.4993359,35.19926875
2012,1,2,,1,,전라남도,영광군,차대차,추돌,주정차중 충돌,안전운전 의무 불이행,교차로,교차로내,승합차,승용차,주간,3/20/2012,15,토요일,906691,1699069,126.473928,35.28276798
2012,1,1,,,,전라남도,영광군,차량단독,공작물충돌,공작물충돌,안전운전 의무 불이행,단일로,기타단일로,원동기장치자전거,없음,야간,4/13/2012,5,화요일,907211,1714175,126.4779353,35.41900515
2012,1,3,1,,1,전라남도,영광군,차대차,추돌,주정차중 충돌,중앙선 침범,단일로,기타단일로,승용차,화물차,주간,6/19/2012,10,목요일,909877,1702059,126.5086304,35.31001685
2012,1,1,,,,전라남도,영광군,차량단독,도로이탈,도로이탈 추락,안전운전 의무 불이행,단일로,기타단일로,화물차,없음,주간,6/19/2012,12,일요일,907725,1688900,126.4864402,35.19118083
2012,1,1,,,,전라남도,영광군,차량단독,전도전복,전도전복,안전운전 의무 불이행,단일로,기타단일로,화물차,없음,야간,6/25/2012,19,토요일,914099,1700304,126.5552524,35.2945642
2012,1,1,,,,전라남도,영광군,차량단독,전도전복,전도전복,안전운전 의무 불이행,단일로,기타단일로,이륜차,없음,주간,7/7/2012,16,목요일,912514,1693258,126.5385733,35.23090073
2012,1,1,,,,전라남도,영광군,차대사람,길가장자리구역통행중,길가장자리구역통행중,안전운전 의무 불이행,단일로,기타단일로,승용차,보행자,주간,7/16/2012,11,토요일,902047,1698820,126.4229002,35.28007654
2012,1,1,,,,전라남도,영광군,차대사람,기타,기타,안전운전 의무 불이행,단일로,기타단일로,건설기계,보행자,주간,9/24/2012,14,일요일,903468,1696955,126.4387437,35.26339988
2012,1,1,,,,전라남도,영광군,차량단독,기타,기타,안전운전 의무 불이행,단일로,기타단일로,이륜차,없음,주간,9/28/2012,11,목요일,905421,1706713,126.459084,35.35156035
2012,1,1,,,,전라남도,영광군,차량단독,전도전복,전도전복,안전운전 의무 불이행,교차로,교차로부근,농기계,없음,주간,11/3/2012,13,일요일,902897,1697640,126.4323829,35.26951843
2012,1,1,,,,전라남도,영광군,차대차,정면충돌,정면충돌,중앙선 침범,단일로,기타단일로,이륜차,승용차,주간,11/11/2012,11,월요일,904046,1708026,126.4438025,35.36326179
2012,1,1,,,,전라남도,영광군,차대차,기타,기타,안전운전 의무 불이행,단일로,기타단일로,불명,승용차,야간,11/28/2012,0,일요일,907923,1698861,126.4875037,35.28100243
2012,1,5,1,3,,전라남도,영광군,차대차,추돌,진행중 추돌,안전운전 의무 불이행,단일로,기타단일로,승용차,승용차,야간,12/3/2012,1,금요일,913602,1699425,126.5498797,35.28659562
2012,1,1,,,,전라남도,영암군,차량단독,공작물충돌,공작물충돌,안전운전 의무 불이행,교차로,교차로내,승용차,없음,야간,2/9/2012,21,목요일,900618,1639807,126.4142446,34.74788703
2012,1,1,,,,전라남도,영암군,차대차,측면충돌,측면충돌,안전운전 의무 불이행,교차로,교차로부근,이륜차,승용차,주간,3/11/2012,13,수요일,896903,1639957,126.3736465,34.74887086
2012,2,3,1,,,전라남도,영암군,차대차,측면충돌,측면충돌,기타,교차로,교차로내,화물차,화물차,주간,3/26/2012,12,금요일,903715,1642189,126.4478053,34.76965896
2012,1,1,,,,전라남도,영암군,차량단독,공작물충돌,공작물충돌,안전운전 의무 불이행,단일로,기타단일로,화물차,없음,주간,3/28/2012,13,일요일,921655,1649894,126.6431091,34.84067458
2012,1,3,1,1,,전라남도,영암군,차대차,추돌,진행중 추돌,안전운전 의무 불이행,단일로,기타단일로,화물차,화물차,야간,3/30/2012,18,화요일,915143,1647361,126.5721446,34.81730595
2012,1,1,,,,전라남도,영암군,차량단독,도로이탈,도로이탈 기타,안전운전 의무 불이행,교차로,교차로부근,화물차,없음,주간,4/18/2012,7,수요일,913935,1637123,126.5599892,34.72489658
2012,1,1,,,,전라남도,영암군,차대차,측면충돌,측면충돌,안전운전 의무 불이행,단일로,기타단일로,화물차,농기계,주간,5/2/2012,12,수요일,926679,1647238,126.6982858,34.81709699
2012,1,1,,,,전라남도,영암군,차량단독,공작물충돌,공작물충돌,안전운전 의무 불이행,단일로,기타단일로,승합차,없음,주간,5/6/2012,8,일요일,903253,1639403,126.4430742,34.74449769
2012,1,11,2,7,1,전라남도,영암군,차대차,정면충돌,정면충돌,중앙선 침범,단일로,기타단일로,승합차,승합차,야간,5/6/2012,18,일요일,902648,1642849,126.4360706,34.77550744
2012,1,1,,,,전라남도,영암군,차량단독,공작물충돌,공작물충돌,안전운전 의무 불이행,단일로,기타단일로,화물차,없음,야간,5/12/2012,23,토요일,904730,1642606,126.458845,34.77351587
2012,1,1,,,,전라남도,영암군,차대사람,횡단중,횡단중,안전운전 의무 불이행,단일로,기타단일로,화물차,보행자,주간,5/22/2012,11,목요일,927051,1645250,126.7025257,34.79919822
2012,1,2,,1,,전라남도,영암군,차대차,측면충돌,측면충돌,신호위반,교차로,교차로내,승용차,화물차,주간,5/31/2012,12,토요일,905373,1641830,126.4659583,34.7665791
2012,1,1,,,,전라남도,영암군,차량단독,전도전복,전도전복,안전운전 의무 불이행,단일로,기타단일로,농기계,없음,주간,6/7/2012,15,토요일,917865,1651731,126.6014807,34.85693532
2012,1,3,,2,,전라남도,영암군,차대차,측면충돌,측면충돌,과속,단일로,기타단일로,특수차,화물차,야간,6/16/2012,22,월요일,911265,1640244,126.5305054,34.75281232
2012,1,1,,,,전라남도,영암군,차량단독,도로이탈,도로이탈 추락,안전운전 의무 불이행,교차로,교차로내,이륜차,없음,야간,6/21/2012,19,화요일,918371,1634108,126.6087206,34.69807698
2012,1,1,,,,전라남도,영암군,차대사람,길가장자리구역통행중,길가장자리구역통행중,안전운전 의무 불이행,단일로,기타단일로,화물차,보행자,야간,7/7/2012,22,목요일,898757,1638291,126.3940986,34.73403561
2012,1,1,,,,전라남도,영암군,차대차,측면충돌,측면충돌,기타,교차로,교차로내,화물차,이륜차,야간,7/10/2012,19,일요일,921645,1641826,126.6437491,34.76792417
2012,1,3,2,,,전라남도,영암군,차량단독,공작물충돌,공작물충돌,안전운전 의무 불이행,단일로,기타단일로,승용차,없음,주간,7/22/2012,13,일요일,901235,1638763,126.4211067,34.73853401
2012,1,2,,1,,전라남도,영암군,차대차,측면충돌,측면충돌,기타,교차로,교차로내,화물차,화물차,주간,8/8/2012,14,수요일,900209,1640343,126.4097135,34.75267979
2012,1,1,,,,전라남도,영암군,차량단독,전도전복,전도전복,안전운전 의무 불이행,단일로,기타단일로,원동기장치자전거,없음,주간,8/13/2012,16,월요일,917216,1648898,126.5946593,34.83133968
2012,1,1,,,,전라남도,영암군,차대사람,횡단중,횡단중,안전운전 의무 불이행,단일로,기타단일로,승용차,보행자,야간,8/15/2012,1,수요일,918613,1635847,126.6112003,34.71377741
2012,1,1,,,,전라남도,영암군,차량단독,도로이탈,도로이탈 기타,안전운전 의무 불이행,교차로,교차로내,승용차,없음,야간,8/22/2012,4,토요일,903309,1643062,126.4432656,34.77749349
2012,1,5,3,1,,전라남도,영암군,차대차,측면충돌,측면충돌,기타,교차로,교차로내,특수차,승용차,주간,9/6/2012,8,일요일,925496,1644718,126.6855753,34.7942887
2012,1,1,,,,전라남도,영암군,차대차,추돌,진행중 추돌,안전운전 의무 불이행,단일로,기타단일로,화물차,이륜차,주간,9/8/2012,13,화요일,924696,1644604,126.6768412,34.79320195
2012,1,1,,,,전라남도,영암군,차량단독,도로이탈,도로이탈 추락,안전운전 의무 불이행,단일로,기타단일로,이륜차,없음,주간,9/19/2012,15,토요일,920597,1650095,126.6315227,34.84240308
2012,1,1,,,,전라남도,영암군,차대차,측면충돌,측면충돌,안전운전 의무 불이행,교차로,교차로내,화물차,승합차,주간,9/30/2012,11,토요일,906029,1641399,126.4731739,34.76275373
2012,1,3,1,1,,전라남도,영암군,차대차,측면충돌,측면충돌,기타,교차로,교차로내,승용차,승합차,주간,10/28/2012,10,월요일,902761,1641729,126.4374315,34.76542273
2012,1,1,,,,전라남도,영암군,차대차,측면충돌,측면충돌,기타,교차로,교차로내,이륜차,승용차,야간,10/28/2012,18,월요일,925778,1654561,126.6877863,34.88306139
2012,1,1,,,,전라남도,영암군,차대사람,차도통행중,차도통행중,안전운전 의무 불이행,단일로,기타단일로,화물차,보행자,야간,10/28/2012,19,월요일,897740,1639445,126.3828537,34.74433526
2012,2,2,,,,전라남도,영암군,차대차,측면충돌,측면충돌,기타,교차로,교차로내,화물차,원동기장치자전거,주간,10/29/2012,11,화요일,924509,1645803,126.6746896,34.80399926
2012,1,1,,,,전라남도,영암군,차대사람,기타,기타,안전운전 의무 불이행,단일로,기타단일로,승용차,보행자,야간,11/6/2012,22,수요일,907657,1639012,126.4912192,34.74137574
2012,1,1,,,,전라남도,영암군,차대사람,기타,기타,안전운전 의무 불이행,단일로,기타단일로,건설기계,보행자,주간,11/7/2012,11,목요일,898670,1641856,126.3927195,34.76616947
2012,1,1,,,,전라남도,영암군,차대차,측면충돌,측면충돌,기타,교차로,교차로내,승용차,이륜차,주간,11/19/2012,15,금요일,904015,1641518,126.4511564,34.7636391
2012,1,1,,,,전라남도,영암군,차대차,기타,기타,안전운전 의무 불이행,단일로,기타단일로,승용차,자전거,주간,11/20/2012,10,토요일,905188,1639756,126.4641706,34.74786206
2012,1,3,2,,,전라남도,영암군,차대차,추돌,진행중 추돌,안전운전 의무 불이행,단일로,기타단일로,화물차,농기계,야간,11/21/2012,20,일요일,926383,1648802,126.6949123,34.83117791
2012,1,1,,,,전라남도,영암군,차량단독,전도전복,전도전복,안전운전 의무 불이행,기타/불명,기타/불명,농기계,없음,주간,11/23/2012,12,화요일,922966,1653183,126.6571486,34.87042251
2012,1,1,,,,전라남도,영암군,차량단독,전도전복,전도전복,안전운전 의무 불이행,단일로,기타단일로,농기계,없음,주간,12/4/2012,13,토요일,931952,1649777,126.7557331,34.8403536
2012,1,1,,,,전라남도,영암군,차대사람,차도통행중,차도통행중,안전운전 의무 불이행,단일로,기타단일로,화물차,보행자,야간,12/18/2012,18,토요일,927699,1646505,126.709501,34.8105606
2012,1,1,,,,전라남도,영암군,차대차,측면충돌,측면충돌,중앙선 침범,교차로,교차로부근,원동기장치자전거,화물차,주간,12/19/2012,10,화요일,926262,1644973,126.6939255,34.79664373
2012,1,2,,1,,전라남도,영암군,차량단독,전도전복,전도전복,안전운전 의무 불이행,단일로,기타단일로,화물차,없음,주간,12/22/2012,9,금요일,901190,1639482,126.4205266,34.74501047
2012,1,1,,,,전라남도,영암군,차대차,측면충돌,측면충돌,기타,교차로,교차로내,화물차,화물차,주간,12/22/2012,14,금요일,904627,1641368,126.4578599,34.76234407
2012,1,1,,,,전라남도,영암군,차대차,추돌,주정차중 충돌,안전운전 의무 불이행,단일로,기타단일로,승용차,승용차,야간,12/24/2012,18,일요일,902836,1642891,126.4381167,34.77590674
2012,1,1,,,,전라남도,완도군,차량단독,기타,기타,안전운전 의무 불이행,단일로,기타단일로,농기계,없음,주간,1/30/2012,15,월요일,935670,1600700,126.8001194,34.39805579
2012,1,1,,,,전라남도,완도군,차대차,추돌,진행중 추돌,안전운전 의무 불이행,단일로,기타단일로,승용차,건설기계,야간,3/28/2012,18,일요일,927970,1598829,126.7165108,34.38067618
2012,1,1,,,,전라남도,완도군,차대사람,기타,기타,안전운전 의무 불이행,단일로,기타단일로,승용차,보행자,주간,4/19/2012,7,목요일,931451,1591143,126.7549882,34.31160042
2012,1,1,,,,전라남도,완도군,차대사람,기타,기타,안전운전 의무 불이행,단일로,기타단일로,화물차,보행자,야간,5/11/2012,19,금요일,907388,1577070,126.4950002,34.1828349
2012,1,1,,,,전라남도,완도군,차량단독,전도전복,전도전복,안전운전 의무 불이행,교차로,교차로부근,화물차,없음,주간,5/25/2012,13,일요일,942774,1600034,126.8774457,34.39247122
2012,1,1,,,,전라남도,완도군,차대사람,기타,기타,안전운전 의무 불이행,단일로,기타단일로,승용차,보행자,주간,6/4/2012,16,수요일,936209,1602242,126.8058683,34.41199713
2012,1,2,,1,,전라남도,완도군,차대차,기타,기타,중앙선 침범,단일로,기타단일로,승용차,원동기장치자전거,주간,6/21/2012,8,화요일,914499,1574678,126.5723969,34.16186833
2012,1,1,,,,전라남도,완도군,차대사람,길가장자리구역통행중,길가장자리구역통행중,안전운전 의무 불이행,단일로,기타단일로,화물차,보행자,야간,10/13/2012,19,금요일,940904,1576083,126.8587482,34.1763739
2012,1,1,,,,전라남도,완도군,차대차,추돌,진행중 추돌,안전거리 미확보,단일로,기타단일로,승용차,농기계,주간,11/23/2012,6,화요일,929682,1593100,126.7356003,34.3291322
2012,1,1,,,,전라남도,완도군,차대사람,횡단중,횡단중,안전운전 의무 불이행,단일로,기타단일로,화물차,보행자,야간,12/17/2012,18,일요일,937379,1604213,126.8184523,34.42983709
2012,1,1,,,,전라남도,장성군,차대사람,기타,기타,안전운전 의무 불이행,교차로,교차로내,화물차,보행자,주간,1/19/2012,10,목요일,930062,1697079,126.7310699,35.26672987
2012,1,1,,,,전라남도,장성군,차대사람,차도통행중,차도통행중,안전운전 의무 불이행,단일로,기타단일로,승합차,보행자,야간,1/31/2012,18,화요일,937987,1705565,126.8175612,35.34376136
2012,1,1,,,,전라남도,장성군,차량단독,공작물충돌,공작물충돌,안전운전 의무 불이행,교차로,교차로부근,승용차,없음,주간,5/3/2012,10,목요일,933883,1701115,126.7727554,35.30337931
2012,1,1,,,,전라남도,장성군,차량단독,기타,기타,안전운전 의무 불이행,단일로,기타단일로,이륜차,없음,주간,5/23/2012,12,금요일,931860,1701393,126.7504856,35.30574999
2012,1,2,,1,,전라남도,장성군,차량단독,공작물충돌,공작물충돌,안전운전 의무 불이행,단일로,기타단일로,승용차,없음,야간,6/9/2012,18,월요일,936666,1703762,126.8031643,35.32742748
2012,1,3,2,,,전라남도,장성군,차대차,정면충돌,정면충돌,안전운전 의무 불이행,교차로,교차로내,승용차,승용차,주간,6/13/2012,7,금요일,933002,1700132,126.763146,35.29445768
2012,1,3,,2,,전라남도,장성군,차대차,추돌,주정차중 충돌,안전운전 의무 불이행,기타/불명,기타/불명,특수차,화물차,야간,6/22/2012,20,수요일,937042,1695391,126.8079393,35.25197357
2012,1,1,,,,전라남도,장성군,차대차,측면충돌,측면충돌,교차로 통행방법 위반,교차로,교차로내,화물차,승용차,주간,6/25/2012,15,토요일,939780,1695760,126.8380098,35.25546812
2012,2,12,3,6,1,전라남도,장성군,차대차,추돌,진행중 추돌,안전운전 의무 불이행,단일로,기타단일로,승합차,승용차,야간,7/22/2012,4,일요일,935793,1697272,126.7940658,35.26885317
2012,1,1,,,,전라남도,장성군,차량단독,기타,기타,안전운전 의무 불이행,교차로,교차로내,승용차,없음,주간,8/13/2012,12,월요일,921413,1693386,126.636345,35.2327884
2012,1,1,,,,전라남도,장성군,차대사람,횡단중,횡단중,안전운전 의무 불이행,교차로,교차로내,화물차,보행자,야간,9/6/2012,20,일요일,921840,1696988,126.6406956,35.26530123
2012,1,11,3,7,,전라남도,장성군,차대사람,기타,기타,안전운전 의무 불이행,단일로,기타단일로,승합차,보행자,주간,9/18/2012,6,금요일,937057,1711965,126.8068297,35.40141056
2012,1,1,,,,전라남도,장성군,차대사람,차도통행중,차도통행중,안전운전 의무 불이행,단일로,기타단일로,화물차,보행자,야간,9/30/2012,5,토요일,934557,1699889,126.7802663,35.2923697
2012,1,1,,,,전라남도,장성군,차량단독,전도전복,전도전복,안전운전 의무 불이행,단일로,기타단일로,농기계,없음,주간,10/5/2012,16,목요일,922908,1692752,126.6528303,35.22719278
2012,1,1,,,,전라남도,장성군,차대차,추돌,주정차중 충돌,안전운전 의무 불이행,단일로,기타단일로,농기계,승용차,주간,10/12/2012,15,목요일,935236,1696553,126.7879912,35.26233269
2012,3,4,1,,,전라남도,장성군,차량단독,전도전복,전도전복,안전운전 의무 불이행,교차로,교차로부근,승용차,없음,주간,11/22/2012,15,월요일,930969,1698892,126.7408984,35.28314023
2012,1,1,,,,전라남도,장성군,차량단독,기타,기타,안전운전 의무 불이행,단일로,기타단일로,이륜차,없음,주간,12/6/2012,14,월요일,941218,1713059,126.8525696,35.41152769
2012,1,1,,,,전라남도,장성군,차량단독,전도전복,전도전복,안전운전 의무 불이행,단일로,기타단일로,화물차,없음,주간,12/21/2012,17,목요일,942449,1703553,126.8667991,35.3258912