사고년도,사망자수,부상자수,중상자수,경상자수,부상신고자수,시도,시군구,사고유형 대분류,사고유형 중분류,사고유형,가해자법규위반,도로형태 대분류,도로형태,가해당사자 종별,피해당사자 종별,주야구분,발생일,발생시간,발생요일,발생위치X좌표 (EPSG 5179),발생위치Y좌표 (EPSG 5179),경도좌표,위도좌표
2012,1,1,,,,전라남도,장흥군,차량단독,도로이탈,도로이탈 추락,안전운전 의무 불이행,단일로,기타단일로,원동기장치자전거,없음,주간,1/23/2012,9,월요일,951103,1618188,126.967014,34.55660478
2012,1,6,3,2,,전라남도,장흥군,차대차,정면충돌,정면충돌,중앙선 침범,단일로,기타단일로,승용차,승용차,주간,2/11/2012,15,토요일,947721,1645406,126.9284706,34.80187398
2012,1,1,,,,전라남도,장흥군,차대차,추돌,진행중 추돌,기타,단일로,기타단일로,승합차,이륜차,야간,7/7/2012,19,목요일,949724,1614761,126.9521858,34.52563454
2012,2,2,,,,전라남도,장흥군,차량단독,공작물충돌,공작물충돌,안전운전 의무 불이행,교차로,교차로내,화물차,없음,주간,7/9/2012,12,토요일,951970,1641878,126.9751198,34.77027354
2012,1,1,,,,전라남도,장흥군,차대사람,기타,기타,안전운전 의무 불이행,단일로,기타단일로,승용차,보행자,야간,7/31/2012,19,화요일,942935,1631726,126.8770743,34.67826225
2012,1,1,,,,전라남도,장흥군,차량단독,도로이탈,도로이탈 추락,안전운전 의무 불이행,단일로,기타단일로,원동기장치자전거,없음,야간,10/12/2012,19,목요일,948673,1624636,126.9401411,34.61463374
2012,1,1,,,,전라남도,장흥군,차대사람,횡단중,횡단중,안전운전 의무 불이행,단일로,기타단일로,승용차,보행자,야간,10/13/2012,19,금요일,946280,1624767,126.9140285,34.61569065
2012,1,1,,,,전라남도,장흥군,차대사람,기타,기타,안전운전 의무 불이행,단일로,기타단일로,승용차,보행자,야간,12/26/2012,19,화요일,945008,1637104,126.8993518,34.72687129
2012,1,1,,,,전라남도,진도군,차량단독,기타,기타,안전운전 의무 불이행,단일로,기타단일로,이륜차,없음,주간,3/7/2012,12,토요일,888100,1613626,126.2809652,34.51054836
2012,1,1,,,,전라남도,진도군,차대사람,횡단중,횡단중,안전운전 의무 불이행,단일로,횡단보도부근,화물차,보행자,야간,3/28/2012,19,일요일,889542,1605699,126.2977002,34.43922889
2012,1,1,,,,전라남도,진도군,차량단독,공작물충돌,공작물충돌,안전운전 의무 불이행,단일로,기타단일로,승합차,없음,주간,4/4/2012,15,일요일,888387,1620940,126.2831349,34.57652226
2012,1,1,,,,전라남도,진도군,차량단독,도로이탈,도로이탈 추락,안전운전 의무 불이행,단일로,기타단일로,이륜차,없음,주간,4/18/2012,13,일요일,889077,1613759,126.2915947,34.51184969
2012,2,3,1,,,전라남도,진도군,차대차,정면충돌,정면충돌,안전운전 의무 불이행,기타/불명,기타/불명,화물차,화물차,주간,5/1/2012,13,화요일,883372,1605235,126.2306159,34.4343685
2012,1,1,,,,전라남도,진도군,차대사람,기타,기타,안전운전 의무 불이행,단일로,기타단일로,승용차,보행자,야간,7/5/2012,21,화요일,881919,1604833,126.2148626,34.43057351
2012,1,1,,,,전라남도,진도군,차대차,측면충돌,측면충돌,중앙선 침범,단일로,횡단보도부근,이륜차,화물차,야간,9/18/2012,18,월요일,880318,1597814,126.1984213,34.36711039
2012,1,1,,,,전라남도,진도군,차대사람,횡단중,횡단중,안전운전 의무 불이행,교차로,교차로부근,승용차,보행자,야간,10/8/2012,5,일요일,886061,1610136,126.2592266,34.47885505
2012,1,1,,,,전라남도,진도군,차대차,추돌,진행중 추돌,안전거리 미확보,교차로,교차로내,승용차,이륜차,주간,10/20/2012,16,일요일,890281,1615681,126.3044589,34.52930781
2012,1,1,,,,전라남도,진도군,차대차,추돌,진행중 추돌,교차로 통행방법 위반,교차로,교차로내,화물차,농기계,주간,11/6/2012,8,수요일,888431,1605866,126.2855912,34.44061334
2012,1,1,,,,전라남도,진도군,차대사람,기타,기타,안전운전 의무 불이행,단일로,기타단일로,화물차,보행자,주간,12/28/2012,7,목요일,886650,1610634,126.265571,34.4834127
2012,1,1,,,,전라남도,진도군,차대사람,기타,기타,안전운전 의무 불이행,단일로,횡단보도부근,승합차,보행자,야간,1/4/2013,18,목요일,882576,1606483,126.2217882,34.44552762
2012,1,1,,,,전라남도,함평군,차대차,추돌,진행중 추돌,안전운전 의무 불이행,단일로,기타단일로,특수차,자전거,야간,3/10/2012,19,화요일,911309,1669780,126.5278514,35.01911835
2012,1,1,,,,전라남도,함평군,차대차,측면충돌,측면충돌,기타,교차로,교차로내,화물차,원동기장치자전거,주간,3/11/2012,11,수요일,911910,1670023,126.5344124,35.02136185
2012,1,1,,,,전라남도,함평군,차량단독,공작물충돌,공작물충돌,안전운전 의무 불이행,단일로,기타단일로,화물차,없음,주간,3/11/2012,15,수요일,918525,1688689,126.6050759,35.19021315
2012,1,1,,,,전라남도,함평군,차량단독,공작물충돌,공작물충돌,안전운전 의무 불이행,교차로,교차로부근,원동기장치자전거,없음,주간,3/14/2012,7,토요일,910392,1674361,126.517308,35.06033907
2012,1,1,,,,전라남도,함평군,차대사람,길가장자리구역통행중,길가장자리구역통행중,안전운전 의무 불이행,단일로,기타단일로,화물차,보행자,주간,4/16/2012,9,금요일,910993,1670719,126.524293,35.02755942
2012,2,3,1,,,전라남도,함평군,차량단독,공작물충돌,공작물충돌,안전운전 의무 불이행,단일로,기타단일로,승용차,없음,주간,5/12/2012,17,토요일,907178,1681929,126.4812168,35.12828145
2012,1,6,2,3,,전라남도,함평군,차대사람,기타,기타,안전운전 의무 불이행,기타/불명,기타/불명,승용차,보행자,야간,7/3/2012,21,일요일,907607,1678512,126.4863063,35.09751375
2012,1,1,,,,전라남도,함평군,차량단독,도로이탈,도로이탈 기타,안전운전 의무 불이행,단일로,기타단일로,화물차,없음,주간,7/12/2012,14,화요일,918949,1691460,126.6094643,35.21523367
2012,1,1,,,,전라남도,함평군,차대차,측면충돌,측면충돌,신호위반,교차로,교차로내,이륜차,화물차,주간,9/14/2012,8,월요일,908544,1677393,126.4967099,35.08751496
2012,1,1,,,,전라남도,함평군,차대사람,횡단중,횡단중,안전운전 의무 불이행,단일로,기타단일로,승용차,보행자,야간,11/3/2012,4,일요일,911877,1673029,126.5337317,35.04845958
2012,1,1,,,,전라남도,함평군,차대차,추돌,진행중 추돌,안전운전 의무 불이행,단일로,기타단일로,화물차,이륜차,주간,11/13/2012,6,화요일,908311,1683311,126.4934972,35.14084523
2012,1,2,,1,,전라남도,함평군,차대차,추돌,진행중 추돌,안전거리 미확보,단일로,기타단일로,승용차,화물차,야간,1/1/2013,0,월요일,907157,1680083,126.4811936,35.11163628
2012,1,1,,,,전라남도,해남군,차대사람,횡단중,횡단중,안전운전 의무 불이행,교차로,교차로부근,승합차,보행자,야간,1/17/2012,18,화요일,890377,1636648,126.3027979,34.7183608
2012,1,1,,,,전라남도,해남군,차대사람,기타,기타,안전운전 의무 불이행,단일로,기타단일로,화물차,보행자,주간,2/1/2012,6,수요일,893796,1634157,126.3404341,34.69625937
2012,1,2,,1,,전라남도,해남군,차대차,정면충돌,정면충돌,중앙선 침범,단일로,기타단일로,화물차,화물차,주간,3/29/2012,13,월요일,920163,1602790,126.6312256,34.41582235
2012,1,2,,1,,전라남도,해남군,차량단독,공작물충돌,공작물충돌,안전운전 의무 불이행,단일로,기타단일로,화물차,없음,야간,4/8/2012,23,목요일,909138,1611539,126.5103472,34.49379502
2012,1,1,,,,전라남도,해남군,차량단독,기타,기타,안전운전 의무 불이행,단일로,기타단일로,화물차,없음,주간,4/18/2012,16,수요일,918409,1598206,126.6125829,34.37434845
2012,1,1,,,,전라남도,해남군,차대차,측면충돌,측면충돌,중앙선 침범,단일로,기타단일로,화물차,화물차,야간,5/3/2012,0,목요일,909106,1599613,126.5112588,34.38625902
2012,1,1,,,,전라남도,해남군,차대차,추돌,진행중 추돌,안전운전 의무 불이행,단일로,기타단일로,승용차,농기계,야간,5/15/2012,22,화요일,914992,1617731,126.5734792,34.55013143
2012,1,1,,,,전라남도,해남군,차량단독,전도전복,전도전복,안전운전 의무 불이행,단일로,기타단일로,농기계,없음,주간,6/26/2012,8,일요일,923796,1605439,126.670526,34.43998462
2012,1,2,1,,,전라남도,해남군,차대차,측면충돌,측면충돌,안전운전 의무 불이행,단일로,기타단일로,이륜차,화물차,주간,7/14/2012,16,목요일,909084,1600637,126.5109174,34.39549325
2012,2,3,1,,,전라남도,해남군,차량단독,도로이탈,도로이탈 추락,안전운전 의무 불이행,단일로,기타단일로,승용차,없음,야간,9/3/2012,5,목요일,898166,1635270,126.3880099,34.70673454
2012,2,2,,,,전라남도,해남군,차량단독,도로이탈,도로이탈 추락,안전운전 의무 불이행,단일로,기타단일로,농기계,없음,주간,9/20/2012,9,일요일,912519,1618008,126.5465002,34.55242161
2012,1,1,,,,전라남도,해남군,차량단독,도로이탈,도로이탈 기타,안전운전 의무 불이행,단일로,기타단일로,농기계,없음,야간,9/20/2012,18,수요일,924618,1623706,126.6778514,34.60475712
2012,1,1,,,,전라남도,해남군,차대차,추돌,주정차중 충돌,안전운전 의무 불이행,교차로,교차로부근,원동기장치자전거,승합차,주간,9/26/2012,9,화요일,915690,1614387,126.5814227,34.52003712
2012,1,1,,,,전라남도,해남군,차대사람,기타,기타,안전운전 의무 불이행,단일로,기타단일로,화물차,보행자,야간,10/6/2012,2,금요일,913126,1621701,126.5527378,34.5857723
2012,1,2,1,,,전라남도,해남군,차대차,측면충돌,측면충돌,신호위반,교차로,교차로내,이륜차,화물차,주간,10/10/2012,11,화요일,890979,1621208,126.3113524,34.57921069
2012,1,1,,,,전라남도,해남군,차대차,추돌,주정차중 충돌,안전운전 의무 불이행,교차로,교차로내,원동기장치자전거,화물차,주간,10/11/2012,15,수요일,916278,1618844,126.5873844,34.56027285
2012,1,1,,,,전라남도,해남군,차대사람,횡단중,횡단중,안전운전 의무 불이행,단일로,기타단일로,승용차,보행자,야간,10/13/2012,20,금요일,899258,1634876,126.3999792,34.70329309
2012,1,1,,,,전라남도,해남군,차량단독,기타,기타,안전운전 의무 불이행,단일로,기타단일로,승용차,없음,주간,10/14/2012,6,토요일,920892,1619458,126.6376205,34.56617495
2012,1,3,,2,,전라남도,해남군,차대차,측면충돌,측면충돌,교차로 통행방법 위반,교차로,교차로내,화물차,이륜차,주간,10/20/2012,12,일요일,893017,1632858,126.3320992,34.68446637
2012,1,1,,,,전라남도,해남군,차대사람,기타,기타,안전운전 의무 불이행,단일로,기타단일로,화물차,보행자,주간,10/23/2012,9,수요일,890793,1623091,126.3090847,34.59617187
2012,1,1,,,,전라남도,해남군,차대사람,기타,기타,안전운전 의무 불이행,단일로,기타단일로,화물차,보행자,주간,10/25/2012,12,금요일,920730,1619430,126.635854,34.56590996
2012,1,1,,,,전라남도,해남군,차대차,측면충돌,측면충돌,교차로 통행방법 위반,교차로,교차로내,화물차,원동기장치자전거,주간,10/27/2012,9,일요일,924658,1609995,126.6795051,34.48112808
2012,1,1,,,,전라남도,해남군,차대사람,기타,기타,안전운전 의무 불이행,단일로,기타단일로,화물차,보행자,야간,10/31/2012,20,목요일,918732,1600948,126.6158324,34.39910192
2012,1,1,,,,전라남도,해남군,차량단독,공작물충돌,공작물충돌,안전운전 의무 불이행,단일로,기타단일로,화물차,없음,주간,11/4/2012,6,월요일,918176,1615395,126.6084032,34.52932604
2012,1,1,,,,전라남도,해남군,차량단독,전도전복,전도전복,안전운전 의무 불이행,단일로,기타단일로,농기계,없음,주간,11/8/2012,11,금요일,914932,1602856,126.5743137,34.41599644
2012,1,1,,,,전라남도,해남군,차량단독,공작물충돌,공작물충돌,안전운전 의무 불이행,단일로,기타단일로,승용차,없음,야간,11/10/2012,21,일요일,907465,1596994,126.4936974,34.36249897
2012,1,2,1,,,전라남도,해남군,차대차,추돌,주정차중 충돌,안전운전 의무 불이행,단일로,기타단일로,화물차,화물차,야간,11/28/2012,22,일요일,921712,1622246,126.6462952,34.59137729
2012,1,1,,,,전라남도,해남군,차량단독,전도전복,전도전복,안전운전 의무 불이행,단일로,기타단일로,승용차,없음,주간,12/2/2012,11,목요일,907452,1621077,126.4909412,34.57964641
2012,1,1,,,,전라남도,해남군,차대사람,보도통행중,보도통행중,신호위반,단일로,횡단보도상,화물차,보행자,주간,12/7/2012,6,화요일,917006,1619418,126.5952631,34.56550765
2012,1,2,,1,,전라남도,해남군,차량단독,도로이탈,도로이탈 추락,안전운전 의무 불이행,단일로,기타단일로,화물차,없음,주간,12/31/2012,17,일요일,912306,1598434,126.5461909,34.37590149
2012,1,4,3,,,전라남도,해남군,차대차,정면충돌,정면충돌,중앙선 침범,단일로,기타단일로,화물차,화물차,야간,1/2/2013,18,화요일,901325,1630636,126.4230397,34.66526736
2012,1,2,1,,,전라남도,해남군,차대차,정면충돌,정면충돌,중앙선 침범,단일로,기타단일로,화물차,승용차,주간,1/5/2013,15,금요일,910514,1594376,126.5271232,34.33916029
2012,1,2,,1,,전라남도,해남군,차대차,정면충돌,정면충돌,중앙선 침범,단일로,기타단일로,승용차,화물차,야간,1/10/2013,18,수요일,900171,1633251,126.4101378,34.68873304
2012,2,2,,,,전라남도,화순군,차량단독,공작물충돌,공작물충돌,안전운전 의무 불이행,단일로,기타단일로,화물차,없음,주간,3/14/2012,7,토요일,946586,1675959,126.914108,35.07731603
2012,1,5,1,3,,전라남도,화순군,차대차,정면충돌,정면충돌,중앙선 침범,단일로,기타단일로,승용차,승합차,주간,5/13/2012,13,일요일,950853,1663066,126.9616687,34.96127764
2012,1,3,,1,1,전라남도,화순군,차대차,기타,기타,신호위반,교차로,교차로부근,승용차,승합차,주간,6/13/2012,9,금요일,953520,1674066,126.9902657,35.06058955
2012,1,5,1,3,,전라남도,화순군,차대차,기타,기타,안전운전 의무 불이행,단일로,기타단일로,승용차,승용차,주간,7/31/2012,16,화요일,953558,1658357,126.9915557,34.91894346
2012,1,4,2,1,,전라남도,화순군,차량단독,공작물충돌,공작물충돌,안전운전 의무 불이행,단일로,기타단일로,승용차,없음,주간,8/13/2012,15,월요일,950794,1667227,126.9607766,34.998793
2012,1,1,,,,전라남도,화순군,차대사람,기타,기타,안전운전 의무 불이행,단일로,기타단일로,승용차,보행자,주간,8/22/2012,16,토요일,964761,1672157,127.113621,35.04383118
2012,1,1,,,,전라남도,화순군,차대차,추돌,진행중 추돌,안전운전 의무 불이행,단일로,터널안,승용차,농기계,주간,9/13/2012,13,일요일,968283,1680423,127.1519177,35.11848109
2012,1,1,,,,전라남도,화순군,차대차,추돌,진행중 추돌,과속,교차로,교차로내,승합차,이륜차,주간,9/17/2012,14,목요일,943966,1664068,126.8861639,34.96995214
2012,1,3,,2,,전라남도,화순군,차대차,추돌,주정차중 충돌,안전운전 의무 불이행,단일로,기타단일로,승용차,화물차,주간,9/17/2012,12,일요일,949848,1668971,126.9503062,35.01446859
2012,1,6,3,1,1,전라남도,화순군,차량단독,공작물충돌,공작물충돌,안전운전 의무 불이행,단일로,기타단일로,승합차,없음,주간,10/2/2012,13,월요일,953352,1657646,126.989349,34.9125174
2012,1,1,,,,전라남도,화순군,차량단독,전도전복,전도전복,안전운전 의무 불이행,단일로,기타단일로,농기계,없음,야간,11/3/2012,19,일요일,959179,1652432,127.0533899,34.86575592
2012,1,1,,,,전라남도,화순군,차대사람,기타,기타,안전운전 의무 불이행,단일로,기타단일로,화물차,보행자,주간,11/4/2012,17,월요일,950038,1670698,126.9522815,35.03005124
2012,1,1,,,,전라남도,화순군,차량단독,전도전복,전도전복,안전운전 의무 불이행,기타/불명,기타/불명,농기계,없음,주간,11/9/2012,12,토요일,952484,1652770,126.9801189,34.86851266
2012,2,2,,,,전라남도,화순군,차대차,측면충돌,측면충돌,신호위반,교차로,교차로내,화물차,특수차,야간,12/14/2012,4,화요일,951871,1673243,126.9722299,35.05309124
2012,1,1,,,,전라남도,화순군,차대사람,횡단중,횡단중,안전운전 의무 불이행,단일로,기타단일로,승합차,보행자,주간,12/16/2012,6,목요일,952091,1675086,126.9745358,35.06971999
2012,1,1,,,,전라북도,고창군,차대차,추돌,주정차중 충돌,안전운전 의무 불이행,단일로,기타단일로,이륜차,승용차,주간,1/18/2012,13,수요일,922481,1708089,126.646686,35.36543911
2012,1,1,,,,전라북도,고창군,차대사람,기타,기타,안전운전 의무 불이행,단일로,기타단일로,화물차,보행자,주간,4/29/2012,17,일요일,924314,1713163,126.6664017,35.41132217
2012,1,2,1,,,전라북도,고창군,차대차,기타,기타,기타,교차로,교차로내,화물차,원동기장치자전거,주간,5/4/2012,6,금요일,918025,1705896,126.5978685,35.34530765
2012,1,1,,,,전라북도,고창군,차대차,추돌,진행중 추돌,안전운전 의무 불이행,단일로,기타단일로,승용차,자전거,주간,6/14/2012,14,토요일,930365,1726863,126.7318622,35.53528455
2012,1,1,,,,전라북도,고창군,차대사람,기타,기타,안전운전 의무 불이행,단일로,기타단일로,화물차,보행자,야간,6/19/2012,1,목요일,908564,1712942,126.4929771,35.40800984
2012,1,1,,,,전라북도,고창군,차량단독,도로이탈,도로이탈 기타,안전운전 의무 불이행,단일로,기타단일로,화물차,없음,주간,6/27/2012,13,월요일,913659,1714836,126.5488796,35.42553828
2012,1,1,,,,전라북도,고창군,차대차,측면충돌,측면충돌,안전운전 의무 불이행,교차로,교차로내,화물차,원동기장치자전거,주간,9/15/2012,11,화요일,924641,1725891,126.6688185,35.52610174
2012,1,1,,,,전라북도,고창군,차량단독,기타,기타,안전운전 의무 불이행,교차로,교차로부근,화물차,없음,야간,9/15/2012,21,화요일,926640,1714520,126.6918902,35.42373352
2012,1,1,,,,전라북도,고창군,차대사람,횡단중,횡단중,안전운전 의무 불이행,교차로,교차로부근,승용차,보행자,야간,10/15/2012,19,화요일,922296,1715922,126.6439046,35.43604396
2012,1,1,,,,전라북도,고창군,차대사람,횡단중,횡단중,안전운전 의무 불이행,교차로,교차로내,승용차,보행자,야간,10/16/2012,18,수요일,927529,1722253,126.7009909,35.49352204
2012,1,1,,,,전라북도,고창군,차대사람,횡단중,횡단중,안전운전 의무 불이행,교차로,교차로내,승용차,보행자,야간,10/30/2012,18,수요일,923378,1709931,126.6563917,35.38211396
2012,1,1,,,,전라북도,고창군,차대사람,횡단중,횡단중,안전운전 의무 불이행,교차로,교차로부근,승용차,보행자,야간,11/12/2012,19,화요일,924862,1715796,126.6721884,35.43510511
2012,1,1,,,,전라북도,고창군,차대사람,횡단중,횡단중,안전운전 의무 불이행,교차로,교차로부근,화물차,보행자,야간,11/19/2012,18,금요일,926710,1716053,126.6925233,35.43756006
2012,1,1,,,,전라북도,고창군,차대사람,횡단중,횡단중,안전운전 의무 불이행,단일로,교량위,승용차,보행자,야간,11/28/2012,20,일요일,925326,1712853,126.6775697,35.40860631
2012,1,1,,,,전라북도,고창군,차대사람,차도통행중,차도통행중,안전운전 의무 불이행,단일로,기타단일로,화물차,보행자,야간,12/21/2012,5,목요일,914422,1726228,126.5560816,35.528316
2012,1,1,,,,전라북도,고창군,차대차,정면충돌,정면충돌,중앙선 침범,단일로,기타단일로,화물차,승용차,주간,1/7/2013,10,일요일,920004,1706279,126.6196098,35.34891861
2012,1,1,,,,전라북도,군산시,차대차,추돌,진행중 추돌,안전운전 의무 불이행,단일로,기타단일로,화물차,특수차,주간,1/19/2012,9,목요일,931634,1772132,126.7420062,35.94349961
2012,1,1,,,,전라북도,군산시,차대차,추돌,진행중 추돌,안전운전 의무 불이행,단일로,기타단일로,화물차,원동기장치자전거,주간,1/21/2012,15,토요일,923841,1772822,126.6555331,35.94914231
2012,1,1,,,,전라북도,군산시,차대사람,횡단중,횡단중,안전운전 의무 불이행,단일로,기타단일로,승용차,보행자,야간,1/30/2012,22,월요일,932158,1772757,126.7477544,35.94917063
2012,1,1,,,,전라북도,군산시,차대사람,횡단중,횡단중,안전운전 의무 불이행,교차로,교차로내,승용차,보행자,야간,2/8/2012,20,수요일,929391,1777123,126.716685,35.98833545
2012,1,1,,,,전라북도,군산시,차대사람,횡단중,횡단중,안전운전 의무 불이행,단일로,기타단일로,승합차,보행자,주간,3/8/2012,6,일요일,936417,1773342,126.7949332,35.95472679
2012,1,1,,,,전라북도,군산시,차량단독,도로이탈,도로이탈 추락,안전운전 의무 불이행,단일로,기타단일로,화물차,없음,주간,3/18/2012,12,수요일,922743,1768616,126.6437774,35.91113524
2012,1,1,,,,전라북도,군산시,차대차,측면충돌,측면충돌,기타,교차로,교차로내,화물차,농기계,주간,3/20/2012,9,토요일,938868,1775330,126.8219506,35.9728104
2012,1,2,,1,,전라북도,군산시,차대차,측면충돌,측면충돌,안전운전 의무 불이행,단일로,횡단보도상,승용차,자전거,주간,4/16/2012,13,금요일,931281,1775418,126.737807,35.97309429
2012,1,1,,,,전라북도,군산시,차대사람,기타,기타,안전운전 의무 불이행,단일로,기타단일로,승용차,보행자,야간,4/17/2012,22,토요일,928233,1774112,126.7041145,35.96110731
2012,1,1,,,,전라북도,군산시,차대차,추돌,진행중 추돌,안전운전 의무 불이행,단일로,기타단일로,승용차,특수차,야간,4/28/2012,1,토요일,922460,1775129,126.6399975,35.96983029
2012,1,1,,,,전라북도,군산시,차대차,기타,기타,안전운전 의무 불이행,단일로,기타단일로,승용차,이륜차,주간,5/11/2012,14,목요일,927622,1774352,126.697324,35.96321864
2012,1,1,,,,전라북도,군산시,차대사람,횡단중,횡단중,안전운전 의무 불이행,교차로,교차로내,승용차,보행자,야간,6/26/2012,21,일요일,926099,1775879,126.6802841,35.97687494
2012,1,2,,1,,전라북도,군산시,차량단독,기타,기타,안전운전 의무 불이행,단일로,기타단일로,승용차,없음,야간,7/26/2012,20,목요일,924116,1774103,126.6584651,35.96071113
2012,1,2,,1,,전라북도,군산시,차대차,정면충돌,정면충돌,중앙선 침범,교차로,교차로부근,승용차,화물차,야간,7/29/2012,19,일요일,929944,1775075,126.7230103,35.96991059
2012,1,2,,1,,전라북도,군산시,차대사람,차도통행중,차도통행중,안전운전 의무 불이행,단일로,기타단일로,화물차,보행자,주간,8/2/2012,15,목요일,929267,1773105,126.7156746,35.95210367
2012,1,1,,,,전라북도,군산시,차대사람,횡단중,횡단중,보행자 보호의무 위반,교차로,교차로내,승용차,보행자,주간,8/2/2012,15,목요일,928836,1774758,126.7107431,35.96696984
2012,1,1,,,,전라북도,군산시,차대차,측면충돌,측면충돌,기타,교차로,교차로내,화물차,원동기장치자전거,주간,9/4/2012,6,금요일,938385,1772148,126.816843,35.94409403
2012,1,6,3,2,,전라북도,군산시,차대차,추돌,진행중 추돌,안전운전 의무 불이행,단일로,기타단일로,승용차,화물차,야간,9/5/2012,21,토요일,934709,1771868,126.7761158,35.94132999
2012,1,1,,,,전라북도,군산시,차량단독,공작물충돌,공작물충돌,안전운전 의무 불이행,단일로,기타단일로,화물차,없음,주간,9/15/2012,8,화요일,926834,1771756,126.6888195,35.93976202
2012,1,1,,,,전라북도,군산시,차대사람,횡단중,횡단중,보행자 보호의무 위반,교차로,교차로내,화물차,보행자,주간,9/17/2012,16,일요일,929594,1776202,126.7190231,35.98004452
2012,1,1,,,,전라북도,군산시,차대사람,기타,기타,안전운전 의무 불이행,교차로,교차로내,승용차,보행자,야간,9/23/2012,5,토요일,928196,1776152,126.7035261,35.97949547
2012,1,1,,,,전라북도,군산시,차대차,기타,기타,안전운전 의무 불이행,단일로,기타단일로,화물차,자전거,야간,10/12/2012,18,목요일,941977,1777794,126.8562549,35.99521244
2012,1,1,,,,전라북도,군산시,차대사람,기타,기타,안전운전 의무 불이행,단일로,기타단일로,승용차,보행자,야간,10/12/2012,19,목요일,938070,1772241,126.8133457,35.94490804
2012,1,3,1,1,,전라북도,군산시,차대차,추돌,진행중 추돌,과속,단일로,기타단일로,이륜차,이륜차,야간,10/15/2012,18,화요일,907997,1757895,126.4816019,35.8132137
2012,1,1,,,,전라북도,군산시,차대사람,횡단중,횡단중,안전운전 의무 불이행,교차로,교차로내,승용차,보행자,야간,10/27/2012,0,일요일,926493,1775071,126.6847366,35.96961879
2012,1,1,,,,전라북도,군산시,차대차,측면충돌,측면충돌,신호위반,교차로,교차로내,이륜차,승용차,주간,11/9/2012,16,토요일,926585,1771841,126.6860524,35.94050782
2012,1,1,,,,전라북도,군산시,차대사람,기타,기타,안전운전 의무 불이행,단일로,기타단일로,승합차,보행자,야간,11/12/2012,19,화요일,930239,1776362,126.7261631,35.9815351
2012,1,1,,,,전라북도,군산시,차량단독,기타,기타,안전운전 의무 불이행,기타/불명,기타/불명,화물차,없음,야간,11/19/2012,18,금요일,935051,1777664,126.7794271,35.99360171
2012,1,1,,,,전라북도,군산시,차대차,기타,기타,안전운전 의무 불이행,단일로,기타단일로,화물차,이륜차,주간,12/4/2012,15,토요일,936731,1771941,126.7985287,35.94211852
2012,1,1,,,,전라북도,군산시,차대차,기타,기타,안전운전 의무 불이행,단일로,기타단일로,승용차,특수차,야간,12/23/2012,20,토요일,922234,1775065,126.6375063,35.96923811
2012,1,1,,,,전라북도,군산시,차대차,기타,기타,안전운전 의무 불이행,단일로,기타단일로,승용차,승용차,주간,1/6/2013,8,토요일,936776,1776208,126.7986865,35.98059162
2012,1,2,1,,,전라북도,군산시,차대차,측면충돌,측면충돌,신호위반,교차로,교차로내,승용차,승용차,야간,1/12/2013,3,금요일,928700,1776619,126.7090698,35.98373887
2012,1,1,,,,전라북도,김제시,차대사람,횡단중,횡단중,안전운전 의무 불이행,단일로,기타단일로,승용차,보행자,야간,2/1/2012,18,수요일,942680,1757896,126.8654889,35.81586302
2012,1,1,,,,전라북도,김제시,차대사람,횡단중,횡단중,안전운전 의무 불이행,교차로,교차로내,승합차,보행자,야간,3/20/2012,18,토요일,952377,1765855,126.9723514,35.8881383
2012,1,1,,,,전라북도,김제시,차량단독,도로이탈,도로이탈 기타,안전운전 의무 불이행,교차로,교차로부근,이륜차,없음,주간,3/21/2012,17,일요일,938035,1753101,126.8144484,35.77234721
2012,1,1,,,,전라북도,김제시,차대사람,기타,기타,안전운전 의무 불이행,단일로,기타단일로,승용차,보행자,야간,4/27/2012,22,금요일,955421,1763921,127.0061839,35.87084428
2012,1,1,,,,전라북도,김제시,차대차,측면충돌,측면충돌,기타,교차로,교차로내,자전거,승합차,주간,5/13/2012,9,일요일,944910,1756469,126.8902712,35.80312535
2012,1,1,,,,전라북도,김제시,차대차,측면충돌,측면충돌,신호위반,교차로,교차로내,원동기장치자전거,화물차,주간,6/4/2012,15,수요일,955367,1753514,127.0061684,35.77701454
2012,1,3,,2,,전라북도,김제시,차량단독,공작물충돌,공작물충돌,안전운전 의무 불이행,단일로,기타단일로,승용차,없음,야간,6/20/2012,5,월요일,955212,1764422,127.0038462,35.87535619
2012,1,2,1,,,전라북도,김제시,차대차,정면충돌,정면충돌,중앙선 침범,단일로,기타단일로,승용차,화물차,주간,6/22/2012,16,수요일,954533,1753178,126.9969635,35.77394876
2012,1,1,,,,전라북도,김제시,차대사람,기타,기타,안전운전 의무 불이행,단일로,기타단일로,화물차,보행자,야간,7/19/2012,20,목요일,935206,1751584,126.7832732,35.75849168
2012,1,1,,,,전라북도,김제시,차량단독,공작물충돌,공작물충돌,안전운전 의무 불이행,단일로,기타단일로,승용차,없음,야간,8/4/2012,2,토요일,954062,1757777,126.9914852,35.81538644
2012,1,1,,,,전라북도,김제시,차대차,정면충돌,정면충돌,중앙선 침범,단일로,기타단일로,승용차,원동기장치자전거,주간,9/4/2012,17,금요일,954052,1747900,126.9919468,35.72633653
2012,1,2,1,,,전라북도,김제시,차대차,정면충돌,정면충돌,중앙선 침범,단일로,기타단일로,승용차,승용차,주간,9/12/2012,7,토요일,953472,1749402,126.9854378,35.73985305