사고년도,사망자수,부상자수,중상자수,경상자수,부상신고자수,시도,시군구,사고유형 대분류,사고유형 중분류,사고유형,가해자법규위반,도로형태 대분류,도로형태,가해당사자 종별,피해당사자 종별,주야구분,발생일,발생시간,발생요일,발생위치X좌표 (EPSG 5179),발생위치Y좌표 (EPSG 5179),경도좌표,위도좌표
2012,1,1,,,,전라북도,김제시,차대사람,길가장자리구역통행중,길가장자리구역통행중,안전운전 의무 불이행,단일로,기타단일로,화물차,보행자,주간,9/21/2012,10,목요일,954442,1765502,126.9952514,35.88505768
2012,1,2,,1,,전라북도,김제시,차대차,측면충돌,측면충돌,교차로 통행방법 위반,교차로,교차로내,원동기장치자전거,승용차,주간,10/3/2012,17,화요일,944769,1755860,126.8887484,35.79762502
2012,1,1,,,,전라북도,김제시,차량단독,도로이탈,도로이탈 기타,안전운전 의무 불이행,단일로,기타단일로,원동기장치자전거,없음,주간,10/25/2012,17,금요일,941499,1756530,126.8525141,35.80348152
2012,1,1,,,,전라북도,김제시,차량단독,도로이탈,도로이탈 기타,안전운전 의무 불이행,단일로,기타단일로,원동기장치자전거,없음,주간,10/27/2012,10,일요일,942637,1752427,126.8654061,35.76655363
2012,1,1,,,,전라북도,김제시,차량단독,전도전복,전도전복,안전운전 의무 불이행,교차로,교차로내,농기계,없음,야간,12/12/2012,20,일요일,949828,1762133,126.9443414,35.85445532
2012,1,1,,,,전라북도,김제시,차대사람,차도통행중,차도통행중,안전운전 의무 불이행,단일로,기타단일로,승용차,보행자,야간,12/21/2012,4,목요일,951104,1751357,126.9591361,35.75736254
2012,1,1,,,,전라북도,김제시,차대사람,기타,기타,안전운전 의무 불이행,단일로,기타단일로,승용차,보행자,야간,1/3/2013,18,수요일,958403,1747681,127.0400657,35.72455551
2012,1,1,,,,전라북도,김제시,차대차,추돌,진행중 추돌,안전운전 의무 불이행,단일로,기타단일로,승용차,화물차,야간,1/8/2013,1,월요일,946629,1764282,126.9087735,35.87366005
2012,1,2,,1,,전라북도,남원시,차대차,정면충돌,정면충돌,중앙선 침범,단일로,기타단일로,승용차,화물차,주간,1/21/2012,12,토요일,989835,1714499,127.38802,35.42619885
2012,1,5,4,,,전라북도,남원시,차량단독,도로이탈,도로이탈 추락,안전운전 의무 불이행,단일로,기타단일로,승용차,없음,야간,1/25/2012,3,수요일,988385,1717107,127.3720116,35.44969781
2012,1,1,,,,전라북도,남원시,차대사람,기타,기타,안전운전 의무 불이행,단일로,기타단일로,승용차,보행자,주간,2/2/2012,16,목요일,989927,1712517,127.3890568,35.40832758
2012,1,1,,,,전라북도,남원시,차대사람,횡단중,횡단중,안전운전 의무 불이행,교차로,교차로내,화물차,보행자,야간,2/4/2012,18,토요일,989841,1712431,127.3881129,35.40754946
2012,1,1,,,,전라북도,남원시,차량단독,도로이탈,도로이탈 추락,안전운전 의무 불이행,단일로,기타단일로,화물차,없음,주간,2/10/2012,17,금요일,999696,1716707,127.496647,35.44615979
2012,1,2,1,,,전라북도,남원시,차대차,정면충돌,정면충돌,중앙선 침범,단일로,기타단일로,승용차,특수차,야간,2/10/2012,19,금요일,1010609,1725118,127.6170076,35.52194091
2012,1,1,,,,전라북도,남원시,차량단독,전도전복,전도전복,안전운전 의무 불이행,교차로,교차로부근,화물차,없음,야간,3/11/2012,22,수요일,1001208,1716792,127.513312,35.44691922
2012,1,1,,,,전라북도,남원시,차대사람,횡단중,횡단중,중앙선 침범,단일로,기타단일로,화물차,보행자,주간,3/14/2012,15,토요일,1003118,1715843,127.5343524,35.43835995
2012,1,1,,,,전라북도,남원시,차량단독,공작물충돌,공작물충돌,안전운전 의무 불이행,단일로,기타단일로,화물차,없음,주간,3/19/2012,9,목요일,1002890,1716144,127.5318403,35.44107379
2012,1,1,,,,전라북도,남원시,차대사람,기타,기타,보행자 보호의무 위반,단일로,기타단일로,승용차,보행자,야간,3/21/2012,19,일요일,982428,1707231,127.3065782,35.36055969
2012,1,1,,,,전라북도,남원시,차대사람,횡단중,횡단중,안전운전 의무 불이행,단일로,기타단일로,화물차,보행자,야간,4/17/2012,4,토요일,988530,1716768,127.3736131,35.44664101
2012,1,1,,,,전라북도,남원시,차대사람,횡단중,횡단중,과속,단일로,횡단보도상,화물차,보행자,주간,4/17/2012,8,화요일,989833,1712424,127.3880249,35.40748626
2012,1,1,,,,전라북도,남원시,차대사람,횡단중,횡단중,안전운전 의무 불이행,교차로,교차로내,화물차,보행자,주간,4/17/2012,13,화요일,989383,1713052,127.3830606,35.41314412
2012,1,2,1,,,전라북도,남원시,차대차,정면충돌,정면충돌,중앙선 침범,단일로,기타단일로,승용차,이륜차,야간,4/19/2012,22,목요일,1011132,1718817,127.6226873,35.46511835
2012,1,1,,,,전라북도,남원시,차대사람,기타,기타,안전운전 의무 불이행,단일로,기타단일로,화물차,보행자,주간,4/23/2012,17,월요일,981840,1704582,127.3001659,35.33666258
2012,1,1,,,,전라북도,남원시,차대차,측면충돌,측면충돌,기타,단일로,기타단일로,이륜차,화물차,주간,6/10/2012,11,화요일,991586,1714915,127.4073082,35.42996618
2012,1,1,,,,전라북도,남원시,차대차,기타,기타,기타,교차로,교차로내,화물차,원동기장치자전거,주간,6/18/2012,16,토요일,985525,1707414,127.340663,35.36225501
2012,1,1,,,,전라북도,남원시,차대차,측면충돌,측면충돌,교차로 통행방법 위반,교차로,교차로내,농기계,화물차,주간,6/22/2012,15,수요일,981753,1703615,127.2992378,35.32794257
2012,1,2,,1,,전라북도,남원시,차대차,측면충돌,측면충돌,신호위반,교차로,교차로내,승합차,자전거,야간,6/22/2012,18,수요일,988949,1711741,127.3782982,35.40131835
2012,1,1,,,,전라북도,남원시,차량단독,전도전복,전도전복,안전운전 의무 불이행,교차로,교차로부근,화물차,없음,주간,7/6/2012,14,수요일,998710,1721452,127.4857826,35.48893714
2012,3,8,4,1,,전라북도,남원시,차량단독,도로이탈,도로이탈 기타,안전운전 의무 불이행,단일로,기타단일로,승합차,없음,주간,7/9/2012,8,토요일,1006031,1720704,127.5664788,35.48217877
2012,1,1,,,,전라북도,남원시,차대차,측면충돌,측면충돌,안전운전 의무 불이행,교차로,교차로내,화물차,이륜차,주간,7/9/2012,9,토요일,988834,1713425,127.3770043,35.41650138
2012,1,1,,,,전라북도,남원시,차대차,측면충돌,측면충돌,기타,단일로,기타단일로,승용차,원동기장치자전거,주간,7/16/2012,13,토요일,989029,1712782,127.3791597,35.41070574
2012,1,4,3,,,전라북도,남원시,차대차,정면충돌,정면충돌,중앙선 침범,단일로,기타단일로,승용차,승용차,야간,7/28/2012,19,토요일,999846,1721836,127.4983032,35.49240309
2012,1,1,,,,전라북도,남원시,차대차,기타,기타,안전운전 의무 불이행,교차로,교차로부근,이륜차,건설기계,주간,8/5/2012,15,일요일,995430,1718054,127.4496363,35.45829131
2012,1,4,1,2,,전라북도,남원시,차대차,정면충돌,정면충돌,중앙선 침범,단일로,기타단일로,승용차,승합차,주간,8/6/2012,7,월요일,988318,1717227,127.3712683,35.45077813
2012,1,1,,,,전라북도,남원시,차대사람,차도통행중,차도통행중,중앙선 침범,단일로,기타단일로,승용차,보행자,주간,8/9/2012,11,목요일,989661,1712858,127.3861229,35.41140139
2012,1,1,,,,전라북도,남원시,차량단독,전도전복,전도전복,안전운전 의무 불이행,단일로,기타단일로,화물차,없음,주간,8/23/2012,9,일요일,1008437,1710162,127.5928971,35.38710453
2012,1,1,,,,전라북도,남원시,차대차,기타,기타,기타,단일로,기타단일로,자전거,승용차,야간,9/24/2012,21,일요일,988694,1711600,127.3754919,35.40004412
2012,1,1,,,,전라북도,남원시,차대차,측면충돌,측면충돌,신호위반,교차로,교차로내,건설기계,이륜차,주간,10/20/2012,13,일요일,985512,1708142,127.3405059,35.36882361
2012,1,2,,1,,전라북도,남원시,차대차,추돌,주정차중 충돌,안전운전 의무 불이행,교차로,교차로부근,화물차,화물차,주간,10/24/2012,10,목요일,989035,1711524,127.3792482,35.39936265
2012,1,1,,,,전라북도,남원시,차대사람,횡단중,횡단중,안전운전 의무 불이행,단일로,기타단일로,승용차,보행자,야간,11/26/2012,18,금요일,987338,1722734,127.3603823,35.50042382
2012,1,1,,,,전라북도,남원시,차대차,정면충돌,정면충돌,중앙선 침범,단일로,기타단일로,원동기장치자전거,화물차,주간,12/8/2012,8,수요일,982378,1708820,127.305999,35.37488838
2012,1,4,1,2,,전라북도,남원시,차량단독,전도전복,전도전복,안전운전 의무 불이행,단일로,기타단일로,승용차,없음,주간,12/9/2012,6,목요일,1008023,1718135,127.5884205,35.4590043
2012,1,6,5,,,전라북도,남원시,차량단독,전도전복,전도전복,안전운전 의무 불이행,단일로,기타단일로,화물차,없음,야간,1/9/2013,19,화요일,979484,1710235,127.2741054,35.38759271
2012,1,2,,1,,전라북도,남원시,차대차,정면충돌,정면충돌,중앙선 침범,단일로,기타단일로,승용차,승합차,주간,1/10/2013,16,수요일,1007714,1718156,127.5850109,35.459197
2012,2,2,,,,전라북도,무주군,차대차,기타,기타,안전운전 의무 불이행,단일로,기타단일로,화물차,화물차,주간,10/10/2012,10,화요일,1014323,1774249,127.6588531,35.96487563
2012,1,1,,,,전라북도,무주군,차대차,기타,기타,안전운전 의무 불이행,단일로,기타단일로,화물차,농기계,주간,12/3/2012,9,금요일,1013197,1777263,127.6464054,35.99206739
2012,1,1,,,,전라북도,무주군,차대차,기타,기타,안전운전 의무 불이행,단일로,기타단일로,승합차,승용차,주간,12/30/2012,7,토요일,1014693,1772276,127.6629144,35.94707621
2012,1,3,2,,,전라북도,무주군,차대차,정면충돌,정면충돌,중앙선 침범,단일로,기타단일로,승용차,승합차,주간,1/2/2013,7,화요일,1017110,1780115,127.6898843,36.01771535
2012,1,1,,,,전라북도,부안군,차대사람,횡단중,횡단중,보행자 보호의무 위반,단일로,횡단보도상,승합차,보행자,주간,1/24/2012,13,화요일,930573,1748071,126.7323338,35.72650661
2012,1,1,,,,전라북도,부안군,차대차,측면충돌,측면충돌,중앙선 침범,교차로,교차로부근,화물차,원동기장치자전거,야간,1/28/2012,18,토요일,929831,1748008,126.7241333,35.7258878
2012,1,1,,,,전라북도,부안군,차대사람,기타,기타,안전운전 의무 불이행,교차로,교차로부근,화물차,보행자,야간,2/3/2012,19,금요일,925602,1733006,126.6787628,35.59032628
2012,1,1,,,,전라북도,부안군,차대차,추돌,진행중 추돌,안전운전 의무 불이행,단일로,기타단일로,원동기장치자전거,승용차,주간,2/12/2012,8,일요일,920539,1734612,126.6227207,35.60440689
2012,1,1,,,,전라북도,부안군,차량단독,기타,기타,안전운전 의무 불이행,단일로,기타단일로,승용차,없음,야간,2/26/2012,18,수요일,923564,1747739,126.6548737,35.72298966
2012,1,1,,,,전라북도,부안군,차량단독,공작물충돌,공작물충돌,안전운전 의무 불이행,단일로,기타단일로,원동기장치자전거,없음,주간,3/3/2012,17,화요일,931541,1750917,126.7427857,35.75223351
2012,1,3,2,,,전라북도,부안군,차량단독,전도전복,전도전복,안전운전 의무 불이행,단일로,기타단일로,승용차,없음,야간,3/11/2012,18,수요일,922264,1754960,126.6397944,35.78798815
2012,1,2,,1,,전라북도,부안군,차량단독,공작물충돌,공작물충돌,안전운전 의무 불이행,교차로,교차로내,화물차,없음,야간,4/12/2012,20,월요일,937336,1746813,126.8072046,35.71561505
2012,1,4,3,,,전라북도,부안군,차대차,측면충돌,측면충돌,과속,교차로,교차로내,승용차,승용차,주간,4/14/2012,12,수요일,925052,1734230,126.6725732,35.60131532
2012,1,1,,,,전라북도,부안군,차량단독,전도전복,전도전복,안전운전 의무 불이행,단일로,기타단일로,이륜차,없음,주간,5/26/2012,15,월요일,932558,1746422,126.7544137,35.71177516
2012,1,1,,,,전라북도,부안군,차대차,측면충돌,측면충돌,안전운전 의무 불이행,교차로,교차로내,원동기장치자전거,승용차,주간,6/16/2012,16,월요일,933211,1742117,126.7619877,35.67300545
2012,1,1,,,,전라북도,부안군,차량단독,전도전복,전도전복,안전운전 의무 불이행,교차로,교차로내,이륜차,없음,주간,7/18/2012,7,수요일,929661,1747701,126.7222796,35.72310338
2012,1,1,,,,전라북도,부안군,차량단독,전도전복,전도전복,안전운전 의무 불이행,단일로,기타단일로,화물차,없음,주간,7/27/2012,11,금요일,922778,1743928,126.6465481,35.68857248
2012,1,1,,,,전라북도,부안군,차량단독,전도전복,전도전복,안전운전 의무 불이행,단일로,기타단일로,화물차,없음,주간,8/8/2012,13,수요일,927686,1745454,126.7006423,35.70270333
2012,1,3,1,1,,전라북도,부안군,차대차,추돌,진행중 추돌,안전운전 의무 불이행,단일로,기타단일로,승합차,화물차,주간,9/25/2012,10,월요일,929739,1740287,126.7237898,35.65626564
2012,1,1,,,,전라북도,부안군,차대사람,기타,기타,과속,교차로,교차로내,화물차,보행자,야간,9/27/2012,23,수요일,924668,1737791,126.6680073,35.63339241
2012,2,8,4,2,,전라북도,부안군,차대차,측면충돌,측면충돌,교차로 통행방법 위반,교차로,교차로내,화물차,화물차,주간,11/4/2012,10,월요일,927378,1749181,126.6969074,35.73628501
2012,1,2,1,,,전라북도,부안군,차대사람,기타,기타,보행자 보호의무 위반,단일로,기타단일로,승합차,보행자,야간,11/21/2012,18,일요일,924920,1734476,126.6711032,35.60351961
2012,1,12,7,4,,전라북도,부안군,차대차,측면충돌,측면충돌,기타,교차로,교차로내,승합차,승합차,주간,11/28/2012,13,일요일,923724,1746060,126.6567987,35.70787061
2012,1,1,,,,전라북도,부안군,차대사람,기타,기타,안전운전 의무 불이행,단일로,기타단일로,승용차,보행자,야간,12/18/2012,18,토요일,925568,1747725,126.6770272,35.72302059
2012,1,1,,,,전라북도,부안군,차대사람,횡단중,횡단중,과속,단일로,기타단일로,승용차,보행자,주간,12/31/2012,6,일요일,925480,1743050,126.6764912,35.68086218
2012,1,1,,,,전라북도,순창군,차대차,측면충돌,측면충돌,교차로 통행방법 위반,교차로,교차로부근,화물차,자전거,주간,5/3/2012,11,목요일,967705,1708310,127.1444864,35.36991984
2012,1,2,1,,,전라북도,순창군,차대차,정면충돌,정면충돌,중앙선 침범,단일로,기타단일로,화물차,승용차,야간,7/7/2012,19,목요일,964593,1715907,127.1098967,35.43831353
2012,1,2,,1,,전라북도,순창군,차대차,정면충돌,정면충돌,안전운전 의무 불이행,단일로,기타단일로,원동기장치자전거,승용차,주간,7/8/2012,14,금요일,961847,1720068,127.0794408,35.47572699
2012,1,1,,,,전라북도,순창군,차대사람,횡단중,횡단중,안전운전 의무 불이행,단일로,기타단일로,승용차,보행자,야간,7/11/2012,19,월요일,970644,1709512,127.1767943,35.3808452
2012,1,4,,3,,전라북도,순창군,차대차,정면충돌,정면충돌,중앙선 침범,단일로,기타단일로,승용차,승용차,주간,8/14/2012,17,화요일,966676,1707631,127.1331855,35.36376454
2012,1,2,1,,,전라북도,순창군,차대차,정면충돌,정면충돌,중앙선 침범,단일로,기타단일로,화물차,이륜차,주간,9/13/2012,17,일요일,950299,1715658,126.9524274,35.43545603
2012,2,6,2,2,,전라북도,순창군,차대사람,길가장자리구역통행중,길가장자리구역통행중,과속,단일로,기타단일로,승용차,보행자,주간,9/17/2012,9,일요일,965218,1708578,127.117092,35.37225536
2012,1,1,,,,전라북도,순창군,차대차,추돌,주정차중 충돌,안전운전 의무 불이행,단일로,기타단일로,승용차,자전거,주간,10/11/2012,14,수요일,967489,1709049,127.1420715,35.37657795
2012,1,1,,,,전라북도,순창군,차대차,추돌,진행중 추돌,안전운전 의무 불이행,단일로,기타단일로,승용차,농기계,야간,12/10/2012,18,금요일,963810,1708038,127.1016181,35.36733625
2012,1,2,1,,,전라북도,순창군,차대사람,횡단중,횡단중,안전운전 의무 불이행,교차로,교차로내,승용차,보행자,주간,12/11/2012,6,토요일,967417,1709479,127.1412639,35.38044918
2012,1,1,,,,전라북도,완주군,차량단독,전도전복,전도전복,안전운전 의무 불이행,단일로,기타단일로,승합차,없음,야간,3/2/2012,0,월요일,985584,1792128,127.3397893,36.12606577
2012,1,1,,,,전라북도,완주군,차량단독,공작물충돌,공작물충돌,안전운전 의무 불이행,단일로,기타단일로,화물차,없음,주간,3/21/2012,8,일요일,974470,1751533,127.2175914,35.75983476
2012,1,1,,,,전라북도,완주군,차대차,측면충돌,측면충돌,중앙선 침범,단일로,기타단일로,화물차,자전거,주간,3/21/2012,10,일요일,974226,1775959,127.2141045,35.98005389
2012,1,2,1,,,전라북도,완주군,차대차,정면충돌,정면충돌,중앙선 침범,단일로,기타단일로,승용차,화물차,야간,3/24/2012,5,수요일,965575,1745209,127.1194653,35.70254988
2012,1,3,2,,,전라북도,완주군,차량단독,기타,기타,안전운전 의무 불이행,단일로,기타단일로,승용차,없음,야간,4/27/2012,22,금요일,977558,1756843,127.2516003,35.80779145
2012,1,1,,,,전라북도,완주군,차대사람,보도통행중,보도통행중,보행자 보호의무 위반,단일로,기타단일로,승용차,보행자,주간,5/6/2012,7,일요일,966238,1773520,127.1256002,35.9578187
2012,3,4,,1,,전라북도,완주군,차량단독,공작물충돌,공작물충돌,안전운전 의무 불이행,단일로,기타단일로,승용차,없음,야간,5/6/2012,22,일요일,969304,1768325,127.1597973,35.91108243
2012,2,3,,1,,전라북도,완주군,차대차,측면충돌,측면충돌,안전운전 의무 불이행,단일로,기타단일로,승용차,화물차,야간,5/7/2012,18,월요일,968632,1750277,127.1530554,35.7483397
2012,1,1,,,,전라북도,완주군,차량단독,전도전복,전도전복,안전운전 의무 불이행,단일로,기타단일로,화물차,없음,주간,6/1/2012,10,일요일,964973,1773953,127.1115499,35.96168336
2012,1,1,,,,전라북도,완주군,차대차,측면충돌,측면충돌,안전거리 미확보,단일로,교량위,이륜차,승용차,주간,6/2/2012,14,월요일,969900,1769764,127.1663493,35.92407577
2012,1,1,,,,전라북도,완주군,차대사람,차도통행중,차도통행중,과속,단일로,기타단일로,승용차,보행자,주간,6/3/2012,9,화요일,968925,1764984,127.1557307,35.88094822
2012,1,1,,,,전라북도,완주군,차대차,측면충돌,측면충돌,신호위반,교차로,교차로내,이륜차,승용차,주간,6/4/2012,12,수요일,969850,1771639,127.1657239,35.94098083
2012,1,2,1,,,전라북도,완주군,차대차,추돌,진행중 추돌,안전운전 의무 불이행,단일로,기타단일로,화물차,화물차,주간,6/4/2012,12,수요일,973661,1763540,127.2082433,35.868068
2012,1,5,1,3,,전라북도,완주군,차량단독,도로이탈,도로이탈 기타,안전운전 의무 불이행,단일로,기타단일로,승용차,없음,야간,6/11/2012,1,수요일,960067,1767443,127.057471,35.90279501
2012,1,3,2,,,전라북도,완주군,차대차,추돌,진행중 추돌,안전운전 의무 불이행,단일로,기타단일로,화물차,화물차,야간,6/20/2012,23,금요일,964122,1770105,127.102293,35.92695692
2012,2,6,1,3,,전라북도,완주군,차대차,측면충돌,측면충돌,교차로 통행방법 위반,교차로,교차로내,승용차,승용차,주간,6/20/2012,14,월요일,966177,1768659,127.1251285,35.91399326
2012,1,1,,,,전라북도,완주군,차대차,추돌,진행중 추돌,안전운전 의무 불이행,단일로,기타단일로,승용차,원동기장치자전거,주간,6/21/2012,8,화요일,969830,1769923,127.1655673,35.92550894
2012,1,1,,,,전라북도,완주군,차대사람,횡단중,횡단중,보행자 보호의무 위반,교차로,교차로부근,건설기계,보행자,주간,6/28/2012,10,화요일,954667,1758162,126.9981602,35.8188884
2012,1,3,1,1,,전라북도,완주군,차량단독,공작물충돌,공작물충돌,안전운전 의무 불이행,기타/불명,기타/불명,승용차,없음,주간,6/28/2012,14,화요일,958410,1759999,127.0394953,35.83561917
2012,1,1,,,,전라북도,완주군,차대차,기타,기타,중앙선 침범,교차로,교차로내,자전거,화물차,주간,7/12/2012,10,화요일,962673,1769271,127.0862647,35.91938342
2012,1,1,,,,전라북도,완주군,차대차,추돌,진행중 추돌,안전운전 의무 불이행,단일로,기타단일로,건설기계,자전거,주간,7/14/2012,11,목요일,956646,1758377,127.02006,35.8209172
2012,1,1,,,,전라북도,완주군,차대사람,차도통행중,차도통행중,안전운전 의무 불이행,단일로,기타단일로,승용차,보행자,주간,7/16/2012,9,월요일,964612,1741537,127.108981,35.66940013
2012,1,1,,,,전라북도,완주군,차대사람,횡단중,횡단중,안전운전 의무 불이행,단일로,기타단일로,승용차,보행자,야간,8/22/2012,21,토요일,980350,1787567,127.2817419,36.08485316
2012,1,1,,,,전라북도,완주군,차대사람,횡단중,횡단중,안전운전 의무 불이행,교차로,교차로부근,승용차,보행자,야간,8/23/2012,21,일요일,974736,1750275,127.2205735,35.74849924
2012,1,2,1,,,전라북도,완주군,차대차,기타,기타,기타,단일로,기타단일로,불명,승용차,야간,8/24/2012,3,월요일,979401,1756175,127.2720156,35.80180456
2012,1,1,,,,전라북도,완주군,차대차,측면충돌,측면충돌,안전운전 의무 불이행,교차로,교차로내,화물차,이륜차,주간,8/25/2012,12,화요일,969405,1770171,127.1608478,35.92772987
2012,1,1,,,,전라북도,완주군,차대사람,차도통행중,차도통행중,안전운전 의무 불이행,단일로,기타단일로,승용차,보행자,야간,9/5/2012,21,토요일,967564,1768566,127.1405035,35.91319818
2012,1,2,,1,,전라북도,완주군,차량단독,전도전복,전도전복,안전운전 의무 불이행,단일로,기타단일로,원동기장치자전거,없음,야간,9/27/2012,23,수요일,974459,1761996,127.2171321,35.85417468
2012,1,1,,,,전라북도,완주군,차량단독,공작물충돌,공작물충돌,안전운전 의무 불이행,단일로,기타단일로,화물차,없음,주간,9/29/2012,10,금요일,968917,1749586,127.1562332,35.74212128
2012,1,3,2,,,전라북도,완주군,차량단독,전도전복,전도전복,안전운전 의무 불이행,단일로,기타단일로,화물차,없음,주간,10/9/2012,15,월요일,977102,1744494,127.2469025,35.6964359
2012,1,1,,,,전라북도,완주군,차대사람,보도통행중,보도통행중,신호위반,단일로,횡단보도상,승용차,보행자,야간,10/24/2012,20,목요일,974727,1750273,127.220474,35.74848549
2012,1,1,,,,전라북도,완주군,차대사람,차도통행중,차도통행중,안전운전 의무 불이행,단일로,교량위,화물차,보행자,야간,11/2/2012,18,토요일,971626,1751649,127.1861232,35.76080355
2012,2,2,,,,전라북도,완주군,차량단독,기타,기타,안전운전 의무 불이행,단일로,기타단일로,승용차,없음,주간,11/5/2012,13,화요일,969654,1750570,127.1643511,35.75101261
2012,1,1,,,,전라북도,완주군,차대사람,기타,기타,안전운전 의무 불이행,단일로,기타단일로,승용차,보행자,야간,11/9/2012,1,토요일,956804,1758527,127.0217965,35.82227474
2012,1,1,,,,전라북도,완주군,차대사람,차도통행중,차도통행중,안전운전 의무 불이행,단일로,기타단일로,승용차,보행자,야간,11/26/2012,19,금요일,975709,1762086,127.2309752,35.85501432
2012,1,1,,,,전라북도,완주군,차대차,기타,기타,과속,단일로,기타단일로,승용차,농기계,야간,11/27/2012,18,토요일,975284,1761848,127.2262779,35.85285697
2012,1,1,,,,전라북도,완주군,차대사람,횡단중,횡단중,안전운전 의무 불이행,교차로,교차로내,건설기계,보행자,주간,11/28/2012,14,일요일,975073,1749032,127.2243372,35.73730157
2012,1,1,,,,전라북도,완주군,차대사람,횡단중,횡단중,안전운전 의무 불이행,단일로,횡단보도부근,승용차,보행자,야간,12/6/2012,18,월요일,966170,1767828,127.1250863,35.90650081
2012,1,1,,,,전라북도,완주군,차대사람,횡단중,횡단중,안전운전 의무 불이행,교차로,교차로부근,승합차,보행자,주간,12/20/2012,8,수요일,961637,1768267,127.0748336,35.91028782
2012,1,1,,,,전라북도,완주군,차대사람,기타,기타,안전운전 의무 불이행,단일로,기타단일로,승용차,보행자,주간,12/26/2012,15,화요일,971390,1767992,127.1829246,35.90814248
2012,1,1,,,,전라북도,완주군,차량단독,기타,기타,안전운전 의무 불이행,단일로,기타단일로,승용차,없음,야간,1/3/2013,21,수요일,970775,1766050,127.1761858,35.89061894
2012,1,3,1,1,,전라북도,완주군,차대차,기타,기타,안전운전 의무 불이행,단일로,기타단일로,화물차,승용차,야간,1/7/2013,21,일요일,971518,1763333,127.1845187,35.86614171
2012,1,3,,2,,전라북도,익산시,차대차,추돌,주정차중 충돌,안전운전 의무 불이행,교차로,교차로부근,승용차,승용차,야간,1/16/2012,18,월요일,952849,1771648,126.9772384,35.94038549
2012,1,2,1,,,전라북도,익산시,차대사람,보도통행중,보도통행중,보행자 보호의무 위반,교차로,교차로내,승용차,보행자,야간,2/6/2012,1,월요일,950170,1771710,126.9475281,35.94081142
2012,1,1,,,,전라북도,익산시,차대사람,횡단중,횡단중,안전운전 의무 불이행,단일로,기타단일로,승용차,보행자,야간,2/25/2012,5,화요일,951100,1772730,126.9577858,35.95006162
2012,1,3,1,1,,전라북도,익산시,차대차,측면충돌,측면충돌,안전운전 의무 불이행,교차로,교차로내,승용차,화물차,주간,3/10/2012,6,화요일,962373,1777066,127.0825755,35.98965259
2012,1,2,1,,,전라북도,익산시,차대차,측면충돌,측면충돌,신호위반,단일로,횡단보도상,승용차,자전거,주간,3/16/2012,8,월요일,950538,1771069,126.9516468,35.93505561
2012,1,3,2,,,전라북도,익산시,차대차,측면충돌,측면충돌,중앙선 침범,단일로,기타단일로,농기계,승용차,야간,3/17/2012,19,화요일,961136,1777855,127.068804,35.99671381
2012,1,1,,,,전라북도,익산시,차대사람,횡단중,횡단중,안전운전 의무 불이행,단일로,기타단일로,승용차,보행자,야간,3/23/2012,0,화요일,950694,1774409,126.9531742,35.96517475
2012,2,3,1,,,전라북도,익산시,철길건널목,차단기돌파,차단기돌파,기타,철길건널목,철길건널목,승용차,열차,야간,4/21/2012,18,토요일,950107,1775418,126.9465998,35.97424342
2012,1,3,1,1,,전라북도,익산시,차량단독,공작물충돌,공작물충돌,안전운전 의무 불이행,단일로,기타단일로,승용차,없음,주간,5/1/2012,16,화요일,950887,1777808,126.9551062,35.99582479
2012,1,1,,,,전라북도,익산시,차대차,측면충돌,측면충돌,신호위반,교차로,교차로내,승합차,화물차,주간,5/7/2012,14,월요일,952829,1778188,126.976621,35.99934751
2012,1,1,,,,전라북도,익산시,차대사람,횡단중,횡단중,보행자 보호의무 위반,단일로,기타단일로,승합차,보행자,야간,5/7/2012,20,월요일,951300,1770830,126.9601132,35.93294189
2012,1,1,,,,전라북도,익산시,차량단독,공작물충돌,공작물충돌,안전운전 의무 불이행,단일로,기타단일로,승용차,없음,야간,5/8/2012,20,화요일,948165,1789400,126.9241503,36.10019415
2012,1,1,,,,전라북도,익산시,차량단독,전도전복,전도전복,안전운전 의무 불이행,단일로,기타단일로,이륜차,없음,야간,5/26/2012,19,월요일,958856,1778218,127.0434884,35.99989019
2012,1,1,,,,전라북도,익산시,차대사람,횡단중,횡단중,안전운전 의무 불이행,단일로,기타단일로,승용차,보행자,야간,5/31/2012,19,토요일,951063,1772142,126.9574018,35.94475132
2012,1,1,,,,전라북도,익산시,차대사람,횡단중,횡단중,안전운전 의무 불이행,단일로,기타단일로,승합차,보행자,주간,6/29/2012,7,수요일,952128,1771270,126.9692633,35.93694789
2012,1,3,2,,,전라북도,익산시,차대차,측면충돌,측면충돌,신호위반,교차로,교차로내,승용차,승용차,주간,7/3/2012,13,일요일,954117,1773256,126.9911977,35.95494486
2012,1,3,,2,,전라북도,익산시,차대차,추돌,진행중 추돌,안전운전 의무 불이행,단일로,기타단일로,화물차,승용차,야간,7/7/2012,20,목요일,952242,1771337,126.9705298,35.93755485
2012,1,1,,,,전라북도,익산시,차대차,측면충돌,측면충돌,중앙선 침범,단일로,기타단일로,화물차,화물차,야간,7/8/2012,4,금요일,958514,1775954,127.0398224,35.97947147
2012,1,3,1,1,,전라북도,익산시,차대차,측면충돌,측면충돌,기타,교차로,교차로내,원동기장치자전거,화물차,주간,7/17/2012,16,화요일,951158,1773118,126.9583995,35.95355895