사고년도,사망자수,부상자수,중상자수,경상자수,부상신고자수,시도,시군구,사고유형 대분류,사고유형 중분류,사고유형,가해자법규위반,도로형태 대분류,도로형태,가해당사자 종별,피해당사자 종별,주야구분,발생일,발생시간,발생요일,발생위치X좌표 (EPSG 5179),발생위치Y좌표 (EPSG 5179),경도좌표,위도좌표
2012,1,1,,,,전라북도,익산시,차대차,측면충돌,측면충돌,안전운전 의무 불이행,단일로,기타단일로,승용차,자전거,주간,7/25/2012,8,수요일,952991,1776692,126.9785149,35.98587167
2012,1,1,,,,전라북도,익산시,차대차,측면충돌,측면충돌,신호위반,교차로,교차로내,원동기장치자전거,승용차,야간,7/25/2012,18,수요일,954403,1773018,126.9943872,35.95281436
2012,1,1,,,,전라북도,익산시,차대사람,기타,기타,안전운전 의무 불이행,기타/불명,기타/불명,승합차,보행자,주간,8/6/2012,15,월요일,964293,1783386,127.1035867,36.04669772
2012,1,2,1,,,전라북도,익산시,차량단독,공작물충돌,공작물충돌,안전운전 의무 불이행,단일로,기타단일로,승용차,없음,야간,8/9/2012,1,목요일,950658,1773580,126.9528321,35.95769813
2012,1,1,,,,전라북도,익산시,차대차,측면충돌,측면충돌,기타,교차로,교차로내,승용차,이륜차,주간,8/20/2012,6,목요일,947996,1771462,126.9234411,35.9384631
2012,1,2,,1,,전라북도,익산시,차대차,기타,기타,안전운전 의무 불이행,교차로,교차로부근,화물차,이륜차,주간,8/20/2012,15,목요일,954357,1779791,126.993487,36.01387588
2012,1,1,,,,전라북도,익산시,차대사람,횡단중,횡단중,신호위반,교차로,교차로내,화물차,보행자,야간,9/5/2012,5,토요일,953473,1772862,126.9840864,35.95136134
2012,1,1,,,,전라북도,익산시,차대사람,횡단중,횡단중,안전운전 의무 불이행,단일로,기타단일로,승용차,보행자,주간,9/5/2012,17,토요일,950124,1773366,126.9469219,35.95573984
2012,1,1,,,,전라북도,익산시,차대차,측면충돌,측면충돌,안전운전 의무 불이행,단일로,기타단일로,승용차,자전거,주간,9/12/2012,16,토요일,952479,1771456,126.9731434,35.93864285
2012,1,1,,,,전라북도,익산시,차대차,측면충돌,측면충돌,안전운전 의무 불이행,단일로,횡단보도상,승용차,자전거,주간,9/26/2012,8,화요일,951374,1769777,126.9609969,35.92344488
2012,1,1,,,,전라북도,익산시,차량단독,공작물충돌,공작물충돌,안전운전 의무 불이행,교차로,교차로내,승용차,없음,야간,10/7/2012,0,토요일,960646,1777776,127.0633738,35.99598371
2012,1,1,,,,전라북도,익산시,차대차,기타,기타,안전운전 의무 불이행,교차로,교차로부근,승용차,자전거,주간,10/9/2012,16,월요일,956584,1779373,127.0182217,36.01020557
2012,1,1,,,,전라북도,익산시,차대사람,길가장자리구역통행중,길가장자리구역통행중,안전운전 의무 불이행,단일로,기타단일로,화물차,보행자,야간,10/14/2012,21,토요일,953190,1789020,126.9799865,36.09702442
2012,1,1,,,,전라북도,익산시,차대사람,횡단중,횡단중,안전운전 의무 불이행,단일로,기타단일로,승용차,보행자,주간,10/15/2012,9,화요일,952122,1771262,126.9691984,35.93687367
2012,1,1,,,,전라북도,익산시,차대차,측면충돌,측면충돌,중앙선 침범,단일로,기타단일로,원동기장치자전거,승합차,주간,10/16/2012,16,수요일,950600,1770636,126.9523655,35.9311541
2012,2,5,3,,,전라북도,익산시,차대차,측면충돌,측면충돌,신호위반,교차로,교차로내,승용차,화물차,주간,11/2/2012,13,토요일,947517,1785791,126.9171809,36.06761838
2012,1,1,,,,전라북도,익산시,차대사람,횡단중,횡단중,안전운전 의무 불이행,교차로,교차로내,승용차,보행자,야간,11/7/2012,22,목요일,953238,1773672,126.9814307,35.95865548
2012,1,1,,,,전라북도,익산시,차대사람,기타,기타,안전운전 의무 불이행,단일로,기타단일로,불명,보행자,야간,12/4/2012,22,토요일,949934,1778584,126.9444832,36.00277956
2012,1,1,,,,전라북도,익산시,차량단독,도로이탈,도로이탈 추락,안전운전 의무 불이행,기타/불명,기타/불명,건설기계,없음,주간,12/5/2012,7,일요일,965734,1782562,127.1196199,36.03932423
2012,1,1,,,,전라북도,익산시,차대차,기타,기타,신호위반,교차로,교차로내,이륜차,건설기계,주간,12/15/2012,10,수요일,961033,1785917,127.0672661,36.06939196
2012,1,1,,,,전라북도,익산시,차대사람,기타,기타,과속,단일로,기타단일로,승용차,보행자,야간,12/20/2012,18,수요일,962865,1782544,127.0877698,36.03905397
2012,1,1,,,,전라북도,익산시,차대차,추돌,진행중 추돌,안전운전 의무 불이행,단일로,기타단일로,화물차,건설기계,야간,12/24/2012,4,일요일,962228,1774326,127.0810919,35.96494114
2012,1,1,,,,전라북도,익산시,차대사람,횡단중,횡단중,보행자 보호의무 위반,단일로,횡단보도상,승용차,보행자,주간,1/2/2013,17,화요일,951510,1773940,126.9622524,35.96098372
2012,1,1,,,,전라북도,익산시,차대사람,차도통행중,차도통행중,안전운전 의무 불이행,단일로,기타단일로,승용차,보행자,야간,1/13/2013,3,토요일,946725,1767909,126.9095942,35.90636767
2012,1,1,,,,전라북도,임실군,차량단독,공작물충돌,공작물충돌,안전운전 의무 불이행,단일로,기타단일로,승용차,없음,주간,2/2/2012,13,목요일,971531,1728413,127.1858959,35.55129478
2012,1,1,,,,전라북도,임실군,차대사람,횡단중,횡단중,안전운전 의무 불이행,단일로,횡단보도상,승용차,보행자,야간,2/14/2012,19,화요일,978955,1742456,127.2674394,35.67810102
2012,1,1,,,,전라북도,임실군,차량단독,전도전복,전도전복,안전운전 의무 불이행,단일로,기타단일로,화물차,없음,야간,7/17/2012,0,일요일,979873,1742834,127.2775788,35.68153108
2012,1,4,2,1,,전라북도,임실군,차대차,기타,기타,안전운전 의무 불이행,기타/불명,기타/불명,특수차,승용차,주간,10/8/2012,10,일요일,982837,1727262,127.3106652,35.54117712
2012,1,1,,,,전라북도,임실군,차대사람,기타,기타,안전운전 의무 불이행,단일로,기타단일로,승용차,보행자,주간,10/17/2012,11,목요일,968706,1741040,127.1542359,35.66506555
2012,3,3,,,,전라북도,임실군,차량단독,도로이탈,도로이탈 기타,안전운전 의무 불이행,단일로,기타단일로,화물차,없음,주간,11/6/2012,9,수요일,987891,1740215,127.3662268,35.65804818
2012,1,1,,,,전라북도,임실군,차대차,측면충돌,측면충돌,안전거리 미확보,교차로,교차로내,화물차,화물차,주간,11/8/2012,10,금요일,978953,1742463,127.2674171,35.67816409
2012,1,2,,1,,전라북도,임실군,차량단독,도로이탈,도로이탈 기타,안전운전 의무 불이행,단일로,기타단일로,승용차,없음,야간,12/30/2012,4,토요일,977380,1731890,127.2503345,35.58280143
2012,1,1,,,,전라북도,장수군,차대차,정면충돌,정면충돌,중앙선 침범,기타/불명,기타/불명,이륜차,화물차,야간,1/23/2012,18,월요일,999829,1730494,127.4981085,35.57047463
2012,1,1,,,,전라북도,장수군,차대사람,기타,기타,안전운전 의무 불이행,단일로,기타단일로,화물차,보행자,주간,2/5/2012,6,일요일,1002536,1723249,127.5279664,35.50513775
2012,1,1,,,,전라북도,장수군,차량단독,도로이탈,도로이탈 추락,안전운전 의무 불이행,단일로,기타단일로,특수차,없음,주간,3/27/2012,10,토요일,1003859,1719983,127.5425428,35.47568942
2012,1,1,,,,전라북도,장수군,차량단독,기타,기타,안전운전 의무 불이행,기타/불명,기타/불명,화물차,없음,주간,7/29/2012,10,일요일,1011697,1756729,127.6294722,35.8069496
2012,1,2,1,,,전라북도,장수군,차대차,추돌,주정차중 충돌,안전운전 의무 불이행,단일로,기타단일로,화물차,건설기계,주간,12/3/2012,9,금요일,1014211,1743491,127.6570636,35.68755335
2012,1,1,,,,전라북도,전주시,차대사람,횡단중,횡단중,안전운전 의무 불이행,단일로,기타단일로,승용차,보행자,야간,1/18/2012,22,수요일,966220,1760150,127.1259626,35.83727541
2012,1,1,,,,전라북도,전주시,차대사람,횡단중,횡단중,신호위반,단일로,기타단일로,승용차,보행자,야간,1/20/2012,21,금요일,967031,1760605,127.1349268,35.84140802
2012,1,2,,1,,전라북도,전주시,차대차,추돌,진행중 추돌,안전운전 의무 불이행,단일로,기타단일로,승합차,화물차,주간,1/27/2012,11,금요일,967824,1757532,127.1438304,35.81373082
2012,1,3,2,,,전라북도,전주시,차대사람,보도통행중,보도통행중,기타,교차로,교차로부근,승용차,보행자,주간,3/1/2012,12,일요일,965186,1755462,127.1147223,35.79497937
2012,1,1,,,,전라북도,전주시,차대사람,횡단중,횡단중,안전운전 의무 불이행,단일로,기타단일로,승용차,보행자,야간,3/3/2012,21,화요일,967282,1760698,127.1377046,35.84225402
2012,1,1,,,,전라북도,전주시,차대사람,횡단중,횡단중,안전운전 의무 불이행,단일로,기타단일로,승용차,보행자,야간,3/11/2012,23,수요일,970677,1759351,127.1753464,35.83021776
2012,1,5,1,3,,전라북도,전주시,차대차,기타,기타,신호위반,교차로,교차로내,승용차,승용차,주간,3/12/2012,11,목요일,965091,1757929,127.1135611,35.81721764
2012,1,2,1,,,전라북도,전주시,차대사람,횡단중,횡단중,신호위반,교차로,교차로내,승용차,보행자,야간,3/12/2012,19,목요일,968652,1758322,127.1529659,35.8208776
2012,1,1,,,,전라북도,전주시,차대사람,횡단중,횡단중,안전운전 의무 불이행,단일로,횡단보도상,화물차,보행자,야간,3/14/2012,22,토요일,967319,1759187,127.1381783,35.82863387
2012,1,1,,,,전라북도,전주시,차대사람,횡단중,횡단중,안전운전 의무 불이행,단일로,횡단보도상,승용차,보행자,주간,3/18/2012,6,수요일,969628,1758806,127.163752,35.82527208
2012,1,1,,,,전라북도,전주시,차대차,측면충돌,측면충돌,기타,교차로,교차로내,화물차,이륜차,야간,3/30/2012,20,화요일,966303,1766418,127.1266255,35.8937903
2012,1,1,,,,전라북도,전주시,차대차,측면충돌,측면충돌,안전거리 미확보,교차로,교차로부근,원동기장치자전거,승용차,주간,4/7/2012,15,수요일,958949,1764473,127.0452406,35.87597534
2012,1,1,,,,전라북도,전주시,차대사람,기타,기타,안전운전 의무 불이행,단일로,기타단일로,승용차,보행자,주간,4/9/2012,13,금요일,965381,1756486,127.1168327,35.80421688
2012,1,1,,,,전라북도,전주시,차대차,기타,기타,교차로 통행방법 위반,교차로,교차로내,승용차,이륜차,야간,4/16/2012,20,금요일,965959,1758003,127.1231675,35.81790812
2012,1,1,,,,전라북도,전주시,차대사람,기타,기타,안전운전 의무 불이행,단일로,기타단일로,승용차,보행자,야간,4/17/2012,21,토요일,968436,1759226,127.1505335,35.82901845
2012,2,2,,,,전라북도,전주시,차대사람,횡단중,횡단중,과속,단일로,횡단보도상,승용차,보행자,야간,4/18/2012,23,일요일,968909,1762430,127.1556475,35.8579254
2012,1,1,,,,전라북도,전주시,차대사람,횡단중,횡단중,보행자 보호의무 위반,교차로,교차로부근,화물차,보행자,주간,4/24/2012,10,화요일,966532,1760431,127.1294087,35.83982232
2012,1,1,,,,전라북도,전주시,차대사람,길가장자리구역통행중,길가장자리구역통행중,안전운전 의무 불이행,단일로,기타단일로,승용차,보행자,주간,5/4/2012,14,금요일,964598,1756528,127.108168,35.80456132
2012,1,1,,,,전라북도,전주시,차대사람,기타,기타,안전운전 의무 불이행,단일로,기타단일로,승용차,보행자,야간,5/9/2012,22,수요일,963396,1757718,127.09481,35.81524717
2012,1,1,,,,전라북도,전주시,차대사람,횡단중,횡단중,안전운전 의무 불이행,단일로,기타단일로,승용차,보행자,야간,5/27/2012,20,화요일,968289,1757438,127.1489825,35.81289574
2012,1,1,,,,전라북도,전주시,차대사람,횡단중,횡단중,안전운전 의무 불이행,단일로,기타단일로,승용차,보행자,야간,6/4/2012,20,수요일,962462,1755494,127.0845734,35.7951639
2012,1,1,,,,전라북도,전주시,차량단독,전도전복,전도전복,안전운전 의무 불이행,단일로,기타단일로,화물차,없음,야간,6/9/2012,21,월요일,963857,1764446,127.0996015,35.87592901
2012,1,6,2,3,,전라북도,전주시,차대차,기타,기타,신호위반,교차로,교차로내,승용차,승용차,야간,6/17/2012,0,화요일,964402,1758148,127.1059255,35.81916378
2012,1,1,,,,전라북도,전주시,차대차,측면충돌,측면충돌,신호위반,교차로,교차로내,자전거,승용차,주간,6/21/2012,12,화요일,970714,1759251,127.1757586,35.82931726
2012,1,1,,,,전라북도,전주시,차대차,측면충돌,측면충돌,안전운전 의무 불이행,단일로,기타단일로,승합차,자전거,주간,6/29/2012,14,수요일,964877,1760230,127.1110888,35.83795309
2012,1,1,,,,전라북도,전주시,차량단독,전도전복,전도전복,안전운전 의무 불이행,단일로,기타단일로,이륜차,없음,야간,7/4/2012,1,월요일,964810,1759171,127.1103936,35.82840276
2012,1,1,,,,전라북도,전주시,차대사람,횡단중,횡단중,보행자 보호의무 위반,교차로,교차로내,화물차,보행자,주간,7/16/2012,8,토요일,964981,1761832,127.1121722,35.8523986
2012,1,1,,,,전라북도,전주시,차대사람,횡단중,횡단중,안전운전 의무 불이행,단일로,기타단일로,승용차,보행자,야간,7/16/2012,20,월요일,966759,1755521,127.1321298,35.79556044
2012,1,3,,2,,전라북도,전주시,차대차,기타,기타,안전운전 의무 불이행,단일로,기타단일로,승용차,승용차,야간,7/25/2012,19,수요일,964337,1758139,127.1052063,35.81908027
2012,1,1,,,,전라북도,전주시,차대차,측면충돌,측면충돌,신호위반,단일로,기타단일로,승용차,자전거,야간,8/2/2012,20,목요일,964128,1762122,127.1027148,35.85498417
2012,1,1,,,,전라북도,전주시,차대차,기타,기타,신호위반,교차로,교차로내,자전거,승용차,주간,8/5/2012,6,일요일,965979,1756678,127.1234497,35.80596349
2012,1,1,,,,전라북도,전주시,차량단독,공작물충돌,공작물충돌,안전운전 의무 불이행,교차로,교차로내,승용차,없음,주간,8/6/2012,8,월요일,961450,1756958,127.0733091,35.80832051
2012,1,1,,,,전라북도,전주시,차대사람,횡단중,횡단중,안전운전 의무 불이행,단일로,기타단일로,승용차,보행자,야간,8/7/2012,22,화요일,965088,1759591,127.1134585,35.83220033
2012,1,1,,,,전라북도,전주시,차대사람,기타,기타,안전운전 의무 불이행,단일로,기타단일로,승용차,보행자,야간,8/12/2012,4,일요일,965238,1761443,127.1150309,35.84889782
2012,1,1,,,,전라북도,전주시,차대차,측면충돌,측면충돌,신호위반,단일로,기타단일로,승용차,승용차,야간,8/15/2012,23,수요일,963748,1758824,127.0986551,35.82523463
2012,1,1,,,,전라북도,전주시,차대사람,보도통행중,보도통행중,보행자 보호의무 위반,교차로,교차로내,승용차,보행자,주간,9/12/2012,11,토요일,968521,1758237,127.1515212,35.82010615
2012,1,1,,,,전라북도,전주시,차량단독,공작물충돌,공작물충돌,안전운전 의무 불이행,단일로,기타단일로,승용차,없음,주간,9/14/2012,7,월요일,958548,1764590,127.0407824,35.87701866
2012,1,8,,3,4,전라북도,전주시,차대차,기타,기타,안전운전 의무 불이행,단일로,터널안,승합차,승용차,주간,9/20/2012,16,수요일,971919,1759751,127.1890776,35.83386053
2012,1,1,,,,전라북도,전주시,차대차,측면충돌,측면충돌,기타,교차로,교차로내,승용차,화물차,주간,9/21/2012,10,목요일,970527,1759372,127.1736882,35.83040171
2012,1,1,,,,전라북도,전주시,차대사람,횡단중,횡단중,안전운전 의무 불이행,교차로,교차로부근,승용차,보행자,주간,9/29/2012,6,금요일,961320,1763700,127.071539,35.86910351
2012,1,1,,,,전라북도,전주시,차대차,측면충돌,측면충돌,신호위반,교차로,교차로내,이륜차,승용차,주간,10/2/2012,13,월요일,968328,1756429,127.1494519,35.80379708
2012,1,4,2,1,,전라북도,전주시,차량단독,공작물충돌,공작물충돌,안전운전 의무 불이행,단일로,기타단일로,승용차,없음,주간,10/3/2012,9,화요일,962303,1761085,127.0825489,35.84556882
2012,1,1,,,,전라북도,전주시,차대사람,횡단중,횡단중,보행자 보호의무 위반,교차로,교차로내,이륜차,보행자,야간,10/4/2012,18,수요일,966918,1756924,127.1338281,35.80821623
2012,1,1,,,,전라북도,전주시,차대차,측면충돌,측면충돌,안전운전 의무 불이행,단일로,기타단일로,승용차,자전거,주간,10/13/2012,14,금요일,967408,1760709,127.1391026,35.84236011
2012,1,1,,,,전라북도,전주시,차대차,측면충돌,측면충돌,교차로 통행방법 위반,교차로,교차로내,승용차,이륜차,주간,10/25/2012,14,금요일,967252,1758550,127.1374638,35.82288392
2012,1,1,,,,전라북도,전주시,차대사람,횡단중,횡단중,안전운전 의무 불이행,교차로,교차로부근,승합차,보행자,주간,11/4/2012,7,월요일,968021,1758354,127.1459793,35.82114124
2012,1,1,,,,전라북도,전주시,차대사람,횡단중,횡단중,안전운전 의무 불이행,단일로,횡단보도부근,건설기계,보행자,야간,11/8/2012,19,금요일,967790,1759219,127.1433905,35.82893526
2012,1,2,1,,,전라북도,전주시,차량단독,공작물충돌,공작물충돌,안전운전 의무 불이행,단일로,기타단일로,승용차,없음,야간,11/9/2012,2,토요일,969065,1762131,127.1573924,35.85523637
2012,1,1,,,,전라북도,전주시,차대사람,횡단중,횡단중,보행자 보호의무 위반,단일로,기타단일로,승용차,보행자,야간,11/10/2012,22,일요일,965239,1761018,127.1150705,35.845067
2012,1,1,,,,전라북도,전주시,차량단독,공작물충돌,공작물충돌,안전운전 의무 불이행,단일로,기타단일로,승합차,없음,야간,11/13/2012,4,수요일,964887,1760387,127.1111992,35.83936718
2012,1,1,,,,전라북도,전주시,차대사람,횡단중,횡단중,안전운전 의무 불이행,단일로,기타단일로,승합차,보행자,야간,11/19/2012,1,금요일,966805,1760163,127.1324427,35.83741532
2012,1,2,,1,,전라북도,전주시,차대차,측면충돌,측면충돌,교차로 통행방법 위반,교차로,교차로내,승용차,승용차,야간,11/19/2012,3,금요일,964406,1757774,127.1059809,35.81578831
2012,1,1,,,,전라북도,전주시,차대사람,기타,기타,안전운전 의무 불이행,교차로,교차로부근,이륜차,보행자,야간,12/1/2012,23,수요일,967154,1755666,127.1364919,35.79688195
2012,1,1,,,,전라북도,전주시,차대사람,보도통행중,보도통행중,보행자 보호의무 위반,단일로,기타단일로,승용차,보행자,야간,12/4/2012,19,토요일,967490,1759514,127.1400582,35.8315887
2012,1,1,,,,전라북도,전주시,차대사람,횡단중,횡단중,안전운전 의무 불이행,교차로,교차로내,승용차,보행자,야간,12/6/2012,1,월요일,966007,1759955,127.1236158,35.83551264
2012,1,1,,,,전라북도,전주시,차대사람,횡단중,횡단중,안전운전 의무 불이행,단일로,기타단일로,승용차,보행자,야간,12/6/2012,20,월요일,963029,1762779,127.0905164,35.86086589
2012,1,1,,,,전라북도,전주시,차대차,추돌,주정차중 충돌,안전운전 의무 불이행,교차로,교차로부근,이륜차,특수차,주간,12/18/2012,16,토요일,961830,1766071,127.0770779,35.89050109
2012,1,3,1,1,,전라북도,전주시,차대차,정면충돌,정면충돌,중앙선 침범,단일로,기타단일로,승용차,승용차,주간,12/26/2012,13,화요일,964694,1759487,127.1090931,35.83124673
2012,1,1,,,,전라북도,전주시,차대사람,기타,기타,안전운전 의무 불이행,단일로,기타단일로,화물차,보행자,주간,12/26/2012,15,화요일,960370,1766370,127.0608877,35.89313517
2012,1,7,4,2,,전라북도,전주시,차대차,기타,기타,안전운전 의무 불이행,단일로,기타단일로,승용차,승용차,주간,1/6/2013,15,토요일,967452,1757661,127.139703,35.8148798
2012,1,1,,,,전라북도,전주시,차대사람,횡단중,횡단중,안전운전 의무 불이행,단일로,기타단일로,불명,보행자,야간,1/16/2013,19,화요일,965429,1761323,127.1171568,35.84782629
2012,1,6,5,,,전라북도,정읍시,차대차,정면충돌,정면충돌,중앙선 침범,단일로,기타단일로,승용차,승용차,야간,1/16/2012,1,월요일,946537,1737695,126.9095234,35.63395556
2012,1,1,,,,전라북도,정읍시,차대사람,길가장자리구역통행중,길가장자리구역통행중,안전운전 의무 불이행,단일로,기타단일로,화물차,보행자,야간,1/25/2012,19,수요일,948185,1739535,126.9276134,35.65062573
2012,1,2,1,,,전라북도,정읍시,차량단독,공작물충돌,공작물충돌,안전운전 의무 불이행,단일로,기타단일로,승용차,없음,주간,2/20/2012,9,목요일,943130,1737499,126.871914,35.63199273
2012,1,1,,,,전라북도,정읍시,차대차,측면충돌,측면충돌,기타,교차로,교차로내,이륜차,승용차,주간,3/12/2012,8,목요일,940014,1730638,126.8380162,35.56995095
2012,1,1,,,,전라북도,정읍시,차량단독,전도전복,전도전복,안전운전 의무 불이행,교차로,교차로내,이륜차,없음,주간,3/14/2012,8,토요일,958064,1736304,127.0369071,35.62196359
2012,1,1,,,,전라북도,정읍시,차대사람,횡단중,횡단중,안전운전 의무 불이행,단일로,기타단일로,승용차,보행자,주간,3/19/2012,12,목요일,940747,1730785,126.8460886,35.57132403
2012,1,1,,,,전라북도,정읍시,차대사람,기타,기타,안전운전 의무 불이행,단일로,기타단일로,화물차,보행자,야간,4/22/2012,4,일요일,936448,1722954,126.799265,35.50044884
2012,1,2,1,,,전라북도,정읍시,차대차,추돌,진행중 추돌,안전운전 의무 불이행,단일로,기타단일로,화물차,농기계,주간,5/8/2012,13,화요일,945283,1725836,126.8964804,35.52695989
2012,1,4,3,,,전라북도,정읍시,차대차,측면충돌,측면충돌,신호위반,교차로,교차로내,승용차,승용차,주간,5/21/2012,11,수요일,947452,1742651,126.9193098,35.67868347
2012,1,1,,,,전라북도,정읍시,차량단독,공작물충돌,공작물충돌,안전운전 의무 불이행,단일로,기타단일로,이륜차,없음,주간,5/22/2012,17,목요일,949268,1746482,126.9391296,35.71331963
2012,1,1,,,,전라북도,정읍시,차량단독,공작물충돌,공작물충돌,안전운전 의무 불이행,단일로,기타단일로,승용차,없음,야간,5/22/2012,23,목요일,933634,1736079,126.7671676,35.61859524
2012,1,1,,,,전라북도,정읍시,차대차,측면충돌,측면충돌,중앙선 침범,단일로,기타단일로,화물차,승용차,주간,5/23/2012,14,금요일,942788,1735213,126.868297,35.61136428
2012,1,2,1,,,전라북도,정읍시,차량단독,도로이탈,도로이탈 추락,안전운전 의무 불이행,단일로,기타단일로,승용차,없음,주간,6/11/2012,6,수요일,940030,1730586,126.8381878,35.56948575
2012,1,1,,,,전라북도,정읍시,차대차,측면충돌,측면충돌,안전운전 의무 불이행,교차로,교차로내,승용차,자전거,야간,6/16/2012,19,월요일,940436,1723982,126.8431548,35.50996653
2012,1,1,,,,전라북도,정읍시,차대차,정면충돌,정면충돌,중앙선 침범,단일로,기타단일로,이륜차,승용차,야간,7/11/2012,20,월요일,940517,1746871,126.8423687,35.71633889
2012,1,1,,,,전라북도,정읍시,차대차,정면충돌,정면충돌,중앙선 침범,단일로,기타단일로,승용차,자전거,야간,8/4/2012,22,토요일,937701,1742100,126.8115994,35.67315055
2012,1,1,,,,전라북도,정읍시,차대차,정면충돌,정면충돌,중앙선 침범,교차로,교차로부근,승용차,이륜차,주간,8/31/2012,6,월요일,942019,1729142,126.860241,35.55658509
2012,1,1,,,,전라북도,정읍시,차량단독,전도전복,전도전복,안전운전 의무 불이행,단일로,기타단일로,승용차,없음,주간,9/9/2012,15,수요일,938258,1733556,126.8184081,35.59615053
2012,1,1,,,,전라북도,정읍시,차대차,측면충돌,측면충돌,기타,단일로,기타단일로,자전거,화물차,주간,9/15/2012,8,화요일,940782,1731477,126.8464264,35.5775616
2012,1,1,,,,전라북도,정읍시,차대사람,기타,기타,안전운전 의무 불이행,단일로,기타단일로,화물차,보행자,주간,9/19/2012,9,토요일,941576,1729815,126.8553069,35.56262506
2012,1,1,,,,전라북도,정읍시,차대사람,차도통행중,차도통행중,안전운전 의무 불이행,단일로,기타단일로,화물차,보행자,주간,10/10/2012,9,화요일,940193,1747592,126.8387297,35.72281961
2012,1,1,,,,전라북도,정읍시,차대사람,횡단중,횡단중,안전운전 의무 불이행,단일로,기타단일로,승용차,보행자,주간,10/24/2012,9,목요일,945055,1737141,126.8931996,35.62887038
2012,1,1,,,,전라북도,정읍시,차량단독,공작물충돌,공작물충돌,안전운전 의무 불이행,단일로,기타단일로,승용차,없음,주간,10/24/2012,16,목요일,943114,1731898,126.8721319,35.58149324
2012,1,3,1,1,,전라북도,정읍시,차대차,측면충돌,측면충돌,안전운전 의무 불이행,단일로,기타단일로,자전거,이륜차,야간,10/25/2012,19,금요일,942530,1729950,126.8658238,35.56389715
2012,1,1,,,,전라북도,정읍시,차대차,정면충돌,정면충돌,기타,교차로,교차로내,승합차,이륜차,주간,10/26/2012,11,토요일,940511,1730407,126.8435143,35.56789733
2012,1,1,,,,전라북도,정읍시,차대사람,차도통행중,차도통행중,안전운전 의무 불이행,단일로,기타단일로,승용차,보행자,야간,10/28/2012,18,월요일,954985,1733686,127.0030531,35.59823003
2012,1,1,,,,전라북도,정읍시,차대차,추돌,진행중 추돌,안전운전 의무 불이행,단일로,기타단일로,승용차,농기계,야간,10/29/2012,18,화요일,939866,1746864,126.8351734,35.71623173
2012,1,1,,,,전라북도,정읍시,차대사람,횡단중,횡단중,안전운전 의무 불이행,단일로,기타단일로,승용차,보행자,야간,11/8/2012,18,금요일,938025,1727197,126.81633,35.53880537
2012,1,2,1,,,전라북도,정읍시,차대사람,횡단중,횡단중,안전운전 의무 불이행,단일로,기타단일로,승용차,보행자,주간,11/11/2012,14,월요일,944802,1726595,126.8911291,35.53378191
2012,1,5,3,1,,전라북도,정읍시,차대차,추돌,진행중 추돌,안전운전 의무 불이행,단일로,기타단일로,화물차,화물차,주간,11/11/2012,15,월요일,938976,1730374,126.8265818,35.56750459
2012,1,1,,,,전라북도,정읍시,차량단독,공작물충돌,공작물충돌,안전운전 의무 불이행,단일로,기타단일로,승합차,없음,야간,11/26/2012,19,금요일,942912,1731169,126.8699606,35.57491166
2012,1,1,,,,전라북도,정읍시,차대사람,기타,기타,안전운전 의무 불이행,단일로,기타단일로,승용차,보행자,야간,12/14/2012,18,화요일,948471,1740620,126.9306999,35.66042576
2012,1,1,,,,전라북도,진안군,차대사람,횡단중,횡단중,안전운전 의무 불이행,단일로,기타단일로,승용차,보행자,주간,4/22/2012,17,일요일,1001381,1775109,127.5153141,35.97273444
2012,1,1,,,,전라북도,진안군,차대차,측면충돌,측면충돌,과속,단일로,기타단일로,승용차,자전거,주간,5/27/2012,7,화요일,1001840,1773569,127.5204071,35.95884094
2012,1,1,,,,전라북도,진안군,차량단독,공작물충돌,공작물충돌,안전운전 의무 불이행,단일로,기타단일로,승용차,없음,주간,6/2/2012,13,월요일,986686,1759702,127.3525861,35.83372781
2012,1,1,,,,전라북도,진안군,차량단독,기타,기타,안전운전 의무 불이행,단일로,기타단일로,농기계,없음,주간,8/20/2012,10,목요일,994478,1775555,127.4387515,35.97673371
2012,1,1,,,,전라북도,진안군,차량단독,전도전복,전도전복,안전운전 의무 불이행,단일로,기타단일로,특수차,없음,주간,9/4/2012,12,금요일,993220,1753276,127.4249839,35.77585918
2012,1,2,,1,,전라북도,진안군,차량단독,공작물충돌,공작물충돌,안전운전 의무 불이행,단일로,기타단일로,승용차,없음,주간,9/18/2012,15,금요일,998041,1762482,127.4782994,35.85888393
2012,1,1,,,,전라북도,진안군,차대사람,기타,기타,기타,단일로,기타단일로,화물차,보행자,주간,10/11/2012,16,수요일,983851,1742044,127.3215535,35.67447501
2012,1,1,,,,전라북도,진안군,차량단독,기타,기타,안전운전 의무 불이행,교차로,교차로부근,원동기장치자전거,없음,주간,10/16/2012,14,수요일,994062,1752363,127.4343089,35.76763186
2012,1,3,,2,,경상남도,거제시,차대차,측면충돌,측면충돌,안전운전 의무 불이행,단일로,기타단일로,승용차,승용차,주간,1/30/2012,14,월요일,1096238,1657049,128.5533899,34.90364528
2012,1,2,,1,,경상남도,거제시,차대사람,기타,기타,안전운전 의무 불이행,교차로,교차로내,승용차,보행자,야간,1/31/2012,20,화요일,1102040,1655610,128.6167107,34.89010448
2012,1,1,,,,경상남도,거제시,차량단독,공작물충돌,공작물충돌,안전운전 의무 불이행,단일로,기타단일로,승용차,없음,야간,2/8/2012,4,수요일,1096252,1657033,128.5535412,34.9034997