사고년도,사망자수,부상자수,중상자수,경상자수,부상신고자수,시도,시군구,사고유형 대분류,사고유형 중분류,사고유형,가해자법규위반,도로형태 대분류,도로형태,가해당사자 종별,피해당사자 종별,주야구분,발생일,발생시간,발생요일,발생위치X좌표 (EPSG 5179),발생위치Y좌표 (EPSG 5179),경도좌표,위도좌표
2012,1,2,1,,,경상남도,함안군,차량단독,공작물충돌,공작물충돌,안전운전 의무 불이행,단일로,기타단일로,승용차,없음,야간,12/8/2012,21,수요일,1076368,1697217,128.339626,35.26750422
2012,2,3,1,,,경상남도,함안군,차대차,측면충돌,측면충돌,안전운전 의무 불이행,단일로,기타단일로,특수차,승용차,야간,12/14/2012,19,화요일,1093390,1702049,128.5272999,35.30962406
2012,1,1,,,,경상남도,함양군,차대사람,기타,기타,안전운전 의무 불이행,단일로,기타단일로,화물차,보행자,주간,4/14/2012,13,수요일,1021753,1726956,127.7399667,35.53833062
2012,1,3,,,2,경상남도,함양군,차대차,기타,기타,안전운전 의무 불이행,단일로,기타단일로,승용차,화물차,야간,4/23/2012,19,월요일,1025650,1724966,127.7828928,35.5202945
2012,1,1,,,,경상남도,함양군,차대사람,횡단중,횡단중,안전운전 의무 불이행,교차로,교차로내,특수차,보행자,주간,5/1/2012,7,화요일,1021010,1723868,127.7316904,35.51050344
2012,1,1,,,,경상남도,함양군,차대차,정면충돌,정면충돌,중앙선 침범,단일로,기타단일로,원동기장치자전거,승용차,야간,7/12/2012,21,화요일,1014589,1711347,127.6606632,35.39772469
2012,1,1,,,,경상남도,함양군,차량단독,기타,기타,안전운전 의무 불이행,단일로,기타단일로,원동기장치자전거,없음,야간,8/5/2012,21,일요일,1026472,1737446,127.7923649,35.63279746
2012,1,1,,,,경상남도,함양군,차대차,측면충돌,측면충돌,신호위반,교차로,교차로내,특수차,원동기장치자전거,주간,8/11/2012,10,토요일,1028180,1724002,127.8107622,35.5115339
2012,1,1,,,,경상남도,함양군,차량단독,기타,기타,안전운전 의무 불이행,단일로,기타단일로,승용차,없음,주간,9/1/2012,13,화요일,1022726,1727810,127.7507252,35.54600441
2012,1,4,3,,,경상남도,함양군,차대차,기타,기타,신호위반,교차로,교차로내,승용차,승용차,주간,9/13/2012,15,일요일,1028173,1724012,127.8106831,35.51162877
2012,1,1,,,,경상남도,함양군,차대사람,횡단중,횡단중,안전운전 의무 불이행,단일로,기타단일로,화물차,보행자,야간,11/13/2012,18,수요일,1023646,1724508,127.7607721,35.51621113
2012,1,1,,,,경상남도,함양군,차대차,추돌,진행중 추돌,안전운전 의무 불이행,단일로,기타단일로,승용차,농기계,주간,11/20/2012,17,토요일,1026152,1731220,127.7886312,35.57667063
2012,1,5,4,,,경상남도,함양군,차대차,측면충돌,측면충돌,신호위반,교차로,교차로내,화물차,승용차,주간,11/21/2012,7,일요일,1025619,1729820,127.7826989,35.56406602
2012,1,1,,,,경상남도,함양군,차대차,측면충돌,측면충돌,교차로 통행방법 위반,교차로,교차로내,화물차,원동기장치자전거,주간,12/19/2012,16,화요일,1021625,1726587,127.7385448,35.53500631
2012,1,1,,,,경상남도,함양군,차대차,기타,기타,안전운전 의무 불이행,단일로,기타단일로,승용차,화물차,주간,12/30/2012,8,토요일,1024764,1726106,127.773156,35.5305959
2012,1,3,1,1,,경상남도,함양군,차량단독,전도전복,전도전복,안전운전 의무 불이행,단일로,기타단일로,승용차,없음,야간,1/11/2013,19,목요일,1014709,1742847,127.6625523,35.68174581
2012,1,1,,,,경상남도,함양군,차량단독,전도전복,전도전복,안전운전 의무 불이행,단일로,기타단일로,화물차,없음,주간,1/13/2013,6,토요일,1013760,1743799,127.65208,35.69033861
2012,2,2,,,,경상남도,합천군,차대차,측면충돌,측면충돌,과속,교차로,교차로내,승합차,승용차,주간,1/16/2012,10,월요일,1059321,1748774,128.1559844,35.73350294
2012,1,1,,,,경상남도,합천군,차대차,추돌,주정차중 충돌,중앙선 침범,단일로,교량위,승용차,화물차,야간,3/11/2012,23,수요일,1056526,1712946,128.122574,35.4106404
2012,1,1,,,,경상남도,합천군,차량단독,전도전복,전도전복,안전운전 의무 불이행,단일로,기타단일로,원동기장치자전거,없음,야간,4/16/2012,19,월요일,1056357,1712693,128.1206942,35.40837066
2012,1,1,,,,경상남도,합천군,차량단독,도로이탈,도로이탈 추락,안전운전 의무 불이행,단일로,기타단일로,원동기장치자전거,없음,야간,4/17/2012,18,화요일,1058513,1713945,128.1445314,35.41952833
2012,1,2,,1,,경상남도,합천군,차량단독,공작물충돌,공작물충돌,안전운전 의무 불이행,단일로,기타단일로,화물차,없음,주간,4/20/2012,11,금요일,1076818,1728562,128.3475311,35.55007414
2012,1,1,,,,경상남도,합천군,차량단독,도로이탈,도로이탈 추락,안전운전 의무 불이행,단일로,기타단일로,이륜차,없음,야간,5/2/2012,21,수요일,1054996,1727494,128.1067082,35.54189411
2012,1,15,10,4,,경상남도,합천군,차량단독,전도전복,전도전복,안전운전 의무 불이행,교차로,교차로내,승합차,없음,야간,5/3/2012,5,목요일,1044769,1726466,127.9938327,35.53314018
2012,1,1,,,,경상남도,합천군,차량단독,도로이탈,도로이탈 기타,안전운전 의무 불이행,단일로,기타단일로,원동기장치자전거,없음,주간,5/29/2012,13,목요일,1045492,1720773,128.0014895,35.48177455
2012,1,1,,,,경상남도,합천군,차대차,추돌,진행중 추돌,기타,교차로,교차로내,특수차,원동기장치자전거,주간,7/5/2012,11,화요일,1077055,1723646,128.3496738,35.50573208
2012,1,1,,,,경상남도,합천군,차대차,기타,기타,기타,단일로,기타단일로,이륜차,승용차,주간,7/18/2012,9,수요일,1059046,1729701,128.1515457,35.56155945
2012,1,1,,,,경상남도,합천군,차량단독,공작물충돌,공작물충돌,안전운전 의무 불이행,단일로,기타단일로,이륜차,없음,야간,7/21/2012,20,토요일,1069718,1726260,128.2689981,35.5298458
2012,1,1,,,,경상남도,합천군,차량단독,공작물충돌,공작물충돌,안전운전 의무 불이행,단일로,기타단일로,화물차,없음,야간,7/22/2012,23,일요일,1053113,1755231,128.0877609,35.79206922
2012,1,1,,,,경상남도,합천군,차량단독,전도전복,전도전복,안전운전 의무 불이행,단일로,기타단일로,이륜차,없음,주간,7/25/2012,13,수요일,1060877,1729691,128.171748,35.56135841
2012,1,1,,,,경상남도,합천군,차량단독,도로이탈,도로이탈 기타,안전운전 의무 불이행,단일로,기타단일로,원동기장치자전거,없음,주간,8/26/2012,15,수요일,1055748,1735139,128.1155309,35.61077987
2012,1,1,,,,경상남도,합천군,차량단독,공작물충돌,공작물충돌,안전운전 의무 불이행,단일로,기타단일로,승용차,없음,주간,9/17/2012,14,목요일,1062751,1733227,128.1927032,35.59312531
2012,1,1,,,,경상남도,합천군,차대차,측면충돌,측면충돌,교차로 통행방법 위반,교차로,교차로내,건설기계,자전거,주간,9/27/2012,13,수요일,1070233,1729139,128.2749311,35.55576232
2012,1,1,,,,경상남도,합천군,차대사람,횡단중,횡단중,안전운전 의무 불이행,교차로,교차로부근,승용차,보행자,주간,10/16/2012,17,월요일,1058397,1742794,128.1453325,35.67964366
2012,1,2,1,,,경상남도,합천군,차대사람,횡단중,횡단중,안전거리 미확보,단일로,기타단일로,이륜차,보행자,주간,10/24/2012,9,목요일,1059948,1729319,128.16147,35.55806114
2012,1,1,,,,경상남도,합천군,차대차,측면충돌,측면충돌,안전거리 미확보,단일로,기타단일로,화물차,승용차,주간,11/28/2012,10,일요일,1056811,1747764,128.1281539,35.72454962
2012,1,1,,,,경상남도,합천군,차량단독,전도전복,전도전복,안전운전 의무 불이행,단일로,기타단일로,화물차,없음,야간,12/5/2012,22,일요일,1045522,1720868,128.0018222,35.48263335
2012,1,2,,1,,경상남도,합천군,차대차,정면충돌,정면충돌,중앙선 침범,단일로,기타단일로,화물차,승용차,주간,12/27/2012,10,수요일,1062118,1744556,128.186586,35.69530202
2012,1,1,,,,경상남도,합천군,차대사람,기타,기타,안전운전 의무 불이행,기타/불명,기타/불명,승합차,보행자,주간,1/11/2013,13,목요일,1046561,1725112,128.0135201,35.52084957
2012,1,1,,,,경상북도,경산시,차량단독,공작물충돌,공작물충돌,안전운전 의무 불이행,단일로,기타단일로,원동기장치자전거,없음,야간,1/16/2012,4,월요일,1114053,1761943,128.7629997,35.8473881
2012,1,9,2,6,,경상북도,경산시,차대차,추돌,주정차중 충돌,안전운전 의무 불이행,교차로,교차로부근,승용차,승용차,야간,2/6/2012,3,월요일,1112693,1760466,128.7477317,35.83422902
2012,1,1,,,,경상북도,경산시,차대사람,기타,기타,안전운전 의무 불이행,기타/불명,기타/불명,승용차,보행자,야간,2/10/2012,22,금요일,1118599,1759661,128.8129927,35.82627983
2012,1,1,,,,경상북도,경산시,차대차,추돌,진행중 추돌,안전운전 의무 불이행,단일로,기타단일로,승용차,화물차,야간,2/13/2012,1,월요일,1118823,1774623,128.8177031,35.96111508
2012,1,3,,2,,경상북도,경산시,차량단독,전도전복,전도전복,안전운전 의무 불이행,단일로,기타단일로,화물차,없음,야간,2/22/2012,19,토요일,1110991,1746993,128.7270271,35.71297922
2012,1,1,,,,경상북도,경산시,차대차,추돌,주정차중 충돌,안전운전 의무 불이행,단일로,기타단일로,승용차,화물차,야간,4/4/2012,1,일요일,1113430,1760958,128.7559611,35.83858252
2012,1,3,2,,,경상북도,경산시,차대차,기타,기타,중앙선 침범,단일로,기타단일로,승용차,화물차,주간,4/15/2012,12,목요일,1111617,1750503,128.7344333,35.74454671
2012,1,1,,,,경상북도,경산시,차대사람,횡단중,횡단중,안전운전 의무 불이행,교차로,교차로내,승용차,보행자,야간,5/4/2012,21,금요일,1114150,1761845,128.7640607,35.84649613
2012,1,1,,,,경상북도,경산시,차대사람,기타,기타,안전운전 의무 불이행,교차로,교차로내,승용차,보행자,야간,5/7/2012,0,월요일,1119493,1758887,128.8227708,35.81919194
2012,1,1,,,,경상북도,경산시,차량단독,전도전복,전도전복,안전운전 의무 불이행,단일로,기타단일로,화물차,없음,야간,5/8/2012,21,화요일,1115756,1751891,128.7803991,35.75657987
2012,1,1,,,,경상북도,경산시,차대차,추돌,주정차중 충돌,안전운전 의무 불이행,단일로,기타단일로,화물차,화물차,야간,5/26/2012,23,월요일,1110883,1753004,128.7266632,35.76717434
2012,1,2,1,,,경상북도,경산시,차대차,정면충돌,정면충돌,안전운전 의무 불이행,단일로,기타단일로,승용차,승용차,주간,6/7/2012,8,토요일,1115019,1763937,128.7739822,35.86524896
2012,1,2,1,,,경상북도,경산시,차대차,측면충돌,측면충돌,안전운전 의무 불이행,교차로,교차로내,이륜차,승용차,야간,6/14/2012,21,토요일,1118402,1768646,128.8121447,35.90729154
2012,1,1,,,,경상북도,경산시,차대사람,기타,기타,안전운전 의무 불이행,단일로,기타단일로,승합차,보행자,야간,7/16/2012,18,토요일,1124412,1756059,128.8767639,35.79308908
2012,1,1,,,,경상북도,경산시,차대차,기타,기타,안전운전 의무 불이행,교차로,교차로부근,승합차,자전거,주간,7/29/2012,15,일요일,1111267,1759020,128.7317472,35.82136016
2012,1,1,,,,경상북도,경산시,차량단독,공작물충돌,공작물충돌,안전운전 의무 불이행,단일로,기타단일로,이륜차,없음,주간,8/2/2012,8,목요일,1112812,1759209,128.7488704,35.82288558
2012,1,1,,,,경상북도,경산시,차대차,측면충돌,측면충돌,안전운전 의무 불이행,단일로,기타단일로,원동기장치자전거,승용차,야간,8/4/2012,19,토요일,1119280,1758414,128.8203407,35.81495525
2012,1,3,1,1,,경상북도,경산시,차대차,기타,기타,안전운전 의무 불이행,교차로,교차로부근,화물차,화물차,주간,8/8/2012,7,수요일,1118200,1759343,128.8085272,35.82346072
2012,1,2,,1,,경상북도,경산시,차대사람,횡단중,횡단중,안전운전 의무 불이행,교차로,교차로내,이륜차,보행자,야간,8/12/2012,20,일요일,1110671,1759656,128.7252422,35.82716145
2012,1,3,,2,,경상북도,경산시,차대차,기타,기타,교차로 통행방법 위반,교차로,교차로내,화물차,승용차,야간,8/14/2012,5,화요일,1118930,1769749,128.8181607,35.91717225
2012,1,1,,,,경상북도,경산시,차대차,기타,기타,안전운전 의무 불이행,단일로,기타단일로,이륜차,승용차,주간,9/7/2012,16,월요일,1117421,1765095,128.8007519,35.87540191
2012,1,1,,,,경상북도,경산시,차대차,추돌,진행중 추돌,안전운전 의무 불이행,단일로,기타단일로,특수차,승용차,야간,9/10/2012,5,목요일,1111778,1751382,128.736336,35.75245192
2012,1,1,,,,경상북도,경산시,차대사람,횡단중,횡단중,보행자 보호의무 위반,단일로,횡단보도상,승용차,보행자,야간,9/27/2012,23,수요일,1112160,1758282,128.7415272,35.81460606
2012,1,3,,2,,경상북도,경산시,차대차,측면충돌,측면충돌,보행자 보호의무 위반,교차로,교차로부근,화물차,승용차,주간,10/1/2012,9,일요일,1115407,1766512,128.7786507,35.88841407
2012,1,1,,,,경상북도,경산시,차대차,기타,기타,안전운전 의무 불이행,단일로,기타단일로,화물차,자전거,주간,10/5/2012,9,목요일,1118289,1759053,128.8094693,35.82083597
2012,1,1,,,,경상북도,경산시,차량단독,전도전복,전도전복,안전운전 의무 불이행,단일로,기타단일로,이륜차,없음,야간,10/10/2012,20,화요일,1116905,1758007,128.7939988,35.81157334
2012,1,2,,1,,경상북도,경산시,차대차,기타,기타,중앙선 침범,단일로,기타단일로,승용차,승합차,야간,10/12/2012,5,목요일,1114120,1761778,128.7637168,35.84589571
2012,1,1,,,,경상북도,경산시,차대사람,횡단중,횡단중,안전운전 의무 불이행,교차로,교차로내,승용차,보행자,야간,10/14/2012,18,토요일,1122716,1751055,128.8572382,35.74820034
2012,1,1,,,,경상북도,경산시,차량단독,전도전복,전도전복,안전운전 의무 불이행,교차로,교차로부근,특수차,없음,주간,10/22/2012,8,화요일,1115319,1757236,128.7763364,35.80481122
2012,1,1,,,,경상북도,경산시,차대사람,길가장자리구역통행중,길가장자리구역통행중,안전운전 의무 불이행,단일로,기타단일로,승용차,보행자,야간,11/2/2012,19,토요일,1114834,1765815,128.7722042,35.88219879
2012,2,4,2,,,경상북도,경산시,차대차,기타,기타,안전운전 의무 불이행,단일로,기타단일로,승용차,특수차,야간,11/10/2012,2,일요일,1114684,1763192,128.7701653,35.85857287
2012,1,1,,,,경상북도,경산시,차대차,기타,기타,안전운전 의무 불이행,교차로,교차로부근,이륜차,승용차,주간,11/23/2012,13,화요일,1110822,1760260,128.726994,35.83258806
2012,1,1,,,,경상북도,경산시,차량단독,전도전복,전도전복,안전운전 의무 불이행,단일로,기타단일로,화물차,없음,주간,11/27/2012,8,토요일,1122093,1752130,128.8505132,35.75796772
2012,2,2,,,,경상북도,경산시,차대차,측면충돌,측면충돌,기타,교차로,교차로내,이륜차,승용차,주간,11/28/2012,11,일요일,1117124,1759390,128.7966251,35.82401345
2012,1,1,,,,경상북도,경산시,차대사람,차도통행중,차도통행중,안전운전 의무 불이행,단일로,기타단일로,화물차,보행자,야간,12/2/2012,20,목요일,1119057,1764705,128.8188125,35.87168896
2012,1,1,,,,경상북도,경산시,차대사람,횡단중,횡단중,안전운전 의무 불이행,단일로,기타단일로,화물차,보행자,야간,12/5/2012,20,일요일,1113903,1765364,128.7618289,35.87824499
2012,1,4,2,1,,경상북도,경산시,차량단독,도로이탈,도로이탈 기타,안전운전 의무 불이행,단일로,기타단일로,승용차,없음,야간,12/7/2012,3,화요일,1120593,1767928,128.8363109,35.900552
2012,1,1,,,,경상북도,경산시,차대사람,기타,기타,안전운전 의무 불이행,교차로,교차로부근,승용차,보행자,주간,12/18/2012,6,토요일,1118301,1758425,128.8095091,35.81517383
2012,1,3,,2,,경상북도,경산시,차대차,추돌,진행중 추돌,안전운전 의무 불이행,단일로,기타단일로,승용차,화물차,야간,12/20/2012,1,수요일,1113562,1773777,128.7592524,35.95411576
2012,1,1,,,,경상북도,경주시,차량단독,전도전복,전도전복,안전운전 의무 불이행,교차로,교차로부근,자전거,없음,주간,1/18/2012,9,수요일,1153170,1779764,129.1994607,36.00266274
2012,1,1,,,,경상북도,경주시,차대사람,횡단중,횡단중,안전운전 의무 불이행,단일로,기타단일로,승용차,보행자,주간,1/18/2012,17,수요일,1158250,1762199,129.2523023,35.84355572
2012,1,1,,,,경상북도,경주시,차대사람,횡단중,횡단중,안전운전 의무 불이행,단일로,기타단일로,승용차,보행자,야간,1/25/2012,18,수요일,1142646,1764831,129.0800488,35.86967148
2012,2,12,7,3,,경상북도,경주시,차량단독,기타,기타,안전운전 의무 불이행,단일로,기타단일로,승합차,없음,주간,1/31/2012,8,화요일,1156250,1774371,129.232555,35.95357025
2012,1,3,2,,,경상북도,경주시,차량단독,공작물충돌,공작물충돌,안전운전 의무 불이행,단일로,기타단일로,승용차,없음,주간,2/8/2012,13,수요일,1162144,1774068,129.2978183,35.94987598
2012,1,1,,,,경상북도,경주시,차대사람,기타,기타,안전운전 의무 불이행,단일로,기타단일로,승용차,보행자,주간,2/13/2012,15,월요일,1164477,1750450,129.3188118,35.73665395
2012,1,3,,2,,경상북도,경주시,차대차,추돌,주정차중 충돌,안전운전 의무 불이행,단일로,기타단일로,화물차,화물차,주간,2/21/2012,16,금요일,1150293,1765712,129.1648908,35.87646842
2012,1,2,1,,,경상북도,경주시,차대차,기타,기타,신호위반,교차로,교차로내,승용차,승용차,야간,2/25/2012,20,화요일,1153868,1755875,129.2025824,35.78726007
2012,1,2,1,,,경상북도,경주시,차량단독,공작물충돌,공작물충돌,안전운전 의무 불이행,단일로,기타단일로,이륜차,없음,주간,2/27/2012,15,목요일,1154767,1761527,129.2136204,35.83805569
2012,1,2,1,,,경상북도,경주시,차대차,측면충돌,측면충돌,안전운전 의무 불이행,단일로,기타단일로,화물차,승용차,주간,2/29/2012,13,토요일,1158351,1778231,129.2566125,35.98801706
2012,1,2,1,,,경상북도,경주시,차대차,측면충돌,측면충돌,신호위반,교차로,교차로내,화물차,승용차,야간,3/3/2012,22,화요일,1156176,1760833,129.2290791,35.83157788
2012,1,1,,,,경상북도,경주시,차대차,측면충돌,측면충돌,안전운전 의무 불이행,단일로,기타단일로,승용차,자전거,주간,3/7/2012,12,토요일,1154174,1761554,129.2070624,35.83839246
2012,1,1,,,,경상북도,경주시,차량단독,기타,기타,안전운전 의무 불이행,단일로,기타단일로,승용차,없음,야간,3/15/2012,19,일요일,1167360,1761625,129.353011,35.83687011
2012,1,1,,,,경상북도,경주시,차대사람,기타,기타,안전운전 의무 불이행,단일로,기타단일로,승합차,보행자,야간,3/17/2012,21,화요일,1154117,1759615,129.2060574,35.82092678
2012,1,1,,,,경상북도,경주시,차대사람,기타,기타,안전운전 의무 불이행,교차로,교차로부근,승용차,보행자,야간,3/23/2012,19,화요일,1162156,1742936,129.2916365,35.6693197
2012,1,1,,,,경상북도,경주시,차대사람,기타,기타,안전운전 의무 불이행,단일로,기타단일로,승용차,보행자,야간,3/24/2012,21,수요일,1154109,1760239,129.2060915,35.82655612
2012,1,3,2,,,경상북도,경주시,차량단독,공작물충돌,공작물충돌,안전운전 의무 불이행,단일로,기타단일로,화물차,없음,주간,3/25/2012,15,목요일,1177433,1756415,129.4633257,35.78815219
2012,1,4,1,2,,경상북도,경주시,차대차,측면충돌,측면충돌,안전운전 의무 불이행,교차로,교차로내,승용차,승용차,주간,3/28/2012,15,일요일,1154267,1751520,129.206157,35.74794899
2012,1,1,,,,경상북도,경주시,차대차,측면충돌,측면충돌,안전운전 의무 불이행,단일로,기타단일로,화물차,화물차,주간,3/30/2012,10,화요일,1153187,1752533,129.1944107,35.7572473
2012,1,1,,,,경상북도,경주시,차량단독,전도전복,전도전복,안전운전 의무 불이행,단일로,기타단일로,승용차,없음,야간,4/7/2012,1,수요일,1177075,1744625,129.4567647,35.68197636
2012,1,1,,,,경상북도,경주시,차대사람,횡단중,횡단중,안전운전 의무 불이행,단일로,기타단일로,승용차,보행자,야간,4/12/2012,20,월요일,1153872,1762260,129.203856,35.8448025
2012,1,2,1,,,경상북도,경주시,차대차,측면충돌,측면충돌,안전운전 의무 불이행,교차로,교차로부근,화물차,화물차,주간,4/19/2012,6,목요일,1164011,1752767,129.3141315,35.7576103
2012,1,3,2,,,경상북도,경주시,차대차,측면충돌,측면충돌,신호위반,교차로,교차로내,원동기장치자전거,화물차,주간,4/19/2012,16,목요일,1154807,1763236,129.2143947,35.85345111
2012,1,1,,,,경상북도,경주시,차량단독,기타,기타,안전운전 의무 불이행,단일로,기타단일로,원동기장치자전거,없음,주간,4/23/2012,14,월요일,1159032,1762969,129.2611112,35.85036832
2012,1,1,,,,경상북도,경주시,차량단독,기타,기타,안전운전 의무 불이행,단일로,기타단일로,이륜차,없음,주간,4/25/2012,16,수요일,1153899,1762252,129.2041533,35.84472617
2012,1,1,,,,경상북도,경주시,차대사람,기타,기타,안전운전 의무 불이행,단일로,횡단보도상,승용차,보행자,야간,4/25/2012,23,수요일,1155712,1762707,129.2243097,35.84854032
2012,1,2,,1,,경상북도,경주시,차량단독,전도전복,전도전복,안전운전 의무 불이행,단일로,기타단일로,이륜차,없음,야간,4/26/2012,2,목요일,1174913,1754001,129.4349286,35.76685132
2012,1,2,1,,,경상북도,경주시,차대차,기타,기타,안전운전 의무 불이행,교차로,교차로내,승합차,이륜차,주간,4/26/2012,11,목요일,1160000,1778208,129.2748926,35.9875406
2012,1,1,,,,경상북도,경주시,차대사람,횡단중,횡단중,보행자 보호의무 위반,단일로,횡단보도상,승용차,보행자,야간,4/28/2012,19,토요일,1159790,1764186,129.2697455,35.86121244
2012,1,1,,,,경상북도,경주시,차량단독,도로이탈,도로이탈 추락,안전운전 의무 불이행,단일로,기타단일로,승용차,없음,야간,5/7/2012,5,월요일,1158253,1779195,129.2557184,35.99672026
2012,1,3,2,,,경상북도,경주시,차대차,측면충돌,측면충돌,신호위반,교차로,교차로내,화물차,화물차,주간,5/12/2012,9,토요일,1162961,1754419,129.3028607,35.77266787
2012,1,1,,,,경상북도,경주시,차량단독,공작물충돌,공작물충돌,안전운전 의무 불이행,단일로,기타단일로,승용차,없음,야간,5/13/2012,3,일요일,1159907,1756899,129.2695797,35.79552557
2012,1,1,,,,경상북도,경주시,차량단독,기타,기타,안전운전 의무 불이행,단일로,기타단일로,승용차,없음,주간,6/18/2012,14,수요일,1162383,1743246,129.2942072,35.67207787
2012,1,1,,,,경상북도,경주시,차대사람,보도통행중,보도통행중,기타,교차로,교차로부근,승용차,보행자,주간,6/19/2012,14,일요일,1151610,1762135,129.1787944,35.84402846
2012,1,1,,,,경상북도,경주시,차대사람,기타,기타,안전운전 의무 불이행,교차로,교차로내,승용차,보행자,야간,7/9/2012,22,토요일,1162478,1754900,129.2976151,35.77708707
2012,1,4,,3,,경상북도,경주시,차대차,측면충돌,측면충돌,안전운전 의무 불이행,단일로,기타단일로,승용차,화물차,주간,7/14/2012,14,목요일,1164625,1747800,129.3199008,35.71274619
2012,1,1,,,,경상북도,경주시,차대차,기타,기타,안전운전 의무 불이행,교차로,교차로내,화물차,자전거,주간,7/16/2012,7,토요일,1154156,1762256,129.2069988,35.84472183
2012,1,1,,,,경상북도,경주시,차대사람,횡단중,횡단중,안전운전 의무 불이행,교차로,교차로부근,화물차,보행자,주간,8/2/2012,7,목요일,1154161,1762252,129.2070533,35.84468499
2012,1,1,,,,경상북도,경주시,차대사람,횡단중,횡단중,안전운전 의무 불이행,단일로,기타단일로,승용차,보행자,야간,8/6/2012,0,월요일,1154540,1764405,129.2116655,35.86402843
2012,2,2,,,,경상북도,경주시,차대차,정면충돌,정면충돌,중앙선 침범,단일로,기타단일로,화물차,건설기계,주간,8/12/2012,13,일요일,1148141,1777238,129.1432091,35.98067263
2012,1,3,,2,,경상북도,경주시,차량단독,전도전복,전도전복,안전운전 의무 불이행,단일로,기타단일로,화물차,없음,야간,8/14/2012,18,화요일,1152087,1758052,129.1832968,35.80715734
2012,1,1,,,,경상북도,경주시,차대사람,횡단중,횡단중,안전운전 의무 불이행,단일로,기타단일로,승용차,보행자,야간,8/27/2012,5,목요일,1153835,1761335,129.2032682,35.83647204
2012,1,5,2,2,,경상북도,경주시,차량단독,공작물충돌,공작물충돌,안전운전 의무 불이행,단일로,기타단일로,승용차,없음,야간,9/2/2012,2,수요일,1161166,1761403,129.2844166,35.83590722
2012,1,1,,,,경상북도,경주시,차대사람,차도통행중,차도통행중,안전운전 의무 불이행,단일로,횡단보도부근,화물차,보행자,주간,9/11/2012,15,금요일,1164746,1747647,129.3212065,35.71134716
2012,1,1,,,,경상북도,경주시,차대차,추돌,진행중 추돌,안전운전 의무 불이행,단일로,기타단일로,화물차,화물차,주간,9/16/2012,15,수요일,1153234,1748818,129.1942207,35.72375899
2012,1,1,,,,경상북도,경주시,차대사람,기타,기타,안전운전 의무 불이행,단일로,기타단일로,화물차,보행자,야간,9/29/2012,0,금요일,1158984,1758179,129.2596264,35.80720894
2012,1,1,,,,경상북도,경주시,차대사람,길가장자리구역통행중,길가장자리구역통행중,안전운전 의무 불이행,단일로,기타단일로,화물차,보행자,야간,10/7/2012,21,토요일,1175685,1755590,129.4438128,35.78103226
2012,1,1,,,,경상북도,경주시,차량단독,기타,기타,안전운전 의무 불이행,단일로,기타단일로,화물차,없음,주간,10/8/2012,6,일요일,1154513,1765334,129.2115467,35.87240494
2012,1,1,,,,경상북도,경주시,차대사람,기타,기타,안전운전 의무 불이행,교차로,교차로부근,화물차,보행자,야간,10/11/2012,18,수요일,1157037,1785977,129.2435831,36.05803075
2012,1,1,,,,경상북도,경주시,차대차,측면충돌,측면충돌,안전운전 의무 불이행,단일로,기타단일로,승용차,자전거,주간,10/19/2012,10,토요일,1164750,1749270,129.3215837,35.72597264
2012,1,3,,1,1,경상북도,경주시,차대차,기타,기타,안전운전 의무 불이행,단일로,기타단일로,화물차,농기계,야간,10/30/2012,20,수요일,1147848,1761792,129.1370893,35.84151186
2012,1,1,,,,경상북도,경주시,차대차,측면충돌,측면충돌,안전운전 의무 불이행,단일로,기타단일로,농기계,원동기장치자전거,주간,11/7/2012,10,목요일,1155129,1781100,129.2214459,36.01438825
2012,1,1,,,,경상북도,경주시,차대사람,기타,기타,안전운전 의무 불이행,단일로,횡단보도부근,화물차,보행자,주간,11/24/2012,16,수요일,1156146,1784317,129.2333631,36.04321839
2012,1,1,,,,경상북도,경주시,차대사람,기타,기타,안전운전 의무 불이행,교차로,교차로부근,승용차,보행자,야간,11/26/2012,18,금요일,1177528,1744146,129.4616623,35.67757858
2012,1,1,,,,경상북도,경주시,차대차,추돌,진행중 추돌,안전운전 의무 불이행,단일로,기타단일로,승용차,농기계,주간,11/30/2012,17,화요일,1155575,1781457,129.2264644,36.01753612
2012,1,1,,,,경상북도,경주시,차대사람,기타,기타,안전운전 의무 불이행,단일로,기타단일로,불명,보행자,야간,12/4/2012,19,토요일,1153045,1751536,129.1926503,35.74828408
2012,1,1,,,,경상북도,경주시,차대사람,기타,기타,안전운전 의무 불이행,단일로,기타단일로,농기계,보행자,주간,12/11/2012,15,토요일,1161115,1776594,129.286928,35.97281322
2012,2,2,,,,경상북도,경주시,차대차,측면충돌,측면충돌,안전운전 의무 불이행,단일로,기타단일로,화물차,농기계,주간,12/14/2012,15,화요일,1152797,1765524,129.1925824,35.87438653
2012,1,1,,,,경상북도,경주시,차대사람,기타,기타,안전운전 의무 불이행,단일로,횡단보도상,승용차,보행자,야간,12/17/2012,18,일요일,1149090,1759463,129.1503983,35.8203302
2012,1,2,,,1,경상북도,경주시,차대차,추돌,진행중 추돌,안전운전 의무 불이행,단일로,기타단일로,승용차,화물차,야간,12/19/2012,22,화요일,1160066,1778163,129.2756109,35.98712431
2012,1,1,,,,경상북도,경주시,차대사람,기타,기타,안전운전 의무 불이행,단일로,기타단일로,승용차,보행자,야간,12/21/2012,22,목요일,1160282,1767363,129.2758313,35.88976252