사고년도,사망자수,부상자수,중상자수,경상자수,부상신고자수,시도,시군구,사고유형 대분류,사고유형 중분류,사고유형,가해자법규위반,도로형태 대분류,도로형태,가해당사자 종별,피해당사자 종별,주야구분,발생일,발생시간,발생요일,발생위치X좌표 (EPSG 5179),발생위치Y좌표 (EPSG 5179),경도좌표,위도좌표
2012,1,1,,,,경상북도,경주시,차량단독,공작물충돌,공작물충돌,안전운전 의무 불이행,단일로,기타단일로,화물차,없음,야간,12/25/2012,18,월요일,1175508,1756190,129.441987,35.78647054
2012,1,1,,,,경상북도,경주시,차대사람,기타,기타,신호위반,교차로,교차로내,승합차,보행자,야간,12/25/2012,20,월요일,1151923,1762006,129.1822344,35.84281742
2012,1,1,,,,경상북도,경주시,차대차,측면충돌,측면충돌,안전운전 의무 불이행,교차로,교차로부근,승용차,자전거,주간,1/3/2013,7,수요일,1154797,1763416,129.2143189,35.85507487
2012,1,1,,,,경상북도,경주시,차대차,측면충돌,측면충돌,안전운전 의무 불이행,단일로,기타단일로,승합차,농기계,주간,1/3/2013,10,수요일,1163888,1756646,129.3135655,35.79258741
2012,1,1,,,,경상북도,경주시,차대사람,차도통행중,차도통행중,안전운전 의무 불이행,단일로,기타단일로,승합차,보행자,야간,1/14/2013,18,일요일,1155092,1762073,129.2173235,35.84292495
2012,1,1,,,,경상북도,고령군,차량단독,공작물충돌,공작물충돌,안전운전 의무 불이행,단일로,기타단일로,화물차,없음,주간,1/30/2012,17,월요일,1067369,1753018,128.2453312,35.77124686
2012,1,1,,,,경상북도,고령군,차량단독,공작물충돌,공작물충돌,안전운전 의무 불이행,단일로,기타단일로,원동기장치자전거,없음,주간,2/2/2012,11,목요일,1070615,1751897,128.2811413,35.76091263
2012,1,1,,,,경상북도,고령군,차량단독,공작물충돌,공작물충돌,안전운전 의무 불이행,단일로,기타단일로,화물차,없음,주간,3/22/2012,7,월요일,1065473,1742743,128.2235184,35.67873936
2012,1,1,,,,경상북도,고령군,차량단독,도로이탈,도로이탈 추락,안전운전 의무 불이행,단일로,기타단일로,원동기장치자전거,없음,야간,4/3/2012,21,토요일,1068055,1752261,128.2528536,35.76437846
2012,1,1,,,,경상북도,고령군,차량단독,기타,기타,안전운전 의무 불이행,단일로,기타단일로,화물차,없음,주간,4/18/2012,8,수요일,1068015,1741374,128.2514912,35.66622485
2012,1,1,,,,경상북도,고령군,차대사람,차도통행중,차도통행중,안전운전 의무 불이행,교차로,교차로부근,화물차,보행자,주간,5/8/2012,14,화요일,1086298,1758982,128.4553709,35.82353227
2012,1,2,1,,,경상북도,고령군,차대사람,횡단중,횡단중,안전운전 의무 불이행,단일로,기타단일로,승용차,보행자,야간,5/21/2012,20,수요일,1069830,1748697,128.272183,35.73211637
2012,1,2,,1,,경상북도,고령군,차대사람,보도통행중,보도통행중,기타,단일로,기타단일로,승용차,보행자,야간,5/30/2012,19,금요일,1067002,1742567,128.2403989,35.67704988
2012,1,2,1,,,경상북도,고령군,차량단독,공작물충돌,공작물충돌,안전운전 의무 불이행,단일로,기타단일로,화물차,없음,주간,6/8/2012,12,일요일,1067267,1752870,128.2441904,35.76991955
2012,1,1,,,,경상북도,고령군,차대사람,보도통행중,보도통행중,안전운전 의무 불이행,교차로,교차로부근,승용차,보행자,주간,6/21/2012,11,화요일,1069772,1748390,128.2715117,35.72935544
2012,1,1,,,,경상북도,고령군,차대차,측면충돌,측면충돌,안전운전 의무 불이행,교차로,교차로내,이륜차,화물차,주간,7/12/2012,14,토요일,1086974,1758575,128.4628072,35.819808
2012,1,1,,,,경상북도,고령군,차량단독,도로이탈,도로이탈 추락,안전운전 의무 불이행,단일로,기타단일로,승용차,없음,야간,7/14/2012,21,목요일,1080125,1751032,128.3862447,35.75238621
2012,1,1,,,,경상북도,고령군,차량단독,전도전복,전도전복,안전운전 의무 불이행,단일로,교량위,화물차,없음,주간,7/17/2012,10,일요일,1063193,1753454,128.199168,35.7754551
2012,1,1,,,,경상북도,고령군,차대차,추돌,진행중 추돌,안전운전 의무 불이행,단일로,기타단일로,자전거,자전거,주간,11/4/2012,10,월요일,1069860,1747677,128.2724226,35.72292112
2012,1,1,,,,경상북도,고령군,차대사람,길가장자리구역통행중,길가장자리구역통행중,안전운전 의무 불이행,단일로,기타단일로,특수차,보행자,주간,11/27/2012,11,토요일,1062280,1752998,128.1890317,35.77140227
2012,1,2,1,,,경상북도,고령군,차대차,측면충돌,측면충돌,중앙선 침범,단일로,기타단일로,승용차,화물차,주간,12/6/2012,15,월요일,1080096,1737024,128.3845308,35.62609908
2012,1,2,,1,,경상북도,고령군,차대차,정면충돌,정면충돌,중앙선 침범,단일로,기타단일로,승용차,화물차,주간,12/15/2012,14,수요일,1076356,1750692,128.3445274,35.74961999
2012,1,2,,1,,경상북도,고령군,차대차,추돌,주정차중 충돌,안전운전 의무 불이행,단일로,터널안,화물차,화물차,주간,12/16/2012,7,목요일,1076543,1756096,128.347112,35.79832412
2012,1,1,,,,경상북도,구미시,차대사람,기타,기타,안전운전 의무 불이행,단일로,기타단일로,특수차,보행자,주간,2/10/2012,6,금요일,1073845,1793521,128.3207402,36.13591977
2012,1,1,,,,경상북도,구미시,차량단독,전도전복,전도전복,안전운전 의무 불이행,교차로,교차로부근,화물차,없음,주간,2/22/2012,10,토요일,1082916,1790800,128.4212609,36.11065784
2012,1,2,,1,,경상북도,구미시,차대차,기타,기타,안전운전 의무 불이행,교차로,교차로부근,승용차,승용차,야간,2/23/2012,0,일요일,1079727,1787777,128.3855267,36.08367355
2012,1,2,,1,,경상북도,구미시,차대차,추돌,진행중 추돌,안전거리 미확보,단일로,기타단일로,화물차,화물차,야간,2/26/2012,20,수요일,1077563,1789124,128.3616317,36.09599341
2012,1,1,,,,경상북도,구미시,차대사람,횡단중,횡단중,안전운전 의무 불이행,단일로,기타단일로,승용차,보행자,주간,3/23/2012,6,화요일,1085926,1788813,128.4544835,36.09248415
2012,1,1,,,,경상북도,구미시,차대차,기타,기타,기타,단일로,기타단일로,불명,불명,야간,4/13/2012,19,화요일,1068428,1801562,128.2612439,36.20880495
2012,1,4,3,,,경상북도,구미시,차대차,측면충돌,측면충돌,신호위반,교차로,교차로내,승용차,승용차,주간,4/22/2012,13,일요일,1079683,1790811,128.3853448,36.11102782
2012,1,3,2,,,경상북도,구미시,차대차,정면충돌,정면충돌,중앙선 침범,단일로,기타단일로,화물차,승용차,야간,4/23/2012,18,월요일,1067931,1806447,128.2561337,36.25287737
2012,1,2,1,,,경상북도,구미시,차대사람,횡단중,횡단중,보행자 보호의무 위반,단일로,기타단일로,이륜차,보행자,야간,4/24/2012,20,화요일,1074716,1793572,128.3304248,36.1363128
2012,1,3,2,,,경상북도,구미시,차량단독,전도전복,전도전복,안전운전 의무 불이행,단일로,기타단일로,승용차,없음,야간,4/26/2012,0,목요일,1067915,1806462,128.255958,36.2530119
2012,1,1,,,,경상북도,구미시,차대차,측면충돌,측면충돌,안전운전 의무 불이행,교차로,교차로내,이륜차,승용차,야간,4/30/2012,21,월요일,1081976,1788740,128.4106036,36.09216752
2012,1,1,,,,경상북도,구미시,차대사람,보도통행중,보도통행중,신호위반,단일로,횡단보도상,승합차,보행자,야간,4/30/2012,23,월요일,1075896,1792095,128.343396,36.12290634
2012,1,2,,1,,경상북도,구미시,차대차,측면충돌,측면충돌,안전운전 의무 불이행,단일로,기타단일로,화물차,화물차,주간,5/2/2012,6,수요일,1093624,1792062,128.5403685,36.12106002
2012,1,2,1,,,경상북도,구미시,차대차,측면충돌,측면충돌,신호위반,교차로,교차로부근,승용차,승용차,주간,5/5/2012,16,토요일,1076021,1793251,128.3448967,36.13331762
2012,1,1,,,,경상북도,구미시,차대차,측면충돌,측면충돌,안전운전 의무 불이행,단일로,기타단일로,이륜차,승합차,야간,5/6/2012,21,일요일,1074475,1793653,128.3277541,36.13706154
2012,1,1,,,,경상북도,구미시,차대사람,기타,기타,안전운전 의무 불이행,단일로,기타단일로,화물차,보행자,야간,5/21/2012,21,수요일,1077573,1788448,128.3616707,36.08989686
2012,1,1,,,,경상북도,구미시,차대차,측면충돌,측면충돌,신호위반,교차로,교차로내,건설기계,승용차,주간,5/31/2012,7,토요일,1070704,1795064,128.2859718,36.15006384
2012,1,1,,,,경상북도,구미시,차량단독,공작물충돌,공작물충돌,안전운전 의무 불이행,단일로,기타단일로,승합차,없음,야간,6/3/2012,20,화요일,1080720,1793483,128.3971395,36.13502927
2012,1,7,2,4,,경상북도,구미시,차량단독,전도전복,전도전복,기타,단일로,기타단일로,승합차,없음,주간,6/16/2012,13,월요일,1075316,1793076,128.3370453,36.13179505
2012,1,1,,,,경상북도,구미시,차대사람,기타,기타,안전운전 의무 불이행,단일로,기타단일로,승용차,보행자,야간,6/24/2012,3,금요일,1083332,1789562,128.4257515,36.09946213
2012,1,1,,,,경상북도,구미시,차량단독,공작물충돌,공작물충돌,안전운전 의무 불이행,단일로,기타단일로,승용차,없음,야간,6/24/2012,5,금요일,1080398,1790315,128.3932375,36.10649757
2012,1,1,,,,경상북도,구미시,차대차,측면충돌,측면충돌,안전운전 의무 불이행,기타/불명,기타/불명,승용차,화물차,주간,6/30/2012,10,목요일,1080966,1798114,128.4003505,36.17675535
2012,1,1,,,,경상북도,구미시,차대차,기타,기타,안전운전 의무 불이행,기타/불명,기타/불명,화물차,농기계,주간,7/5/2012,16,화요일,1078435,1803304,128.3727277,36.22374943
2012,1,1,,,,경상북도,구미시,차대사람,기타,기타,안전운전 의무 불이행,단일로,기타단일로,승용차,보행자,야간,7/12/2012,21,화요일,1078147,1788113,128.3680128,36.0868309
2012,1,1,,,,경상북도,구미시,차대차,측면충돌,측면충돌,중앙선 침범,단일로,교량위,화물차,이륜차,야간,7/18/2012,23,수요일,1077055,1792536,128.3563174,36.12679048
2012,1,1,,,,경상북도,구미시,차대차,기타,기타,중앙선 침범,단일로,기타단일로,이륜차,승합차,야간,7/22/2012,3,일요일,1082244,1793746,128.4141032,36.13727205
2012,1,1,,,,경상북도,구미시,차량단독,공작물충돌,공작물충돌,안전운전 의무 불이행,교차로,교차로내,승용차,없음,주간,7/27/2012,6,금요일,1071072,1804931,128.2909564,36.23898586
2012,1,1,,,,경상북도,구미시,차대차,추돌,주정차중 충돌,안전운전 의무 불이행,단일로,기타단일로,승용차,화물차,야간,7/28/2012,4,토요일,1077517,1790428,128.3612457,36.10775057
2012,1,1,,,,경상북도,구미시,차량단독,공작물충돌,공작물충돌,안전운전 의무 불이행,단일로,기타단일로,이륜차,없음,야간,8/9/2012,18,목요일,1076257,1790510,128.3472538,36.1085896
2012,1,3,1,1,,경상북도,구미시,차대차,측면충돌,측면충돌,신호위반,교차로,교차로내,원동기장치자전거,승용차,야간,8/24/2012,4,월요일,1077676,1789789,128.3629469,36.10197744
2012,1,1,,,,경상북도,구미시,차대차,추돌,진행중 추돌,안전운전 의무 불이행,단일로,기타단일로,승용차,특수차,야간,8/30/2012,0,일요일,1068047,1808095,128.2575694,36.26772642
2012,1,1,,,,경상북도,구미시,차대차,측면충돌,측면충돌,안전운전 의무 불이행,단일로,기타단일로,이륜차,승용차,주간,9/5/2012,6,토요일,1078467,1792344,128.3719882,36.12494646
2012,1,1,,,,경상북도,구미시,차대사람,횡단중,횡단중,과속,단일로,기타단일로,승용차,보행자,야간,9/17/2012,5,일요일,1074872,1794080,128.3322068,36.14088027
2012,1,1,,,,경상북도,구미시,차대사람,기타,기타,안전운전 의무 불이행,교차로,교차로내,승합차,보행자,야간,9/30/2012,21,토요일,1074400,1792665,128.3268294,36.12816516
2012,1,1,,,,경상북도,구미시,차량단독,공작물충돌,공작물충돌,안전운전 의무 불이행,단일로,기타단일로,승용차,없음,야간,10/6/2012,2,금요일,1075512,1800635,128.3399501,36.1999221
2012,1,3,,2,,경상북도,구미시,차대차,추돌,주정차중 충돌,안전운전 의무 불이행,단일로,기타단일로,화물차,화물차,야간,10/6/2012,2,금요일,1067262,1809084,128.2489158,36.27669705
2012,1,2,1,,,경상북도,구미시,차량단독,전도전복,전도전복,안전운전 의무 불이행,단일로,기타단일로,승용차,없음,야간,10/10/2012,4,화요일,1081782,1790237,128.4086042,36.10567881
2012,1,1,,,,경상북도,구미시,차대사람,횡단중,횡단중,보행자 보호의무 위반,단일로,횡단보도상,승용차,보행자,야간,10/13/2012,18,금요일,1087136,1793509,128.4684402,36.13471107
2012,1,1,,,,경상북도,구미시,차대사람,기타,기타,안전운전 의무 불이행,교차로,교차로부근,승용차,보행자,주간,10/16/2012,15,월요일,1084679,1796859,128.4414981,36.1651282
2012,1,1,,,,경상북도,구미시,차량단독,공작물충돌,공작물충돌,안전운전 의무 불이행,단일로,기타단일로,농기계,없음,주간,10/19/2012,12,토요일,1084315,1797322,128.4375022,36.16933004
2012,1,1,,,,경상북도,구미시,차대사람,기타,기타,안전운전 의무 불이행,단일로,기타단일로,승합차,보행자,야간,10/26/2012,22,토요일,1075952,1792362,128.3440441,36.1253089
2012,1,1,,,,경상북도,구미시,차량단독,전도전복,전도전복,안전운전 의무 불이행,단일로,기타단일로,이륜차,없음,야간,10/27/2012,19,일요일,1080102,1790818,128.3900004,36.11105643
2012,1,1,,,,경상북도,구미시,차대사람,횡단중,횡단중,안전운전 의무 불이행,교차로,교차로부근,승용차,보행자,야간,10/31/2012,18,목요일,1076560,1788110,128.3503867,36.08693023
2012,1,1,,,,경상북도,구미시,차대사람,기타,기타,안전운전 의무 불이행,단일로,기타단일로,화물차,보행자,주간,11/22/2012,17,월요일,1072371,1804828,128.3054066,36.23796448
2012,1,1,,,,경상북도,구미시,차대차,측면충돌,측면충돌,신호위반,교차로,교차로내,이륜차,화물차,야간,12/12/2012,19,일요일,1073541,1795246,128.3175231,36.15149341
2012,1,1,,,,경상북도,구미시,차량단독,공작물충돌,공작물충돌,안전운전 의무 불이행,단일로,기타단일로,승용차,없음,주간,1/13/2013,10,토요일,1078637,1799759,128.3746194,36.19177634
2012,1,1,,,,경상북도,군위군,차대사람,횡단중,횡단중,안전운전 의무 불이행,교차로,교차로부근,승용차,보행자,야간,3/18/2012,18,수요일,1097018,1793404,128.5782395,36.1328254
2012,1,2,,1,,경상북도,군위군,차대사람,기타,기타,안전운전 의무 불이행,단일로,기타단일로,승용차,보행자,야간,4/13/2012,22,화요일,1096331,1805458,128.5720888,36.24154779
2012,1,1,,,,경상북도,군위군,차대차,기타,기타,안전운전 의무 불이행,단일로,기타단일로,화물차,승용차,야간,6/12/2012,23,목요일,1094919,1804042,128.556205,36.22892367
2012,1,1,,,,경상북도,군위군,차대차,정면충돌,정면충돌,중앙선 침범,단일로,기타단일로,이륜차,승용차,주간,6/17/2012,11,화요일,1098346,1798687,128.5936608,36.1803111
2012,1,1,,,,경상북도,군위군,차대차,기타,기타,안전운전 의무 불이행,단일로,기타단일로,승용차,자전거,야간,7/16/2012,20,토요일,1112408,1796617,128.7497101,36.16012253
2012,1,3,2,,,경상북도,군위군,차대차,추돌,진행중 추돌,안전운전 의무 불이행,단일로,교량위,승용차,농기계,야간,8/21/2012,19,금요일,1105376,1801246,128.6721677,36.20263767
2012,1,1,,,,경상북도,군위군,차량단독,공작물충돌,공작물충돌,안전운전 의무 불이행,단일로,기타단일로,화물차,없음,야간,9/22/2012,21,금요일,1112859,1791575,128.7539996,36.11462368
2012,1,1,,,,경상북도,군위군,차대사람,기타,기타,안전운전 의무 불이행,단일로,기타단일로,화물차,보행자,야간,9/30/2012,19,토요일,1096804,1791880,128.5756774,36.11910737
2012,1,2,1,,,경상북도,군위군,차량단독,기타,기타,안전운전 의무 불이행,단일로,기타단일로,원동기장치자전거,없음,주간,10/9/2012,17,월요일,1095633,1805706,128.5643521,36.24385262
2012,1,1,,,,경상북도,군위군,차대사람,횡단중,횡단중,안전운전 의무 불이행,단일로,기타단일로,화물차,보행자,주간,10/16/2012,17,월요일,1112469,1796448,128.7503639,36.15859216
2012,1,1,,,,경상북도,군위군,차대사람,횡단중,횡단중,안전운전 의무 불이행,교차로,교차로내,승합차,보행자,야간,12/19/2012,19,화요일,1097011,1793360,128.5781596,36.13242764
2012,1,1,,,,경상북도,김천시,차량단독,기타,기타,안전운전 의무 불이행,단일로,기타단일로,승용차,없음,야간,3/30/2012,20,화요일,1054555,1792819,128.1063037,36.13087011
2012,1,2,1,,,경상북도,김천시,차량단독,기타,기타,안전운전 의무 불이행,단일로,기타단일로,승용차,없음,주간,4/23/2012,7,월요일,1067385,1796092,128.2491676,36.15956765
2012,1,1,,,,경상북도,김천시,차대차,측면충돌,측면충돌,안전운전 의무 불이행,단일로,기타단일로,화물차,특수차,야간,5/2/2012,22,수요일,1069776,1785642,128.274822,36.0651922
2012,1,1,,,,경상북도,김천시,차대차,측면충돌,측면충돌,안전거리 미확보,단일로,기타단일로,이륜차,승용차,주간,5/7/2012,11,월요일,1055513,1793575,128.1170079,36.13762942
2012,1,1,,,,경상북도,김천시,차량단독,기타,기타,안전운전 의무 불이행,단일로,교량위,화물차,없음,주간,5/10/2012,13,목요일,1052385,1772448,128.080839,35.94733753
2012,1,1,,,,경상북도,김천시,차대사람,기타,기타,안전운전 의무 불이행,단일로,기타단일로,화물차,보행자,주간,5/24/2012,13,토요일,1053627,1792028,128.0959413,36.12378897
2012,1,2,1,,,경상북도,김천시,차대차,추돌,진행중 추돌,안전운전 의무 불이행,단일로,기타단일로,화물차,화물차,야간,6/13/2012,22,금요일,1046309,1797666,128.0149538,36.17499268
2012,1,1,,,,경상북도,김천시,차대차,측면충돌,측면충돌,안전운전 의무 불이행,단일로,기타단일로,승용차,화물차,야간,6/17/2012,4,화요일,1070560,1795093,128.2843738,36.15033577
2012,2,2,,,,경상북도,김천시,차대사람,차도통행중,차도통행중,안전운전 의무 불이행,단일로,기타단일로,승용차,보행자,야간,6/19/2012,4,목요일,1055607,1792973,128.1180101,36.13219688
2012,1,1,,,,경상북도,김천시,차량단독,기타,기타,안전운전 의무 불이행,단일로,기타단일로,원동기장치자전거,없음,야간,6/19/2012,18,일요일,1053698,1792237,128.0967445,36.12566923
2012,1,1,,,,경상북도,김천시,차대차,추돌,진행중 추돌,안전운전 의무 불이행,단일로,기타단일로,화물차,화물차,야간,7/20/2012,4,금요일,1060127,1792819,128.1682301,36.13053884
2012,1,1,,,,경상북도,김천시,차대차,정면충돌,정면충돌,안전운전 의무 불이행,단일로,기타단일로,승용차,이륜차,주간,7/21/2012,16,토요일,1050243,1785572,128.0579259,36.0657669
2012,1,5,1,3,,경상북도,김천시,차대차,추돌,진행중 추돌,안전운전 의무 불이행,단일로,기타단일로,화물차,화물차,주간,8/21/2012,12,금요일,1052953,1793181,128.0885292,36.1342206
2012,1,1,,,,경상북도,김천시,차대차,측면충돌,측면충돌,안전운전 의무 불이행,단일로,기타단일로,이륜차,농기계,야간,8/22/2012,20,토요일,1054704,1800448,128.108491,36.19963676
2012,1,2,1,,,경상북도,김천시,차대차,측면충돌,측면충돌,중앙선 침범,교차로,교차로부근,화물차,화물차,주간,9/4/2012,8,금요일,1039859,1764295,127.9415503,35.87442337
2012,1,1,,,,경상북도,김천시,차대차,측면충돌,측면충돌,안전운전 의무 불이행,단일로,기타단일로,화물차,화물차,야간,9/11/2012,23,금요일,1067128,1788130,128.2456315,36.08780813
2012,1,1,,,,경상북도,김천시,차량단독,기타,기타,안전운전 의무 불이행,단일로,기타단일로,농기계,없음,주간,10/17/2012,14,목요일,1062014,1790413,128.1890152,36.10873324
2012,1,2,,1,,경상북도,김천시,차대차,추돌,진행중 추돌,안전운전 의무 불이행,단일로,기타단일로,화물차,화물차,야간,10/25/2012,21,금요일,1068878,1796816,128.2658285,36.16598944
2012,1,1,,,,경상북도,김천시,차대차,측면충돌,측면충돌,안전운전 의무 불이행,단일로,기타단일로,화물차,자전거,주간,11/9/2012,8,토요일,1053446,1792434,128.0939575,36.12745916
2012,1,2,1,,,경상북도,김천시,차대차,측면충돌,측면충돌,안전운전 의무 불이행,단일로,기타단일로,승용차,승용차,야간,11/9/2012,20,토요일,1045245,1799427,128.0032241,36.19092077
2012,1,1,,,,경상북도,김천시,차대사람,기타,기타,신호위반,단일로,기타단일로,승용차,보행자,야간,11/10/2012,18,일요일,1047710,1792841,128.0302393,36.13142752
2012,1,1,,,,경상북도,김천시,차대사람,보도통행중,보도통행중,신호위반,단일로,기타단일로,승용차,보행자,야간,11/19/2012,18,금요일,1060305,1792209,128.1701615,36.12502856
2012,1,5,3,1,,경상북도,김천시,차대차,측면충돌,측면충돌,안전운전 의무 불이행,단일로,기타단일로,화물차,농기계,주간,11/21/2012,6,일요일,1055605,1789137,128.1177169,36.09761451
2012,1,2,,1,,경상북도,김천시,차대차,측면충돌,측면충돌,안전거리 미확보,단일로,기타단일로,승용차,승합차,야간,12/1/2012,18,수요일,1061502,1793335,128.1835497,36.13510622
2012,1,1,,,,경상북도,김천시,차대사람,기타,기타,안전운전 의무 불이행,단일로,기타단일로,승용차,보행자,주간,12/10/2012,17,금요일,1049315,1781793,128.0473854,36.0317432
2012,1,1,,,,경상북도,김천시,차량단독,기타,기타,안전운전 의무 불이행,단일로,기타단일로,승용차,없음,주간,12/27/2012,16,수요일,1068520,1796210,128.2617955,36.1605518
2012,1,1,,,,경상북도,김천시,차대차,측면충돌,측면충돌,안전운전 의무 불이행,단일로,기타단일로,화물차,승용차,주간,12/30/2012,8,토요일,1070965,1785399,128.2880022,36.06291549
2012,1,1,,,,경상북도,김천시,차량단독,전도전복,전도전복,안전운전 의무 불이행,단일로,기타단일로,특수차,없음,주간,1/13/2013,8,토요일,1055850,1792698,128.1206911,36.12970373
2012,1,1,,,,경상북도,문경시,차량단독,공작물충돌,공작물충돌,안전운전 의무 불이행,단일로,기타단일로,승용차,없음,야간,3/8/2012,1,일요일,1055494,1859257,128.1214996,36.72973806
2012,1,1,,,,경상북도,문경시,차대사람,기타,기타,안전운전 의무 불이행,단일로,기타단일로,승용차,보행자,야간,3/19/2012,21,목요일,1066027,1847085,128.2384054,36.61934315
2012,1,1,,,,경상북도,문경시,차대사람,횡단중,횡단중,안전운전 의무 불이행,교차로,교차로내,화물차,보행자,야간,4/10/2012,18,토요일,1062548,1843905,128.1992423,36.59091224
2012,1,1,,,,경상북도,문경시,차대차,기타,기타,안전운전 의무 불이행,교차로,교차로내,승용차,이륜차,주간,5/25/2012,12,일요일,1048905,1851285,128.0472005,36.65823706
2012,1,1,,,,경상북도,문경시,차량단독,공작물충돌,공작물충돌,안전운전 의무 불이행,단일로,기타단일로,승용차,없음,주간,5/30/2012,16,금요일,1054765,1858309,128.1132677,36.72123483
2012,1,4,2,1,,경상북도,문경시,차대차,추돌,진행중 추돌,안전운전 의무 불이행,단일로,교량위,화물차,화물차,야간,6/11/2012,2,수요일,1057888,1847895,128.1474505,36.62717411
2012,1,1,,,,경상북도,문경시,차량단독,도로이탈,도로이탈 추락,안전운전 의무 불이행,단일로,기타단일로,화물차,없음,주간,6/25/2012,17,토요일,1058529,1849559,128.1547463,36.64213489
2012,1,1,,,,경상북도,문경시,차대사람,기타,기타,안전운전 의무 불이행,단일로,기타단일로,화물차,보행자,주간,6/27/2012,16,월요일,1065223,1839385,128.2287619,36.54998819
2012,1,3,1,1,,경상북도,문경시,차대차,추돌,진행중 추돌,안전운전 의무 불이행,단일로,기타단일로,화물차,화물차,야간,7/20/2012,22,금요일,1054887,1856274,128.1144877,36.70288359
2012,1,1,,,,경상북도,문경시,차대사람,기타,기타,안전운전 의무 불이행,단일로,기타단일로,승용차,보행자,야간,7/27/2012,3,금요일,1062563,1845004,128.1994994,36.60081805
2012,1,1,,,,경상북도,문경시,차대사람,기타,기타,안전운전 의무 불이행,단일로,기타단일로,승합차,보행자,야간,8/26/2012,19,수요일,1063208,1848158,128.20697,36.62920669
2012,1,2,,1,,경상북도,문경시,차대차,측면충돌,측면충돌,안전운전 의무 불이행,단일로,교량위,승용차,화물차,야간,9/5/2012,22,토요일,1057031,1851258,128.1381159,36.65754128
2012,1,1,,,,경상북도,문경시,차대차,측면충돌,측면충돌,기타,단일로,횡단보도상,원동기장치자전거,화물차,주간,9/26/2012,14,화요일,1062340,1843317,128.1968695,36.5856254
2012,1,1,,,,경상북도,문경시,차대차,기타,기타,중앙선 침범,교차로,교차로부근,원동기장치자전거,승용차,주간,9/28/2012,15,목요일,1061891,1843448,128.1918612,36.58683552
2012,1,1,,,,경상북도,문경시,차대차,기타,기타,안전운전 의무 불이행,단일로,기타단일로,원동기장치자전거,화물차,야간,10/2/2012,5,월요일,1061796,1843906,128.1908361,36.59097027
2012,1,1,,,,경상북도,문경시,차량단독,공작물충돌,공작물충돌,안전운전 의무 불이행,단일로,기타단일로,원동기장치자전거,없음,주간,10/22/2012,17,화요일,1067236,1838261,128.2511541,36.53971649
2012,1,1,,,,경상북도,문경시,차대차,측면충돌,측면충돌,기타,교차로,교차로내,건설기계,화물차,주간,11/7/2012,11,목요일,1065663,1842538,128.2339466,36.57838029
2012,1,1,,,,경상북도,봉화군,차량단독,전도전복,전도전복,안전운전 의무 불이행,단일로,교량위,원동기장치자전거,없음,주간,3/3/2012,8,화요일,1108004,1889429,128.7137838,36.99714383
2012,1,1,,,,경상북도,봉화군,차량단독,공작물충돌,공작물충돌,안전운전 의무 불이행,단일로,기타단일로,승용차,없음,야간,3/11/2012,2,수요일,1121138,1880213,128.8598744,36.91248875
2012,2,3,,1,,경상북도,봉화군,차량단독,공작물충돌,공작물충돌,안전운전 의무 불이행,단일로,기타단일로,승용차,없음,주간,3/16/2012,10,월요일,1131784,1889166,128.9809113,36.99174067
2012,1,1,,,,경상북도,봉화군,차량단독,도로이탈,도로이탈 추락,안전운전 의무 불이행,단일로,기타단일로,화물차,없음,야간,3/31/2012,18,수요일,1105006,1883432,128.6792637,36.94343524
2012,1,1,,,,경상북도,봉화군,차량단독,공작물충돌,공작물충돌,안전운전 의무 불이행,단일로,기타단일로,이륜차,없음,주간,5/10/2012,9,목요일,1109529,1879051,128.7294144,36.90343644
2012,1,2,1,,,경상북도,봉화군,차량단독,도로이탈,도로이탈 추락,안전운전 의무 불이행,단일로,기타단일로,화물차,없음,주간,9/6/2012,11,일요일,1114042,1890444,128.7817794,37.00557797
2012,1,1,,,,경상북도,봉화군,차량단독,공작물충돌,공작물충돌,안전운전 의무 불이행,단일로,기타단일로,화물차,없음,야간,9/11/2012,20,금요일,1109141,1888049,128.7263594,36.98457541
2012,1,1,,,,경상북도,봉화군,차대차,추돌,진행중 추돌,중앙선 침범,단일로,기타단일로,자전거,승용차,주간,10/11/2012,13,수요일,1138607,1895696,129.0587552,37.04959817
2012,1,1,,,,경상북도,상주시,차량단독,공작물충돌,공작물충돌,안전운전 의무 불이행,단일로,기타단일로,승용차,없음,주간,1/16/2012,16,월요일,1036880,1827821,127.9115384,36.44725685
2012,1,1,,,,경상북도,상주시,차대차,측면충돌,측면충돌,안전거리 미확보,단일로,기타단일로,화물차,원동기장치자전거,주간,1/27/2012,11,금요일,1062412,1824750,128.1961742,36.41824815
2012,1,2,1,,,경상북도,상주시,차대차,추돌,진행중 추돌,안전운전 의무 불이행,단일로,기타단일로,화물차,화물차,야간,3/18/2012,3,수요일,1038898,1827315,127.934025,36.44261282
2012,1,1,,,,경상북도,상주시,차대차,측면충돌,측면충돌,교차로 통행방법 위반,교차로,교차로내,승용차,이륜차,주간,4/4/2012,14,일요일,1061196,1823981,128.1825506,36.41139417
2012,1,1,,,,경상북도,상주시,차량단독,공작물충돌,공작물충돌,안전운전 의무 불이행,단일로,기타단일로,화물차,없음,주간,4/6/2012,12,화요일,1057397,1842904,128.1415865,36.58221264