사고년도,사망자수,부상자수,중상자수,경상자수,부상신고자수,시도,시군구,사고유형 대분류,사고유형 중분류,사고유형,가해자법규위반,도로형태 대분류,도로형태,가해당사자 종별,피해당사자 종별,주야구분,발생일,발생시간,발생요일,발생위치X좌표 (EPSG 5179),발생위치Y좌표 (EPSG 5179),경도좌표,위도좌표
2012,2,2,,,,경상북도,상주시,차량단독,공작물충돌,공작물충돌,안전운전 의무 불이행,단일로,터널안,승용차,없음,야간,4/8/2012,0,수요일,1047066,1825962,128.0250785,36.43004952
2012,1,1,,,,경상북도,상주시,차대차,추돌,진행중 추돌,안전운전 의무 불이행,단일로,기타단일로,화물차,화물차,야간,4/18/2012,3,수요일,1041819,1827353,127.9666187,36.44283244
2012,2,11,3,6,,경상북도,상주시,차대차,추돌,주정차중 충돌,안전운전 의무 불이행,단일로,기타단일로,특수차,승용차,야간,4/28/2012,21,토요일,1064545,1819177,128.2195041,36.36786668
2012,1,3,2,,,경상북도,상주시,차대차,추돌,주정차중 충돌,안전운전 의무 불이행,단일로,기타단일로,화물차,화물차,야간,5/24/2012,2,토요일,1065237,1817407,128.2270669,36.35186582
2012,1,2,,1,,경상북도,상주시,차대차,추돌,진행중 추돌,안전운전 의무 불이행,단일로,기타단일로,화물차,화물차,주간,5/28/2012,9,수요일,1059277,1837710,128.1622003,36.53527639
2012,1,1,,,,경상북도,상주시,차대사람,차도통행중,차도통행중,안전운전 의무 불이행,단일로,기타단일로,화물차,보행자,주간,6/5/2012,7,목요일,1041851,1815725,127.9663493,36.33800399
2012,1,1,,,,경상북도,상주시,차량단독,도로이탈,도로이탈 추락,안전운전 의무 불이행,단일로,기타단일로,원동기장치자전거,없음,야간,6/11/2012,19,수요일,1057315,1842125,128.1406064,36.5751998
2012,1,8,7,,,경상북도,상주시,차대차,추돌,주정차중 충돌,안전운전 의무 불이행,단일로,기타단일로,화물차,승용차,야간,6/14/2012,23,토요일,1064280,1819211,128.2165498,36.36819005
2012,1,2,1,,,경상북도,상주시,차대차,측면충돌,측면충돌,기타,교차로,교차로내,건설기계,승용차,주간,7/3/2012,11,일요일,1064056,1814376,128.2136562,36.32462153
2012,1,1,,,,경상북도,상주시,차량단독,전도전복,전도전복,안전운전 의무 불이행,단일로,기타단일로,원동기장치자전거,없음,주간,8/10/2012,10,금요일,1063388,1835258,128.207921,36.5129091
2012,1,4,3,,,경상북도,상주시,차대차,정면충돌,정면충돌,교차로 통행방법 위반,교차로,교차로내,화물차,승합차,야간,8/23/2012,18,일요일,1059484,1840159,128.1647016,36.55734006
2012,2,4,2,,,경상북도,상주시,차대차,추돌,진행중 추돌,안전운전 의무 불이행,단일로,기타단일로,화물차,화물차,야간,9/1/2012,21,화요일,1066322,1819534,128.2393397,36.37096579
2012,1,1,,,,경상북도,상주시,차량단독,기타,기타,안전운전 의무 불이행,단일로,기타단일로,농기계,없음,주간,9/18/2012,16,월요일,1056276,1838991,128.1287707,36.5470055
2012,1,2,,1,,경상북도,상주시,차대사람,횡단중,횡단중,안전운전 의무 불이행,단일로,기타단일로,승용차,보행자,야간,9/21/2012,19,목요일,1037427,1827834,127.9176371,36.44735016
2012,1,1,,,,경상북도,상주시,차대차,기타,기타,안전운전 의무 불이행,단일로,기타단일로,화물차,원동기장치자전거,주간,9/29/2012,17,금요일,1063581,1824554,128.2091969,36.41640455
2012,1,1,,,,경상북도,상주시,차량단독,전도전복,전도전복,안전운전 의무 불이행,단일로,기타단일로,자전거,없음,야간,10/4/2012,19,수요일,1060340,1825959,128.1731577,36.4292794
2012,1,1,,,,경상북도,상주시,차량단독,공작물충돌,공작물충돌,안전운전 의무 불이행,교차로,교차로내,승용차,없음,야간,10/6/2012,18,금요일,1058388,1825339,128.1513356,36.42381107
2012,2,3,1,,,경상북도,상주시,차량단독,공작물충돌,공작물충돌,안전운전 의무 불이행,단일로,기타단일로,승용차,없음,야간,10/10/2012,5,화요일,1058448,1820962,128.1516753,36.38434986
2012,1,1,,,,경상북도,상주시,차대사람,길가장자리구역통행중,길가장자리구역통행중,안전운전 의무 불이행,단일로,기타단일로,화물차,보행자,야간,10/11/2012,20,수요일,1040245,1816564,127.9484973,36.34563619
2012,1,1,,,,경상북도,상주시,차대차,측면충돌,측면충돌,안전운전 의무 불이행,단일로,기타단일로,이륜차,농기계,주간,10/25/2012,10,금요일,1060628,1821111,128.1759917,36.38555798
2012,1,1,,,,경상북도,상주시,차대차,추돌,진행중 추돌,안전운전 의무 불이행,단일로,기타단일로,승용차,농기계,야간,11/9/2012,18,토요일,1063165,1825571,128.2046399,36.42559989
2012,1,1,,,,경상북도,상주시,차대사람,횡단중,횡단중,안전운전 의무 불이행,교차로,교차로내,화물차,보행자,야간,11/14/2012,19,목요일,1040442,1816526,127.9506907,36.34528536
2012,1,1,,,,경상북도,상주시,차량단독,도로이탈,도로이탈 기타,안전운전 의무 불이행,교차로,교차로부근,이륜차,없음,주간,11/26/2012,13,금요일,1049647,1838215,128.0546584,36.54037762
2012,1,1,,,,경상북도,상주시,차대사람,차도통행중,차도통행중,안전운전 의무 불이행,단일로,기타단일로,화물차,보행자,주간,11/27/2012,6,토요일,1059556,1829178,128.1646593,36.4583466
2012,1,1,,,,경상북도,상주시,차량단독,도로이탈,도로이탈 기타,안전운전 의무 불이행,단일로,기타단일로,이륜차,없음,주간,12/11/2012,15,토요일,1052532,1817189,128.0854623,36.35067821
2012,1,1,,,,경상북도,상주시,차대차,기타,기타,안전운전 의무 불이행,단일로,기타단일로,화물차,원동기장치자전거,주간,12/15/2012,17,수요일,1053797,1810529,128.0991002,36.29056863
2012,1,1,,,,경상북도,상주시,차대차,측면충돌,측면충돌,교차로 통행방법 위반,교차로,교차로내,화물차,자전거,주간,12/19/2012,10,화요일,1051235,1837464,128.0723489,36.53352376
2012,1,2,1,,,경상북도,상주시,차대차,추돌,진행중 추돌,안전운전 의무 불이행,단일로,기타단일로,승용차,특수차,야간,12/19/2012,23,화요일,1041715,1827353,127.9654583,36.44283697
2012,1,2,1,,,경상북도,상주시,차량단독,공작물충돌,공작물충돌,안전운전 의무 불이행,단일로,기타단일로,화물차,없음,주간,12/21/2012,7,목요일,1037104,1827801,127.9140313,36.44706522
2012,1,2,1,,,경상북도,상주시,차대차,추돌,진행중 추돌,안전운전 의무 불이행,단일로,기타단일로,승용차,승용차,주간,1/7/2013,14,일요일,1042544,1829963,127.9748515,36.46632956
2012,1,3,2,,,경상북도,성주군,차대차,기타,기타,안전운전 의무 불이행,단일로,기타단일로,승용차,승용차,야간,1/30/2012,18,월요일,1061597,1764265,128.1823447,35.87302376
2012,1,1,,,,경상북도,성주군,차량단독,전도전복,전도전복,안전운전 의무 불이행,단일로,기타단일로,승용차,없음,야간,5/2/2012,22,수요일,1069981,1774009,128.2760694,35.96030487
2012,1,1,,,,경상북도,성주군,차대사람,횡단중,횡단중,안전운전 의무 불이행,단일로,기타단일로,화물차,보행자,야간,6/13/2012,4,금요일,1070946,1768684,128.2862945,35.91222931
2012,1,1,,,,경상북도,성주군,차대차,측면충돌,측면충돌,안전운전 의무 불이행,단일로,기타단일로,이륜차,화물차,주간,6/18/2012,16,수요일,1078190,1765176,128.3662273,35.88005192
2012,1,1,,,,경상북도,성주군,차대차,추돌,주정차중 충돌,안전운전 의무 불이행,단일로,기타단일로,승용차,원동기장치자전거,주간,8/6/2012,16,월요일,1072335,1769440,128.3017562,35.91894301
2012,1,1,,,,경상북도,성주군,차대차,기타,기타,중앙선 침범,단일로,기타단일로,자전거,승용차,주간,8/23/2012,17,일요일,1070033,1769221,128.2762239,35.91713633
2012,1,2,,1,,경상북도,성주군,차량단독,도로이탈,도로이탈 추락,안전운전 의무 불이행,단일로,기타단일로,승용차,없음,주간,10/4/2012,11,수요일,1075855,1760891,128.3399539,35.84160562
2012,1,3,,2,,경상북도,성주군,차대차,추돌,진행중 추돌,안전운전 의무 불이행,단일로,기타단일로,승용차,승용차,주간,10/14/2012,8,토요일,1075226,1768386,128.3336949,35.90922014
2012,1,1,,,,경상북도,성주군,차대사람,기타,기타,안전운전 의무 불이행,단일로,기타단일로,승용차,보행자,야간,10/17/2012,20,목요일,1071501,1770063,128.2925691,35.92462084
2012,1,1,,,,경상북도,성주군,차량단독,공작물충돌,공작물충돌,안전운전 의무 불이행,단일로,기타단일로,화물차,없음,주간,11/21/2012,14,일요일,1061291,1759147,128.178562,35.82690146
2012,1,1,,,,경상북도,성주군,차대사람,길가장자리구역통행중,길가장자리구역통행중,안전운전 의무 불이행,교차로,교차로내,화물차,보행자,주간,12/12/2012,10,일요일,1064937,1769771,128.2197905,35.92244663
2012,1,1,,,,경상북도,성주군,차대사람,기타,기타,안전운전 의무 불이행,단일로,기타단일로,승용차,보행자,야간,1/6/2013,18,토요일,1065173,1768399,128.2222938,35.91006185
2012,1,3,1,1,,경상북도,성주군,차량단독,전도전복,전도전복,안전운전 의무 불이행,단일로,기타단일로,승용차,없음,야간,1/10/2013,23,수요일,1073717,1772901,128.317394,35.95004109
2012,1,1,,,,경상북도,안동시,차대사람,횡단중,횡단중,안전운전 의무 불이행,단일로,기타단일로,승용차,보행자,야간,1/22/2012,20,일요일,1108658,1841388,128.7142815,36.56408828
2012,1,14,6,6,1,경상북도,안동시,차대차,정면충돌,정면충돌,안전운전 의무 불이행,단일로,터널안,화물차,승합차,주간,2/29/2012,17,토요일,1103584,1831614,128.6562772,36.47655613
2012,2,15,12,1,,경상북도,안동시,차대차,기타,기타,안전운전 의무 불이행,단일로,기타단일로,화물차,이륜차,주간,3/4/2012,17,수요일,1117274,1842690,128.8107439,36.57480341
2012,1,1,,,,경상북도,안동시,차량단독,도로이탈,도로이탈 추락,안전운전 의무 불이행,단일로,기타단일로,화물차,없음,주간,3/6/2012,11,금요일,1130947,1831277,128.9615803,36.47017
2012,4,5,1,,,경상북도,안동시,차대차,추돌,진행중 추돌,안전운전 의무 불이행,단일로,기타단일로,승용차,승용차,야간,3/9/2012,21,월요일,1113350,1838617,128.7663002,36.53856527
2012,1,1,,,,경상북도,안동시,차량단독,기타,기타,안전운전 의무 불이행,단일로,기타단일로,원동기장치자전거,없음,주간,3/21/2012,15,일요일,1095944,1830850,128.5709157,36.47046641
2012,1,1,,,,경상북도,안동시,차대차,측면충돌,측면충돌,기타,교차로,교차로내,화물차,이륜차,주간,4/9/2012,9,금요일,1094786,1843363,128.5595294,36.58336622
2012,1,1,,,,경상북도,안동시,차대사람,기타,기타,안전운전 의무 불이행,단일로,기타단일로,승용차,보행자,야간,5/26/2012,4,월요일,1108332,1841018,128.7105871,36.56079049
2012,1,1,,,,경상북도,안동시,차량단독,기타,기타,안전운전 의무 불이행,단일로,기타단일로,농기계,없음,주간,6/8/2012,11,일요일,1122929,1852961,128.8755763,36.66665819
2012,1,6,1,4,,경상북도,안동시,차대차,측면충돌,측면충돌,과속,교차로,교차로내,승용차,승용차,주간,6/12/2012,17,목요일,1114146,1842267,128.7757282,36.57137022
2012,1,1,,,,경상북도,안동시,차대차,추돌,주정차중 충돌,안전운전 의무 불이행,단일로,기타단일로,이륜차,화물차,주간,6/17/2012,6,화요일,1109386,1841325,128.7224065,36.56343733
2012,1,1,,,,경상북도,안동시,차량단독,공작물충돌,공작물충돌,안전운전 의무 불이행,단일로,기타단일로,화물차,없음,주간,6/25/2012,16,토요일,1100160,1827754,128.6175634,36.4421281
2012,1,1,,,,경상북도,안동시,차량단독,전도전복,전도전복,안전운전 의무 불이행,단일로,기타단일로,원동기장치자전거,없음,주간,6/28/2012,16,화요일,1107531,1840408,128.7015527,36.55538303
2012,1,1,,,,경상북도,안동시,차대사람,길가장자리구역통행중,길가장자리구역통행중,안전운전 의무 불이행,단일로,기타단일로,승용차,보행자,야간,7/9/2012,20,토요일,1102593,1839709,128.6462926,36.54962596
2012,2,6,1,3,,경상북도,안동시,차대차,정면충돌,정면충돌,중앙선 침범,기타/불명,기타/불명,화물차,건설기계,주간,7/19/2012,14,목요일,1127046,1842014,128.9198247,36.56745849
2012,1,2,1,,,경상북도,안동시,차량단독,공작물충돌,공작물충돌,안전운전 의무 불이행,단일로,기타단일로,승용차,없음,야간,7/20/2012,1,금요일,1089756,1840225,128.502938,36.55556959
2012,1,1,,,,경상북도,안동시,차량단독,공작물충돌,공작물충돌,안전운전 의무 불이행,단일로,기타단일로,화물차,없음,야간,7/31/2012,19,화요일,1102161,1839353,128.6414195,36.54646352
2012,1,1,,,,경상북도,안동시,차량단독,전도전복,전도전복,안전운전 의무 불이행,단일로,기타단일로,승용차,없음,주간,8/14/2012,11,화요일,1094281,1842883,128.5538243,36.57909159
2012,1,1,,,,경상북도,안동시,차대사람,기타,기타,보행자 보호의무 위반,단일로,횡단보도상,승용차,보행자,야간,9/26/2012,1,화요일,1107297,1841631,128.6991089,36.56643239
2012,1,1,,,,경상북도,안동시,차대차,추돌,주정차중 충돌,안전운전 의무 불이행,단일로,기타단일로,승합차,화물차,야간,10/15/2012,2,화요일,1114137,1842284,128.7756302,36.57152452
2012,1,1,,,,경상북도,안동시,차대사람,횡단중,횡단중,안전운전 의무 불이행,단일로,횡단보도상,승용차,보행자,야간,10/16/2012,23,수요일,1109426,1841322,128.722853,36.5634057
2012,1,1,,,,경상북도,안동시,차대사람,길가장자리구역통행중,길가장자리구역통행중,안전운전 의무 불이행,단일로,기타단일로,승용차,보행자,야간,10/17/2012,20,목요일,1095689,1843629,128.5696525,36.58567549
2012,1,1,,,,경상북도,안동시,차대사람,횡단중,횡단중,안전운전 의무 불이행,단일로,기타단일로,승용차,보행자,야간,10/19/2012,21,토요일,1126848,1842078,128.9176209,36.56806344
2012,1,1,,,,경상북도,안동시,차대사람,횡단중,횡단중,보행자 보호의무 위반,단일로,기타단일로,화물차,보행자,주간,11/4/2012,9,월요일,1109758,1841701,128.7266164,36.56678353
2012,1,1,,,,경상북도,안동시,차대사람,횡단중,횡단중,안전운전 의무 불이행,단일로,기타단일로,승용차,보행자,야간,11/5/2012,4,화요일,1109734,1841695,128.7263452,36.56673674
2012,1,1,,,,경상북도,안동시,차량단독,공작물충돌,공작물충돌,안전운전 의무 불이행,교차로,교차로내,이륜차,없음,야간,11/7/2012,21,목요일,1109967,1841296,128.7288938,36.56310921
2012,1,1,,,,경상북도,안동시,차대차,기타,기타,중앙선 침범,단일로,기타단일로,이륜차,승합차,주간,11/21/2012,14,일요일,1128305,1829639,128.9318336,36.45576326
2012,1,1,,,,경상북도,안동시,차대차,정면충돌,정면충돌,과속,단일로,기타단일로,승용차,원동기장치자전거,야간,12/8/2012,21,수요일,1130415,1829044,128.9552723,36.45011708
2012,1,3,,2,,경상북도,안동시,차량단독,공작물충돌,공작물충돌,안전운전 의무 불이행,단일로,기타단일로,화물차,없음,주간,12/10/2012,13,금요일,1103559,1831800,128.6560231,36.47823533
2012,1,1,,,,경상북도,안동시,차대사람,기타,기타,안전운전 의무 불이행,교차로,교차로내,승용차,보행자,야간,12/27/2012,5,수요일,1108702,1840690,128.7146746,36.55779215
2012,1,1,,,,경상북도,안동시,차대사람,차도통행중,차도통행중,안전운전 의무 불이행,단일로,기타단일로,승용차,보행자,주간,1/4/2013,13,목요일,1112085,1840808,128.7524866,36.55846461
2012,1,16,8,6,1,경상북도,안동시,차대차,측면충돌,측면충돌,과속,교차로,교차로내,승용차,승합차,야간,1/5/2013,5,금요일,1111269,1841410,128.7434572,36.56398584
2012,1,2,1,,,경상북도,영덕군,차대차,측면충돌,측면충돌,신호위반,교차로,교차로내,원동기장치자전거,건설기계,주간,1/26/2012,9,목요일,1168315,1811538,129.3742198,36.28647476
2012,1,3,2,,,경상북도,영덕군,차량단독,도로이탈,도로이탈 추락,안전운전 의무 불이행,단일로,기타단일로,승용차,없음,주간,2/2/2012,8,목요일,1160088,1843369,129.2892231,36.57470318
2012,1,1,,,,경상북도,영덕군,차대사람,길가장자리구역통행중,길가장자리구역통행중,안전운전 의무 불이행,단일로,기타단일로,화물차,보행자,주간,3/9/2012,12,월요일,1165488,1840178,129.3488638,36.54502824
2012,1,1,,,,경상북도,영덕군,차대차,측면충돌,측면충돌,중앙선 침범,교차로,교차로부근,이륜차,승용차,주간,5/3/2012,16,목요일,1173734,1834942,129.4397647,36.49638835
2012,1,1,,,,경상북도,영덕군,차대차,정면충돌,정면충돌,중앙선 침범,단일로,기타단일로,승용차,이륜차,주간,5/9/2012,10,수요일,1161605,1827475,129.3028467,36.43122963
2012,2,8,2,4,,경상북도,영덕군,차대차,정면충돌,정면충돌,중앙선 침범,단일로,기타단일로,승용차,승용차,주간,5/14/2012,16,월요일,1164305,1828316,129.333132,36.43834904
2012,1,1,,,,경상북도,영덕군,차량단독,공작물충돌,공작물충돌,안전운전 의무 불이행,단일로,기타단일로,승용차,없음,주간,6/18/2012,12,토요일,1154053,1830626,129.2192557,36.4608627
2012,1,1,,,,경상북도,영덕군,차량단독,기타,기타,안전운전 의무 불이행,단일로,기타단일로,농기계,없음,주간,6/19/2012,14,일요일,1161379,1827236,129.3002769,36.42911408
2012,1,1,,,,경상북도,영덕군,차대차,측면충돌,측면충돌,안전운전 의무 불이행,단일로,기타단일로,화물차,이륜차,주간,6/28/2012,8,화요일,1170691,1841264,129.4072046,36.55389796
2012,1,1,,,,경상북도,영덕군,차량단독,공작물충돌,공작물충돌,안전운전 의무 불이행,기타/불명,기타/불명,이륜차,없음,주간,9/4/2012,10,금요일,1168014,1843131,129.3777197,36.57119823
2012,1,1,,,,경상북도,영덕군,차대차,측면충돌,측면충돌,안전운전 의무 불이행,교차로,교차로내,승용차,이륜차,주간,9/8/2012,14,화요일,1170455,1837685,129.403778,36.52169281
2012,1,4,2,1,,경상북도,영덕군,차대차,추돌,주정차중 충돌,안전운전 의무 불이행,기타/불명,기타/불명,화물차,화물차,주간,9/15/2012,10,화요일,1168715,1827538,129.3821409,36.43057343
2012,1,3,2,,,경상북도,영덕군,차대차,정면충돌,정면충돌,중앙선 침범,단일로,기타단일로,화물차,화물차,야간,10/29/2012,18,화요일,1163222,1827277,129.3208359,36.42917179
2012,1,1,,,,경상북도,영덕군,차대사람,횡단중,횡단중,안전운전 의무 불이행,기타/불명,기타/불명,화물차,보행자,야간,11/29/2012,19,월요일,1170586,1821599,129.4016958,36.37672747
2012,1,1,,,,경상북도,영덕군,차대차,측면충돌,측면충돌,기타,단일로,횡단보도상,원동기장치자전거,승용차,주간,12/12/2012,10,토요일,1168710,1819452,129.3803289,36.35771559
2012,1,1,,,,경상북도,영덕군,차량단독,도로이탈,도로이탈 추락,안전운전 의무 불이행,교차로,교차로부근,원동기장치자전거,없음,주간,1/14/2013,15,일요일,1170046,1842814,129.4003456,36.56797505
2012,1,1,,,,경상북도,영양군,차량단독,도로이탈,도로이탈 기타,안전운전 의무 불이행,단일로,기타단일로,승용차,없음,주간,5/1/2012,15,화요일,1139716,1853524,129.0634661,36.66941428
2012,1,2,1,,,경상북도,영양군,차대차,기타,기타,안전운전 의무 불이행,단일로,기타단일로,승용차,농기계,야간,8/9/2012,20,목요일,1145008,1855611,129.1230626,36.68743146
2012,1,2,1,,,경상북도,영양군,차량단독,기타,기타,안전운전 의무 불이행,단일로,기타단일로,승용차,없음,주간,8/25/2012,14,화요일,1142547,1851088,129.0946819,36.64704234
2012,1,2,1,,,경상북도,영양군,차량단독,기타,기타,안전운전 의무 불이행,단일로,기타단일로,농기계,없음,주간,10/10/2012,12,화요일,1151154,1850288,129.1907744,36.6385058
2012,1,1,,,,경상북도,영주시,차대사람,기타,기타,안전운전 의무 불이행,단일로,기타단일로,승용차,보행자,야간,2/9/2012,18,목요일,1102924,1887440,128.6564315,36.97978959
2012,1,1,,,,경상북도,영주시,차대차,측면충돌,측면충돌,안전운전 의무 불이행,교차로,교차로내,화물차,자전거,야간,4/7/2012,18,수요일,1094401,1881691,128.5599671,36.92886647
2012,1,3,1,1,,경상북도,영주시,차대차,측면충돌,측면충돌,신호위반,교차로,교차로내,이륜차,승용차,주간,5/2/2012,15,수요일,1094464,1872216,128.5594936,36.84346235
2012,1,1,,,,경상북도,영주시,차대차,측면충돌,측면충돌,중앙선 침범,단일로,기타단일로,자전거,승용차,주간,5/11/2012,11,금요일,1099936,1870261,128.6205993,36.82527836
2012,1,1,,,,경상북도,영주시,차대차,기타,기타,안전운전 의무 불이행,교차로,교차로내,화물차,자전거,주간,5/14/2012,12,월요일,1100151,1868586,128.6227869,36.81016252
2012,1,1,,,,경상북도,영주시,차량단독,공작물충돌,공작물충돌,안전운전 의무 불이행,단일로,기타단일로,화물차,없음,야간,5/22/2012,21,금요일,1092348,1872686,128.5358216,36.84790677
2012,1,1,,,,경상북도,영주시,차대차,측면충돌,측면충돌,신호위반,교차로,교차로내,승용차,자전거,주간,7/25/2012,7,수요일,1099364,1869085,128.6140283,36.81473669
2012,1,2,,1,,경상북도,영주시,차대차,측면충돌,측면충돌,보행자 보호의무 위반,단일로,횡단보도상,승용차,승용차,야간,8/2/2012,23,목요일,1100088,1869179,128.622161,36.81551026
2012,1,1,,,,경상북도,영주시,차대사람,횡단중,횡단중,안전운전 의무 불이행,단일로,기타단일로,화물차,보행자,야간,8/3/2012,18,금요일,1099219,1869969,128.6125227,36.82272206
2012,1,1,,,,경상북도,영주시,차량단독,전도전복,전도전복,안전운전 의무 불이행,단일로,기타단일로,승용차,없음,주간,8/31/2012,7,월요일,1098044,1867439,128.5990239,36.80004157
2012,1,1,,,,경상북도,영주시,차대차,정면충돌,정면충돌,안전운전 의무 불이행,단일로,기타단일로,원동기장치자전거,승용차,주간,9/19/2012,13,토요일,1098667,1861190,128.6051974,36.74365401
2012,1,5,1,3,,경상북도,영주시,차대차,추돌,주정차중 충돌,안전운전 의무 불이행,교차로,교차로부근,승용차,화물차,주간,10/27/2012,14,일요일,1108452,1856998,128.7141856,36.70480039
2012,1,1,,,,경상북도,영주시,차대사람,횡단중,횡단중,안전운전 의무 불이행,교차로,교차로내,화물차,보행자,주간,10/29/2012,17,화요일,1100024,1870343,128.6215966,36.82600812
2012,1,4,2,1,,경상북도,영주시,차대차,추돌,주정차중 충돌,안전운전 의무 불이행,단일로,기타단일로,화물차,화물차,주간,11/3/2012,17,일요일,1091500,1873862,128.5264531,36.85858879
2012,1,5,1,3,,경상북도,영주시,차대차,측면충돌,측면충돌,교차로 통행방법 위반,교차로,교차로내,승용차,승용차,주간,12/8/2012,16,수요일,1100236,1874045,128.6244619,36.85935154
2012,1,1,,,,경상북도,영주시,차량단독,도로이탈,도로이탈 추락,안전운전 의무 불이행,단일로,기타단일로,건설기계,없음,주간,1/3/2013,13,수요일,1108509,1860959,128.7153861,36.74049726
2012,2,5,2,1,,경상북도,영천시,차량단독,공작물충돌,공작물충돌,안전운전 의무 불이행,단일로,기타단일로,승용차,없음,주간,1/23/2012,15,월요일,1128824,1768451,128.92758,35.90421651
2012,1,1,,,,경상북도,영천시,차대사람,기타,기타,안전운전 의무 불이행,기타/불명,기타/불명,화물차,보행자,야간,1/27/2012,21,금요일,1135995,1785323,129.0099168,36.05531031
2012,1,1,,,,경상북도,영천시,차대사람,보도통행중,보도통행중,보행자 보호의무 위반,단일로,횡단보도상,화물차,보행자,야간,2/2/2012,20,목요일,1129749,1775213,128.9389265,35.96504601
2012,1,1,,,,경상북도,영천시,차량단독,공작물충돌,공작물충돌,안전운전 의무 불이행,단일로,기타단일로,승용차,없음,야간,2/3/2012,23,금요일,1129071,1763869,128.9295739,35.86288498
2012,1,1,,,,경상북도,영천시,차대사람,횡단중,횡단중,안전운전 의무 불이행,교차로,교차로부근,화물차,보행자,주간,2/5/2012,16,일요일,1131074,1776480,128.9538316,35.97628393
2012,1,1,,,,경상북도,영천시,차대차,정면충돌,정면충돌,중앙선 침범,단일로,기타단일로,이륜차,승용차,주간,3/16/2012,15,월요일,1117017,1781689,128.7987236,36.02502363
2012,1,5,3,1,,경상북도,영천시,차량단독,공작물충돌,공작물충돌,안전운전 의무 불이행,단일로,기타단일로,승용차,없음,주간,4/11/2012,17,일요일,1124989,1785360,128.8877596,36.05712049
2012,1,3,1,1,,경상북도,영천시,차대차,추돌,진행중 추돌,안전운전 의무 불이행,단일로,기타단일로,화물차,특수차,야간,5/12/2012,5,토요일,1125958,1767805,128.8957264,35.89876717
2012,2,5,3,,,경상북도,영천시,차량단독,공작물충돌,공작물충돌,안전운전 의무 불이행,단일로,기타단일로,화물차,없음,주간,5/14/2012,17,월요일,1112073,1788896,128.744887,36.09056719
2012,1,1,,,,경상북도,영천시,차대차,정면충돌,정면충돌,중앙선 침범,교차로,교차로부근,승합차,화물차,주간,6/10/2012,14,화요일,1132972,1782833,128.9759443,36.03328624
2012,1,2,,1,,경상북도,영천시,차대차,측면충돌,측면충돌,안전운전 의무 불이행,교차로,교차로내,승용차,승용차,야간,6/19/2012,18,목요일,1128895,1775316,128.9294804,35.96608298
2012,1,1,,,,경상북도,영천시,차대사람,기타,기타,과속,단일로,기타단일로,화물차,보행자,주간,6/30/2012,16,목요일,1129566,1775761,128.9369958,35.97000132
2012,1,1,,,,경상북도,영천시,차대차,정면충돌,정면충돌,중앙선 침범,교차로,교차로내,이륜차,승용차,야간,7/9/2012,18,토요일,1127271,1790481,128.9139161,36.10298048
2012,1,1,,,,경상북도,영천시,차량단독,공작물충돌,공작물충돌,안전운전 의무 불이행,단일로,기타단일로,승용차,없음,야간,7/10/2012,1,일요일,1127455,1777939,128.9139365,35.98991382
2012,1,3,2,,,경상북도,영천시,차대차,기타,기타,과속,교차로,교차로내,승용차,이륜차,주간,7/25/2012,16,수요일,1134801,1764150,128.9930672,35.86464582
2012,1,1,,,,경상북도,영천시,차대차,측면충돌,측면충돌,안전운전 의무 불이행,단일로,기타단일로,승용차,화물차,주간,8/29/2012,15,토요일,1130244,1783728,128.9458207,36.04172173
2012,1,1,,,,경상북도,영천시,차대차,추돌,진행중 추돌,기타,단일로,기타단일로,화물차,원동기장치자전거,주간,10/12/2012,16,목요일,1125201,1769141,128.8875506,35.91090631
2012,1,1,,,,경상북도,영천시,차량단독,기타,기타,안전운전 의무 불이행,교차로,교차로내,원동기장치자전거,없음,야간,10/14/2012,18,토요일,1123082,1772761,128.8646333,35.94380419
2012,1,1,,,,경상북도,영천시,차대차,측면충돌,측면충돌,기타,교차로,교차로내,승용차,이륜차,주간,10/17/2012,9,목요일,1114520,1784207,128.7713815,36.04801694
2012,1,1,,,,경상북도,영천시,차량단독,공작물충돌,공작물충돌,안전운전 의무 불이행,단일로,기타단일로,승용차,없음,주간,10/31/2012,7,목요일,1110582,1786088,128.7279351,36.06542747
2012,1,1,,,,경상북도,영천시,차량단독,공작물충돌,공작물충돌,안전운전 의무 불이행,단일로,기타단일로,이륜차,없음,주간,10/31/2012,17,목요일,1131478,1777625,128.9585012,35.98654949
2012,1,2,1,,,경상북도,영천시,차대사람,횡단중,횡단중,과속,단일로,횡단보도상,화물차,보행자,주간,11/2/2012,13,토요일,1128602,1775121,128.9262003,35.96436406
2012,1,1,,,,경상북도,영천시,차대사람,길가장자리구역통행중,길가장자리구역통행중,안전운전 의무 불이행,단일로,기타단일로,승용차,보행자,주간,11/21/2012,17,일요일,1131057,1770872,128.9527127,35.92573805
2012,1,2,1,,,경상북도,영천시,차대차,기타,기타,중앙선 침범,단일로,기타단일로,이륜차,화물차,야간,12/11/2012,18,토요일,1127405,1774484,128.9128268,35.95877964
2012,1,4,3,,,경상북도,영천시,차량단독,공작물충돌,공작물충돌,안전운전 의무 불이행,단일로,기타단일로,승용차,없음,야간,12/19/2012,18,화요일,1136069,1769483,129.0080187,35.91253671
2012,1,1,,,,경상북도,영천시,차량단독,전도전복,전도전복,안전운전 의무 불이행,단일로,기타단일로,농기계,없음,주간,12/30/2012,8,토요일,1135225,1764785,128.9978698,35.87031066
2012,1,1,,,,경상북도,예천군,차량단독,도로이탈,도로이탈 추락,안전운전 의무 불이행,단일로,기타단일로,승용차,없음,야간,1/16/2012,3,월요일,1070222,1834630,128.2841802,36.50676897