사고년도,사망자수,부상자수,중상자수,경상자수,부상신고자수,시도,시군구,사고유형 대분류,사고유형 중분류,사고유형,가해자법규위반,도로형태 대분류,도로형태,가해당사자 종별,피해당사자 종별,주야구분,발생일,발생시간,발생요일,발생위치X좌표 (EPSG 5179),발생위치Y좌표 (EPSG 5179),경도좌표,위도좌표
2012,1,1,,,,경상북도,포항시,차대차,측면충돌,측면충돌,교차로 통행방법 위반,교차로,교차로내,승용차,승용차,야간,9/5/2012,20,토요일,1166526,1791796,129.3501167,36.10889167
2012,1,1,,,,경상북도,포항시,차대사람,횡단중,횡단중,과속,교차로,교차로부근,승용차,보행자,야간,9/5/2012,23,토요일,1168884,1781829,129.3741697,36.01867163
2012,1,2,1,,,경상북도,포항시,차대사람,기타,기타,안전운전 의무 불이행,단일로,기타단일로,승용차,보행자,야간,9/6/2012,20,일요일,1166989,1785007,129.3538213,36.04763584
2012,2,4,2,,,경상북도,포항시,차량단독,공작물충돌,공작물충돌,신호위반,단일로,횡단보도부근,승용차,없음,주간,9/12/2012,17,토요일,1165919,1797632,129.3446068,36.16158413
2012,1,1,,,,경상북도,포항시,차대사람,횡단중,횡단중,안전운전 의무 불이행,단일로,기타단일로,불명,보행자,야간,9/16/2012,4,수요일,1167084,1784062,129.3546756,36.039104
2012,1,1,,,,경상북도,포항시,차대사람,기타,기타,안전운전 의무 불이행,단일로,기타단일로,화물차,보행자,야간,10/3/2012,5,화요일,1169054,1786022,129.376952,36.05642542
2012,1,1,,,,경상북도,포항시,차량단독,공작물충돌,공작물충돌,안전운전 의무 불이행,단일로,기타단일로,승용차,없음,주간,10/10/2012,7,화요일,1165167,1785461,129.3336987,36.05203795
2012,1,1,,,,경상북도,포항시,차대사람,횡단중,횡단중,중앙선 침범,단일로,기타단일로,화물차,보행자,주간,10/12/2012,11,목요일,1168198,1781387,129.3664666,36.01480742
2012,1,1,,,,경상북도,포항시,차대차,기타,기타,신호위반,교차로,교차로내,승용차,원동기장치자전거,야간,10/20/2012,21,일요일,1166246,1794132,129.3474994,36.12998592
2012,1,1,,,,경상북도,포항시,차대사람,길가장자리구역통행중,길가장자리구역통행중,안전운전 의무 불이행,단일로,기타단일로,화물차,보행자,야간,10/21/2012,19,월요일,1149269,1790957,129.1583076,36.10413764
2012,1,1,,,,경상북도,포항시,차대사람,기타,기타,안전운전 의무 불이행,단일로,기타단일로,불명,보행자,야간,10/24/2012,5,목요일,1168516,1784520,129.3706612,36.04298418
2012,1,1,,,,경상북도,포항시,차량단독,기타,기타,안전운전 의무 불이행,단일로,기타단일로,이륜차,없음,주간,10/27/2012,14,일요일,1176176,1779055,129.4544331,35.99238437
2012,1,1,,,,경상북도,포항시,차대차,기타,기타,교차로 통행방법 위반,교차로,교차로내,화물차,화물차,주간,11/1/2012,15,금요일,1149422,1791953,129.1601956,36.11309004
2012,1,1,,,,경상북도,포항시,차대사람,횡단중,횡단중,안전운전 의무 불이행,단일로,기타단일로,승용차,보행자,야간,11/4/2012,19,월요일,1165920,1788712,129.342738,36.08120512
2012,1,2,1,,,경상북도,포항시,차량단독,공작물충돌,공작물충돌,안전운전 의무 불이행,기타/불명,기타/불명,화물차,없음,야간,11/5/2012,4,화요일,1169090,1785582,129.3772573,36.05245432
2012,1,1,,,,경상북도,포항시,차대사람,기타,기타,안전운전 의무 불이행,교차로,교차로부근,화물차,보행자,주간,11/12/2012,12,화요일,1168176,1783387,129.3666477,36.03283344
2012,1,2,1,,,경상북도,포항시,차대사람,기타,기타,안전운전 의무 불이행,단일로,기타단일로,농기계,보행자,주간,11/13/2012,10,수요일,1162890,1796142,129.3106372,36.14866873
2012,1,1,,,,경상북도,포항시,차대사람,기타,기타,안전운전 의무 불이행,단일로,기타단일로,승용차,보행자,야간,11/19/2012,3,금요일,1164964,1787872,129.3319497,36.07379847
2012,1,1,,,,경상북도,포항시,차대사람,기타,기타,안전운전 의무 불이행,교차로,교차로내,화물차,보행자,주간,11/21/2012,13,일요일,1169539,1800003,129.3853447,36.18232208
2012,1,1,,,,경상북도,포항시,차대차,추돌,주정차중 충돌,안전운전 의무 불이행,단일로,기타단일로,승용차,특수차,야간,11/27/2012,0,토요일,1172246,1776476,129.4102967,35.9698474
2012,1,1,,,,경상북도,포항시,차대차,추돌,진행중 추돌,안전운전 의무 불이행,교차로,교차로부근,승용차,화물차,야간,11/29/2012,23,월요일,1167865,1776800,129.3618044,35.97352783
2012,1,3,1,1,,경상북도,포항시,차량단독,도로이탈,도로이탈 추락,안전운전 의무 불이행,단일로,기타단일로,화물차,없음,야간,11/30/2012,21,화요일,1180977,1767068,129.504934,35.88349621
2012,1,1,,,,경상북도,포항시,차대사람,기타,기타,신호위반,단일로,횡단보도상,승용차,보행자,야간,12/5/2012,4,일요일,1169129,1786218,129.3778263,36.05817854
2012,1,1,,,,경상북도,포항시,차대차,기타,기타,안전운전 의무 불이행,단일로,기타단일로,화물차,승용차,야간,12/13/2012,3,월요일,1166936,1804771,129.3574327,36.22573552
2012,1,1,,,,경상북도,포항시,차대사람,횡단중,횡단중,안전운전 의무 불이행,교차로,교차로부근,승용차,보행자,야간,12/14/2012,0,화요일,1166884,1782419,129.3521099,36.02433296
2012,1,1,,,,경상북도,포항시,차대사람,기타,기타,안전운전 의무 불이행,단일로,기타단일로,승용차,보행자,야간,12/19/2012,20,화요일,1167647,1778416,129.3597262,35.98813019
2012,1,1,,,,경상북도,포항시,차량단독,기타,기타,기타,교차로,교차로내,화물차,없음,주간,12/23/2012,12,토요일,1167118,1780365,129.3542719,36.00578386
2012,1,1,,,,경상북도,포항시,차대사람,기타,기타,신호위반,교차로,교차로내,승용차,보행자,주간,12/30/2012,6,토요일,1173452,1778896,129.4241935,35.9914383
2012,1,1,,,,제주특별자치도,서귀포시,차량단독,주/정차차량 충돌,주/정차차량 충돌,안전운전 의무 불이행,단일로,기타단일로,원동기장치자전거,화물차,야간,1/20/2012,18,금요일,922650,1476263,126.6694098,33.27496354
2012,1,1,,,,제주특별자치도,서귀포시,차량단독,공작물충돌,공작물충돌,안전운전 의무 불이행,단일로,기타단일로,화물차,없음,야간,2/2/2012,20,목요일,892445,1474392,126.3453323,33.25550435
2012,1,1,,,,제주특별자치도,서귀포시,차대사람,차도통행중,차도통행중,안전운전 의무 불이행,단일로,기타단일로,화물차,보행자,주간,2/6/2012,9,월요일,899513,1474009,126.4212397,33.25272715
2012,1,3,1,,1,제주특별자치도,서귀포시,차량단독,기타,기타,안전운전 의무 불이행,단일로,기타단일로,승용차,없음,주간,2/6/2012,10,월요일,893081,1477292,126.3518178,33.28172117
2012,1,2,1,,,제주특별자치도,서귀포시,차대차,정면충돌,정면충돌,기타,교차로,교차로내,화물차,건설기계,주간,2/11/2012,11,토요일,935124,1487525,126.8025376,33.37736089
2012,1,1,,,,제주특별자치도,서귀포시,차대차,기타,기타,안전운전 의무 불이행,단일로,기타단일로,화물차,승용차,야간,2/25/2012,19,화요일,947103,1497315,126.9307351,33.46631951
2012,1,2,1,,,제주특별자치도,서귀포시,차량단독,전도전복,전도전복,안전운전 의무 불이행,단일로,기타단일로,화물차,없음,야간,3/20/2012,19,토요일,913191,1476197,126.5678543,33.27365094
2012,1,2,1,,,제주특별자치도,서귀포시,차대사람,횡단중,횡단중,보행자 보호의무 위반,단일로,횡단보도상,승용차,보행자,야간,3/31/2012,21,수요일,934665,1479692,126.7981692,33.30669015
2012,1,1,,,,제주특별자치도,서귀포시,차대사람,횡단중,횡단중,안전운전 의무 불이행,단일로,기타단일로,승용차,보행자,주간,4/9/2012,7,금요일,923667,1482676,126.6797871,33.33288124
2012,1,1,,,,제주특별자치도,서귀포시,차대차,측면충돌,측면충돌,안전운전 의무 불이행,단일로,기타단일로,화물차,특수차,주간,4/17/2012,12,화요일,891248,1477051,126.3321661,33.27936174
2012,1,1,,,,제주특별자치도,서귀포시,차대차,측면충돌,측면충돌,기타,교차로,교차로내,승용차,이륜차,주간,4/20/2012,11,금요일,879763,1474924,126.2091448,33.25896505
2012,1,1,,,,제주특별자치도,서귀포시,차대사람,횡단중,횡단중,보행자 보호의무 위반,교차로,교차로내,승용차,보행자,야간,4/21/2012,21,토요일,926273,1477019,126.708249,33.28204212
2012,1,2,,1,,제주특별자치도,서귀포시,차대사람,횡단중,횡단중,안전운전 의무 불이행,단일로,기타단일로,이륜차,보행자,야간,4/29/2012,18,일요일,920730,1475931,126.6488225,33.27183158
2012,1,1,,,,제주특별자치도,서귀포시,차량단독,공작물충돌,공작물충돌,안전운전 의무 불이행,단일로,기타단일로,승용차,없음,주간,5/9/2012,7,수요일,888075,1471818,126.2987463,33.23184933
2012,1,1,,,,제주특별자치도,서귀포시,차량단독,공작물충돌,공작물충돌,안전운전 의무 불이행,교차로,교차로내,승용차,없음,야간,5/11/2012,19,금요일,909113,1473267,126.5243633,33.24689015
2012,1,1,,,,제주특별자치도,서귀포시,차대사람,기타,기타,안전운전 의무 불이행,단일로,기타단일로,농기계,보행자,주간,5/24/2012,13,토요일,940084,1494001,126.8554301,33.4360584
2012,1,1,,,,제주특별자치도,서귀포시,차대사람,기타,기타,안전운전 의무 불이행,단일로,기타단일로,승용차,보행자,야간,5/27/2012,3,화요일,909117,1473431,126.5243876,33.24837044
2012,1,1,,,,제주특별자치도,서귀포시,차대차,측면충돌,측면충돌,안전거리 미확보,단일로,기타단일로,승용차,원동기장치자전거,주간,5/27/2012,8,화요일,911267,1474050,126.5474062,33.25413558
2012,1,1,,,,제주특별자치도,서귀포시,차량단독,기타,기타,안전운전 의무 불이행,단일로,기타단일로,원동기장치자전거,없음,주간,6/2/2012,17,월요일,895624,1482521,126.3785206,33.32912389
2012,1,1,,,,제주특별자치도,서귀포시,차대사람,기타,기타,안전운전 의무 불이행,단일로,기타단일로,승용차,보행자,야간,6/25/2012,20,토요일,913466,1474103,126.5710026,33.25478583
2012,1,1,,,,제주특별자치도,서귀포시,차량단독,공작물충돌,공작물충돌,안전운전 의무 불이행,단일로,기타단일로,이륜차,없음,주간,6/27/2012,15,월요일,916129,1480565,126.5989918,33.31327681
2012,1,1,,,,제주특별자치도,서귀포시,차량단독,공작물충돌,공작물충돌,안전운전 의무 불이행,단일로,기타단일로,이륜차,없음,야간,7/18/2012,20,수요일,890699,1478245,126.3261308,33.29007292
2012,1,3,1,1,,제주특별자치도,서귀포시,차대차,정면충돌,정면충돌,중앙선 침범,단일로,기타단일로,승용차,승용차,야간,8/24/2012,22,월요일,924538,1476831,126.6896289,33.28021832
2012,1,1,,,,제주특별자치도,서귀포시,차량단독,공작물충돌,공작물충돌,안전운전 의무 불이행,단일로,기타단일로,승용차,없음,야간,9/13/2012,22,일요일,915154,1477266,126.5888303,33.28344922
2012,1,1,,,,제주특별자치도,서귀포시,차대차,측면충돌,측면충돌,기타,교차로,교차로내,화물차,이륜차,야간,9/19/2012,18,토요일,913405,1475313,126.5702397,33.26569555
2012,1,1,,,,제주특별자치도,서귀포시,차량단독,기타,기타,안전운전 의무 불이행,단일로,기타단일로,농기계,없음,주간,9/20/2012,16,수요일,937225,1484326,126.8253429,33.34863774
2012,1,1,,,,제주특별자치도,서귀포시,차대사람,횡단중,횡단중,안전운전 의무 불이행,교차로,교차로부근,승용차,보행자,야간,10/4/2012,19,수요일,907443,1473960,126.5063681,33.25299997
2012,1,1,,,,제주특별자치도,서귀포시,차량단독,기타,기타,안전운전 의무 불이행,단일로,기타단일로,승합차,없음,야간,10/4/2012,23,수요일,913380,1473033,126.5701838,33.2451306
2012,1,1,,,,제주특별자치도,서귀포시,차대차,기타,기타,안전운전 의무 불이행,단일로,기타단일로,화물차,화물차,야간,10/5/2012,1,목요일,903020,1474127,126.4588744,33.25411945
2012,1,1,,,,제주특별자치도,서귀포시,차량단독,전도전복,전도전복,안전운전 의무 불이행,단일로,기타단일로,승용차,없음,야간,10/5/2012,5,목요일,909719,1473368,126.5308587,33.24785281
2012,1,1,,,,제주특별자치도,서귀포시,차대차,기타,기타,신호위반,교차로,교차로내,화물차,이륜차,주간,10/31/2012,7,목요일,882040,1472774,126.2338681,33.23982634
2012,1,1,,,,제주특별자치도,서귀포시,차대차,측면충돌,측면충돌,안전운전 의무 불이행,교차로,교차로부근,건설기계,이륜차,야간,11/13/2012,5,수요일,891077,1473878,126.3307158,33.25072826
2012,1,1,,,,제주특별자치도,서귀포시,차량단독,공작물충돌,공작물충돌,안전운전 의무 불이행,교차로,교차로부근,승용차,없음,야간,11/26/2012,23,금요일,884450,1471498,126.2598858,33.2285755
2012,1,1,,,,제주특별자치도,서귀포시,차대차,기타,기타,안전운전 의무 불이행,교차로,교차로부근,승용차,승용차,야간,11/29/2012,1,월요일,926878,1477068,126.7147427,33.28252528
2012,1,1,,,,제주특별자치도,서귀포시,차대사람,횡단중,횡단중,안전운전 의무 불이행,단일로,기타단일로,화물차,보행자,야간,11/30/2012,18,화요일,945416,1495132,126.91272,33.44654764
2012,1,1,,,,제주특별자치도,서귀포시,차대사람,횡단중,횡단중,안전운전 의무 불이행,단일로,기타단일로,승용차,보행자,야간,12/13/2012,2,월요일,945811,1495410,126.9169466,33.44907051
2012,1,1,,,,제주특별자치도,서귀포시,차대사람,횡단중,횡단중,안전운전 의무 불이행,단일로,횡단보도부근,승합차,보행자,주간,1/7/2013,6,일요일,918597,1475033,126.6260009,33.26357366
2012,1,1,,,,제주특별자치도,서귀포시,차대차,추돌,진행중 추돌,안전운전 의무 불이행,교차로,교차로부근,승용차,농기계,주간,1/11/2013,8,목요일,878355,1476751,126.1937834,33.27528422
2012,1,1,,,,제주특별자치도,제주시,차대사람,보도통행중,보도통행중,안전운전 의무 불이행,교차로,교차로부근,승합차,보행자,야간,1/21/2012,5,토요일,907176,1503279,126.500484,33.5173889
2012,1,1,,,,제주특별자치도,제주시,차대사람,횡단중,횡단중,보행자 보호의무 위반,단일로,횡단보도상,승합차,보행자,야간,2/6/2012,18,월요일,908570,1502776,126.5155407,33.51297107
2012,1,1,,,,제주특별자치도,제주시,차대차,측면충돌,측면충돌,교차로 통행방법 위반,교차로,교차로내,화물차,원동기장치자전거,주간,2/10/2012,11,금요일,938140,1504869,126.8337634,33.5339689
2012,1,1,,,,제주특별자치도,제주시,차대사람,횡단중,횡단중,안전운전 의무 불이행,단일로,횡단보도상,승용차,보행자,야간,2/12/2012,0,일요일,906076,1500676,126.4889108,33.49381647
2012,1,1,,,,제주특별자치도,제주시,차량단독,공작물충돌,공작물충돌,안전운전 의무 불이행,단일로,기타단일로,승용차,없음,주간,2/15/2012,11,수요일,910559,1498884,126.5373482,33.47804081
2012,1,1,,,,제주특별자치도,제주시,차대사람,기타,기타,안전운전 의무 불이행,단일로,기타단일로,승합차,보행자,주간,3/14/2012,14,토요일,938246,1503342,126.8350083,33.52020121
2012,1,1,,,,제주특별자치도,제주시,차대차,추돌,주정차중 충돌,기타,단일로,기타단일로,승용차,이륜차,야간,3/15/2012,5,일요일,939496,1503866,126.8484368,33.52499693
2012,1,1,,,,제주특별자치도,제주시,차대사람,횡단중,횡단중,보행자 보호의무 위반,교차로,교차로부근,승용차,보행자,주간,3/23/2012,6,화요일,910393,1502842,126.5351637,33.51372344
2012,1,1,,,,제주특별자치도,제주시,차량단독,기타,기타,과속,단일로,기타단일로,화물차,없음,주간,4/7/2012,13,수요일,905705,1496947,126.4853064,33.46015558
2012,1,1,,,,제주특별자치도,제주시,차대사람,기타,기타,안전운전 의무 불이행,교차로,교차로내,승용차,보행자,야간,4/13/2012,19,화요일,885420,1493186,126.2675444,33.42425723
2012,1,1,,,,제주특별자치도,제주시,차량단독,기타,기타,안전운전 의무 불이행,단일로,기타단일로,이륜차,없음,주간,4/17/2012,16,토요일,942903,1502675,126.8851976,33.51444363
2012,1,1,,,,제주특별자치도,제주시,차대차,측면충돌,측면충돌,안전운전 의무 불이행,교차로,교차로내,승용차,자전거,야간,4/16/2012,19,월요일,917966,1504537,126.6165329,33.52961263
2012,2,6,4,,,제주특별자치도,제주시,차량단독,전도전복,전도전복,안전운전 의무 불이행,단일로,기타단일로,승용차,없음,야간,4/26/2012,0,목요일,911136,1499234,126.5435134,33.48124435
2012,1,1,,,,제주특별자치도,제주시,차대사람,기타,기타,안전운전 의무 불이행,단일로,기타단일로,승합차,보행자,주간,5/8/2012,17,화요일,907756,1503155,126.506736,33.51631992
2012,1,2,1,,,제주특별자치도,제주시,차대차,정면충돌,정면충돌,중앙선 침범,단일로,기타단일로,승용차,화물차,야간,5/13/2012,3,일요일,903115,1500884,126.457021,33.49542901
2012,1,37,7,29,,제주특별자치도,제주시,차대차,측면충돌,측면충돌,신호위반,교차로,교차로내,건설기계,승합차,주간,5/30/2012,10,금요일,882417,1488560,126.2358566,33.38222038
2012,1,1,,,,제주특별자치도,제주시,차대사람,횡단중,횡단중,보행자 보호의무 위반,단일로,횡단보도상,승용차,보행자,야간,5/31/2012,18,토요일,907103,1500218,126.5000124,33.4897749
2012,1,1,,,,제주특별자치도,제주시,차량단독,기타,기타,안전운전 의무 불이행,단일로,기타단일로,화물차,없음,주간,6/1/2012,10,일요일,877368,1485787,126.1819659,33.35665485
2012,1,1,,,,제주특별자치도,제주시,차대차,측면충돌,측면충돌,중앙선 침범,교차로,교차로부근,이륜차,승용차,주간,6/26/2012,12,일요일,942636,1503100,126.8822966,33.51826516
2012,1,4,3,,,제주특별자치도,제주시,차량단독,전도전복,전도전복,안전운전 의무 불이행,단일로,기타단일로,승용차,없음,주간,6/27/2012,10,월요일,904768,1489980,126.4759673,33.39724483
2012,1,1,,,,제주특별자치도,제주시,차량단독,공작물충돌,공작물충돌,안전운전 의무 불이행,기타/불명,기타/불명,농기계,없음,주간,7/9/2012,14,토요일,931268,1506384,126.7596347,33.54721486
2012,1,2,1,,,제주특별자치도,제주시,차대차,기타,기타,과속,교차로,교차로내,승용차,농기계,야간,7/15/2012,18,금요일,938137,1504870,126.8337311,33.53397775
2012,1,1,,,,제주특별자치도,제주시,차량단독,공작물충돌,공작물충돌,안전운전 의무 불이행,교차로,교차로내,화물차,없음,주간,8/2/2012,8,목요일,901067,1498248,126.4352649,33.47147151
2012,1,1,,,,제주특별자치도,제주시,차대차,기타,기타,기타,단일로,기타단일로,이륜차,승용차,야간,8/10/2012,21,금요일,940955,1503881,126.864148,33.52521568
2012,1,1,,,,제주특별자치도,제주시,차대사람,횡단중,횡단중,보행자 보호의무 위반,단일로,횡단보도상,승용차,보행자,야간,8/13/2012,2,월요일,913896,1503541,126.5728084,33.52030901
2012,1,1,,,,제주특별자치도,제주시,차대사람,횡단중,횡단중,안전운전 의무 불이행,교차로,교차로내,승용차,보행자,야간,8/21/2012,1,금요일,910844,1499943,126.5403046,33.48761414
2012,1,1,,,,제주특별자치도,제주시,차대사람,보도통행중,보도통행중,보행자 보호의무 위반,교차로,교차로내,건설기계,보행자,주간,8/29/2012,14,토요일,912829,1502418,126.5614251,33.51009477
2012,1,1,,,,제주특별자치도,제주시,차대차,측면충돌,측면충돌,안전운전 의무 불이행,단일로,기타단일로,승용차,자전거,야간,8/31/2012,5,월요일,910940,1502832,126.5410506,33.51367625
2012,1,1,,,,제주특별자치도,제주시,차대차,측면충돌,측면충돌,기타,교차로,교차로내,승용차,이륜차,주간,9/10/2012,10,목요일,889226,1495276,126.3082141,33.44350346
2012,1,2,1,,,제주특별자치도,제주시,차량단독,공작물충돌,공작물충돌,안전운전 의무 불이행,단일로,기타단일로,승용차,없음,야간,9/11/2012,19,금요일,896162,1498813,126.3824227,33.47610296
2012,1,5,2,2,,제주특별자치도,제주시,차대차,측면충돌,측면충돌,중앙선 침범,교차로,교차로부근,승용차,승용차,주간,9/12/2012,14,토요일,926268,1507033,126.7057357,33.552728
2012,1,1,,,,제주특별자치도,제주시,차대사람,기타,기타,안전운전 의무 불이행,단일로,기타단일로,화물차,보행자,야간,9/22/2012,18,금요일,911144,1501318,126.5433972,33.5000367
2012,1,1,,,,제주특별자치도,제주시,차대사람,횡단중,횡단중,안전운전 의무 불이행,단일로,기타단일로,승합차,보행자,주간,9/26/2012,16,화요일,900778,1495237,126.432489,33.44428754
2012,1,2,1,,,제주특별자치도,제주시,차대사람,횡단중,횡단중,안전운전 의무 불이행,단일로,기타단일로,승용차,보행자,야간,9/27/2012,1,수요일,896104,1498808,126.3817948,33.4760522
2012,1,1,,,,제주특별자치도,제주시,차대사람,기타,기타,안전운전 의무 불이행,단일로,기타단일로,승용차,보행자,주간,10/13/2012,6,금요일,906473,1503533,126.4928876,33.5196146
2012,1,2,1,,,제주특별자치도,제주시,차량단독,공작물충돌,공작물충돌,안전운전 의무 불이행,교차로,교차로내,원동기장치자전거,없음,주간,10/16/2012,10,수요일,909563,1502439,126.5262633,33.51001187
2012,1,1,,,,제주특별자치도,제주시,차대차,기타,기타,과속,단일로,기타단일로,승용차,원동기장치자전거,주간,10/18/2012,8,금요일,886083,1491749,126.2748628,33.41137311
2012,1,1,,,,제주특별자치도,제주시,차대사람,기타,기타,안전운전 의무 불이행,단일로,기타단일로,승용차,보행자,주간,10/26/2012,7,토요일,904245,1500700,126.4692057,33.49386786
2012,2,4,2,,,제주특별자치도,제주시,차대차,측면충돌,측면충돌,중앙선 침범,단일로,기타단일로,승용차,화물차,주간,11/12/2012,10,화요일,927635,1495236,126.7214059,33.44643289
2012,1,1,,,,제주특별자치도,제주시,차대사람,횡단중,횡단중,보행자 보호의무 위반,단일로,횡단보도상,승합차,보행자,주간,11/19/2012,9,금요일,908623,1501148,126.5162774,33.49829379
2012,1,1,,,,제주특별자치도,제주시,차대차,기타,기타,중앙선 침범,단일로,기타단일로,원동기장치자전거,승합차,주간,11/19/2012,16,금요일,905396,1499211,126.4817484,33.48054662
2012,1,1,,,,제주특별자치도,제주시,차대차,측면충돌,측면충돌,교차로 통행방법 위반,교차로,교차로내,승합차,승용차,주간,11/20/2012,12,토요일,908374,1497702,126.5139484,33.46719168
2012,1,1,,,,제주특별자치도,제주시,차대사람,기타,기타,안전운전 의무 불이행,교차로,교차로부근,승용차,보행자,야간,11/20/2012,18,토요일,938124,1504877,126.8335906,33.53404013
2012,1,1,,,,제주특별자치도,제주시,차대차,측면충돌,측면충돌,안전운전 의무 불이행,교차로,교차로부근,이륜차,화물차,주간,11/21/2012,16,일요일,911523,1502610,126.5473492,33.5117226
2012,2,2,,,,제주특별자치도,제주시,차량단독,공작물충돌,공작물충돌,안전운전 의무 불이행,교차로,교차로내,승용차,없음,야간,11/26/2012,0,금요일,913439,1498679,126.568362,33.47642798
2012,1,3,1,1,,제주특별자치도,제주시,차대사람,기타,기타,중앙선 침범,단일로,기타단일로,승용차,보행자,주간,11/26/2012,13,금요일,907351,1501291,126.5025707,33.49947394
2012,1,1,,,,제주특별자치도,제주시,차대사람,기타,기타,안전운전 의무 불이행,단일로,기타단일로,승용차,보행자,주간,11/27/2012,14,토요일,906703,1501045,126.4956189,33.49719908
2012,1,7,1,5,,제주특별자치도,제주시,차대차,측면충돌,측면충돌,교차로 통행방법 위반,교차로,교차로내,승합차,승용차,주간,12/17/2012,8,금요일,915139,1503182,126.5862248,33.51717444
2012,1,1,,,,제주특별자치도,제주시,차량단독,공작물충돌,공작물충돌,안전운전 의무 불이행,단일로,기타단일로,화물차,없음,야간,12/18/2012,3,월요일,902727,1497155,126.4532471,33.461765
2012,1,1,,,,제주특별자치도,제주시,차대사람,기타,기타,안전운전 의무 불이행,단일로,기타단일로,승용차,보행자,야간,12/31/2012,0,일요일,919978,1495538,126.6390024,33.44860651
2012,1,1,,,,제주특별자치도,제주시,차대사람,기타,기타,안전운전 의무 불이행,단일로,기타단일로,화물차,보행자,주간,1/8/2013,17,월요일,886372,1493331,126.2777661,33.42567154
2012,1,1,,,,서울특별시,강남구,차대사람,기타,기타,신호위반,단일로,기타단일로,승용차,보행자,야간,1/19/2012,5,목요일,960488,1943493,127.0530376,37.48983959
2012,1,1,,,,서울특별시,강남구,차대차,측면충돌,측면충돌,신호위반,교차로,교차로내,자전거,승용차,야간,1/22/2012,23,월요일,960300,1944678,127.0508527,37.50051332
2012,1,4,1,2,,서울특별시,강남구,차대차,기타,기타,안전운전 의무 불이행,교차로,교차로부근,원동기장치자전거,승용차,야간,2/6/2012,4,월요일,957703,1945843,127.0214053,37.5108985
2012,1,1,,,,서울특별시,강남구,차대차,추돌,진행중 추돌,중앙선 침범,단일로,기타단일로,자전거,승용차,주간,3/10/2012,6,화요일,959700,1944590,127.0440696,37.49969414
2012,1,4,1,2,,서울특별시,강남구,차대사람,차도통행중,차도통행중,안전운전 의무 불이행,단일로,기타단일로,승용차,보행자,야간,3/24/2012,1,수요일,959476,1945207,127.0415014,37.50524558
2012,1,4,2,,1,서울특별시,강남구,차대차,측면충돌,측면충돌,과속,교차로,교차로내,승용차,승용차,야간,4/7/2012,0,수요일,961566,1945196,127.0651482,37.50523585
2012,1,1,,,,서울특별시,강남구,차량단독,기타,기타,안전운전 의무 불이행,교차로,교차로내,화물차,없음,야간,12/14/2012,0,화요일,963480,1943882,127.0868684,37.49346993
2012,1,4,2,1,,서울특별시,강남구,차대차,기타,기타,안전거리 미확보,단일로,기타단일로,승용차,화물차,야간,12/17/2012,5,일요일,961939,1945022,127.0693728,37.50367935
2012,1,1,,,,서울특별시,강남구,차대사람,기타,기타,안전운전 의무 불이행,단일로,기타단일로,승합차,보행자,야간,12/29/2012,23,금요일,957579,1946250,127.019981,37.51456124
2012,1,1,,,,서울특별시,강남구,차대사람,횡단중,횡단중,안전운전 의무 불이행,단일로,기타단일로,승용차,보행자,야간,4/7/2012,2,수요일,959379,1945367,127.0403951,37.50668346
2012,1,1,,,,서울특별시,강남구,차대사람,횡단중,횡단중,안전운전 의무 불이행,단일로,기타단일로,승용차,보행자,야간,5/7/2012,4,월요일,960758,1947077,127.055906,37.522156
2012,1,1,,,,서울특별시,강남구,차대차,추돌,진행중 추돌,안전운전 의무 불이행,교차로,교차로부근,승용차,이륜차,주간,6/8/2012,6,일요일,961767,1944716,127.0674472,37.50091777
2012,1,1,,,,서울특별시,강남구,차대차,측면충돌,측면충돌,안전거리 미확보,단일로,기타단일로,이륜차,이륜차,주간,6/21/2012,11,화요일,961597,1945048,127.0655111,37.50390317
2012,1,1,,,,서울특별시,강남구,차대사람,기타,기타,안전운전 의무 불이행,단일로,기타단일로,승합차,보행자,주간,6/25/2012,17,토요일,958722,1943119,127.0330879,37.48639224
2012,1,1,,,,서울특별시,강남구,차대사람,횡단중,횡단중,신호위반,단일로,횡단보도상,승용차,보행자,야간,7/11/2012,23,월요일,961630,1943385,127.0659667,37.48891522
2012,1,1,,,,서울특별시,강남구,차대사람,길가장자리구역통행중,길가장자리구역통행중,안전운전 의무 불이행,단일로,기타단일로,승용차,보행자,야간,7/26/2012,21,목요일,961313,1942162,127.0624453,37.47787857
2012,1,1,,,,서울특별시,강남구,차대사람,차도통행중,차도통행중,안전운전 의무 불이행,단일로,기타단일로,승합차,보행자,야간,8/4/2012,22,토요일,958169,1944633,127.0267468,37.50001179
2012,1,1,,,,서울특별시,강남구,차량단독,공작물충돌,공작물충돌,안전운전 의무 불이행,단일로,기타단일로,원동기장치자전거,없음,주간,8/6/2012,12,월요일,964247,1940735,127.0957022,37.46513727
2012,1,1,,,,서울특별시,강남구,차대사람,횡단중,횡단중,안전운전 의무 불이행,단일로,기타단일로,승합차,보행자,야간,8/11/2012,23,토요일,958175,1944600,127.0268211,37.49971825
2012,1,1,,,,서울특별시,강남구,차대사람,횡단중,횡단중,안전운전 의무 불이행,단일로,기타단일로,승용차,보행자,야간,8/21/2012,21,금요일,958475,1946889,127.0300812,37.52036152
2012,1,1,,,,서울특별시,강남구,차대사람,횡단중,횡단중,안전운전 의무 불이행,단일로,횡단보도상,승용차,보행자,야간,9/12/2012,22,토요일,962332,1943373,127.073908,37.48883597